[17.09.2026 14:03:25] DEBUG · urllib3.connectionpool Starting new HTTPS connection (1): api.github.com:443
[17.09.2026 14:03:25] DEBUG · urllib3.connectionpool https://api.github.com:443 "GET /repos/alleexxeeyy/funpay-universal/releases HTTP/1.1" 200 5955
[17.09.2026 14:03:25] INFO · universal.updater    У вас установлена последняя версия: 1.18.2
[17.09.2026 14:03:25] INFO · universal            
[17.09.2026 14:03:25] DEBUG · urllib3.connectionpool Starting new HTTPS connection (1): funpay.com:443
[17.09.2026 14:03:26] DEBUG · urllib3.connectionpool https://funpay.com:443 "GET / HTTP/1.1" 200 None
[17.09.2026 14:03:27] INFO · universal            FunPay аккаунт успешно авторизован.
[17.09.2026 14:03:27] DEBUG · urllib3.connectionpool Starting new HTTPS connection (1): funpay.com:443
[17.09.2026 14:03:28] DEBUG · urllib3.connectionpool https://funpay.com:443 "GET / HTTP/1.1" 200 None
[17.09.2026 14:03:29] DEBUG · urllib3.connectionpool https://funpay.com:443 "GET /users/10794022/ HTTP/1.1" 200 None
[17.09.2026 14:03:30] DEBUG · urllib3.connectionpool Starting new HTTPS connection (1): api.telegram.org:443
[17.09.2026 14:03:30] DEBUG · urllib3.connectionpool https://api.telegram.org:443 "GET /bot8756373718:AAF7UShfdcPoSa4xL_OhGoEeELgqwJzepak/getMe HTTP/1.1" 200 416
[17.09.2026 14:03:30] INFO · universal            Telegram бот успешно работает.
[17.09.2026 14:03:30] INFO · universal            
[17.09.2026 14:03:30] DEBUG · asyncio              Using proactor: IocpProactor
[17.09.2026 14:03:30] INFO · universal.modules    Подключен 1 модуль: Apple TopUp 1.0.0
[17.09.2026 14:03:31] DEBUG · asyncio              Using proactor: IocpProactor
[17.09.2026 14:03:31] DEBUG · urllib3.connectionpool Starting new HTTPS connection (1): funpay.com:443
[17.09.2026 14:03:31] DEBUG · urllib3.connectionpool https://funpay.com:443 "GET / HTTP/1.1" 200 None
[17.09.2026 14:03:32] INFO · universal.telegram   
[17.09.2026 14:03:32] INFO · universal.telegram   Telegram бот @panel_funpay_bot запущен и активен
[17.09.2026 14:03:32] INFO · universal.funpay     
[17.09.2026 14:03:32] INFO · universal.funpay     FunPay бот запущен и активен
[17.09.2026 14:03:32] INFO · universal.funpay     
[17.09.2026 14:03:32] INFO · universal.funpay     ───────────────────────────────────────
[17.09.2026 14:03:32] INFO · universal.funpay     Информация об аккаунте:
[17.09.2026 14:03:32] INFO · universal.funpay      · ID: 10794022
[17.09.2026 14:03:32] INFO · universal.funpay      · Никнейм: Slavikbebryan
[17.09.2026 14:03:32] INFO · universal.funpay      · Баланс: 9072 RUB
[17.09.2026 14:03:32] INFO · universal.funpay      · Активные продажи: 4
[17.09.2026 14:03:32] INFO · universal.funpay      · Активные покупки: 0
[17.09.2026 14:03:32] INFO · universal.funpay     ───────────────────────────────────────
[17.09.2026 14:03:32] DEBUG · asyncio              Using proactor: IocpProactor
[17.09.2026 14:03:32] DEBUG · urllib3.connectionpool Starting new HTTPS connection (2): funpay.com:443
[17.09.2026 14:03:32] DEBUG · urllib3.connectionpool Starting new HTTPS connection (3): funpay.com:443
[17.09.2026 14:03:32] DEBUG · urllib3.connectionpool Starting new HTTPS connection (1): support.funpay.com:443
[17.09.2026 14:03:33] DEBUG · urllib3.connectionpool Starting new HTTPS connection (4): funpay.com:443
[17.09.2026 14:03:33] DEBUG · urllib3.connectionpool https://funpay.com:443 "GET /users/10794022/ HTTP/1.1" 200 None
[17.09.2026 14:03:33] DEBUG · urllib3.connectionpool https://support.funpay.com:443 "GET / HTTP/1.1" 302 None
[17.09.2026 14:03:33] DEBUG · urllib3.connectionpool Starting new HTTPS connection (1): funpay.com:443
[17.09.2026 14:03:33] DEBUG · urllib3.connectionpool https://funpay.com:443 "POST /runner/ HTTP/1.1" 200 None
[17.09.2026 14:03:33] DEBUG · urllib3.connectionpool https://funpay.com:443 "GET / HTTP/1.1" 200 None
[17.09.2026 14:03:33] DEBUG · urllib3.connectionpool https://funpay.com:443 "GET /users/10794022/ HTTP/1.1" 200 None
[17.09.2026 14:03:34] DEBUG · urllib3.connectionpool https://funpay.com:443 "GET /support/sso?return_to=%2F HTTP/1.1" 302 None
[17.09.2026 14:03:34] DEBUG · urllib3.connectionpool https://funpay.com:443 "GET /orders/trade HTTP/1.1" 200 None
[17.09.2026 14:03:34] DEBUG · urllib3.connectionpool Starting new HTTPS connection (1): support.funpay.com:443
[17.09.2026 14:03:34] INFO · modules.apple_topup  🍎 Apple TopUp: незавершённых заказов для восстановления нет
[17.09.2026 14:03:34] DEBUG · asyncio              Using proactor: IocpProactor
[17.09.2026 14:03:34] DEBUG · urllib3.connectionpool https://funpay.com:443 "POST /lots/raise HTTP/1.1" 200 None
[17.09.2026 14:03:34] DEBUG · FunPayAPI.account    Ответ FunPay (поднятие категорий): {'error': True, 'msg': 'Подождите 16 минут.', 'wait': 956, 'unlock_at': '2026-09-17T11:19:30Z'}.
[17.09.2026 14:03:34] WARNING · universal.funpay     Категорию «Прочее» можно будет поднять через 956 сек.
[17.09.2026 14:03:34] DEBUG · urllib3.connectionpool https://funpay.com:443 "POST /lots/raise HTTP/1.1" 200 None
[17.09.2026 14:03:34] DEBUG · FunPayAPI.account    Ответ FunPay (поднятие категорий): {'error': True, 'msg': 'Подождите 14 минут.', 'wait': 850, 'unlock_at': '2026-09-17T11:17:44Z'}.
[17.09.2026 14:03:34] WARNING · universal.funpay     Категорию «Аккаунты» можно будет поднять через 850 сек.
[17.09.2026 14:03:34] DEBUG · urllib3.connectionpool https://funpay.com:443 "POST /lots/raise HTTP/1.1" 200 None
[17.09.2026 14:03:34] DEBUG · FunPayAPI.account    Ответ FunPay (поднятие категорий): {'error': True, 'msg': 'Подождите 16 минут.', 'wait': 961, 'unlock_at': '2026-09-17T11:19:35Z'}.
[17.09.2026 14:03:34] DEBUG · urllib3.connectionpool https://support.funpay.com:443 "GET /access/jwt?jwt=eyJ0eXAiOiJKV1QiLCJhbGciOiJIUzI1NiJ9.eyJpYXQiOjE3ODk2NDMwMTMsImp0aSI6IjZhYWJjOTA1YzZiZDYiLCJleHRlcm5hbF9pZCI6IjEwNzk0MDIyIiwiZW1haWwiOiJ0b3BtYW50aGVAZ21haWwuY29tIiwibmFtZSI6IlNsYXZpa2JlYnJ5YW4iLCJsb2NhbGUiOiJydSIsImF2YXRhciI6Ilwvc1wvYXZhdGFyXC9sd1wvdGJcL2x3dGJpeXdjNm5nOWM5bjZpYzUzLmpwZyIsInJldmlld19jb3VudCI6MzI0fQ.U2L-gEOB5QetGuXc4e-20cvHeCVQvVNUJe9jRfck7hg&return_to=%2F HTTP/1.1" 302 None
[17.09.2026 14:03:34] WARNING · universal.funpay     Категорию «Промокоды» можно будет поднять через 961 сек.
[17.09.2026 14:03:34] DEBUG · urllib3.connectionpool Starting new HTTPS connection (1): support.funpay.com:443
[17.09.2026 14:03:35] DEBUG · urllib3.connectionpool https://funpay.com:443 "POST /lots/raise HTTP/1.1" 200 None
[17.09.2026 14:03:35] DEBUG · FunPayAPI.account    Ответ FunPay (поднятие категорий): {'error': True, 'msg': 'Подождите 16 минут.', 'wait': 960, 'unlock_at': '2026-09-17T11:19:35Z'}.
[17.09.2026 14:03:35] WARNING · universal.funpay     Категорию «Прочее» можно будет поднять через 960 сек.
[17.09.2026 14:03:35] DEBUG · urllib3.connectionpool https://funpay.com:443 "POST /lots/raise HTTP/1.1" 200 None
[17.09.2026 14:03:35] DEBUG · FunPayAPI.account    Ответ FunPay (поднятие категорий): {'error': True, 'msg': 'Подождите 16 минут.', 'wait': 967, 'unlock_at': '2026-09-17T11:19:42Z'}.
[17.09.2026 14:03:35] WARNING · universal.funpay     Категорию «Прочее» можно будет поднять через 967 сек.
[17.09.2026 14:03:35] DEBUG · urllib3.connectionpool https://funpay.com:443 "POST /lots/raise HTTP/1.1" 200 None
[17.09.2026 14:03:35] DEBUG · FunPayAPI.account    Ответ FunPay (поднятие категорий): {'error': True, 'msg': 'Подождите 16 минут.', 'wait': 972, 'unlock_at': '2026-09-17T11:19:47Z'}.
[17.09.2026 14:03:35] WARNING · universal.funpay     Категорию «Услуги» можно будет поднять через 972 сек.
[17.09.2026 14:03:35] DEBUG · urllib3.connectionpool https://support.funpay.com:443 "GET / HTTP/1.1" 200 None
[17.09.2026 14:03:35] INFO · universal.funpay     Создаю тикеты в тех. поддержку на закрытие заказов...
[17.09.2026 14:03:35] DEBUG · urllib3.connectionpool https://funpay.com:443 "POST /lots/raise HTTP/1.1" 200 None
[17.09.2026 14:03:35] DEBUG · FunPayAPI.account    Ответ FunPay (поднятие категорий): {'error': True, 'msg': 'Подождите 16 минут.', 'wait': 976, 'unlock_at': '2026-09-17T11:19:51Z'}.
[17.09.2026 14:03:35] WARNING · universal.funpay     Категорию «Прочее» можно будет поднять через 976 сек.
[17.09.2026 14:03:35] DEBUG · urllib3.connectionpool https://funpay.com:443 "GET /orders/trade HTTP/1.1" 200 None
[17.09.2026 14:03:35] DEBUG · urllib3.connectionpool https://funpay.com:443 "POST /lots/raise HTTP/1.1" 429 162
[17.09.2026 14:03:35] DEBUG · universal.utils      https://funpay.com/lots/raise — 429. Пробую отправить запрос снова через 5.0 сек.
[17.09.2026 14:03:36] DEBUG · urllib3.connectionpool https://funpay.com:443 "POST /orders/trade HTTP/1.1" 200 None
[17.09.2026 14:03:37] DEBUG · urllib3.connectionpool https://funpay.com:443 "POST /runner/ HTTP/1.1" 200 None
[17.09.2026 14:03:37] DEBUG · urllib3.connectionpool https://funpay.com:443 "POST /orders/trade HTTP/1.1" 200 None
[18.09.2026 19:23:27] DEBUG · urllib3.connectionpool Starting new HTTPS connection (1): api.github.com:443
[18.09.2026 19:23:28] DEBUG · urllib3.connectionpool https://api.github.com:443 "GET /repos/alleexxeeyy/funpay-universal/releases HTTP/1.1" 200 None
[18.09.2026 19:23:28] INFO · universal.updater    У вас установлена последняя версия: 1.18.2
[18.09.2026 19:23:28] INFO · universal            
[18.09.2026 19:23:28] DEBUG · urllib3.connectionpool Starting new HTTPS connection (1): funpay.com:443
[18.09.2026 19:23:28] DEBUG · urllib3.connectionpool https://funpay.com:443 "GET / HTTP/1.1" 200 None
[18.09.2026 19:23:29] INFO · universal            FunPay аккаунт успешно авторизован.
[18.09.2026 19:23:29] DEBUG · urllib3.connectionpool Starting new HTTPS connection (1): funpay.com:443
[18.09.2026 19:23:30] DEBUG · urllib3.connectionpool https://funpay.com:443 "GET / HTTP/1.1" 200 None
[18.09.2026 19:23:31] DEBUG · urllib3.connectionpool https://funpay.com:443 "GET /users/10794022/ HTTP/1.1" 200 None
[18.09.2026 19:23:31] DEBUG · urllib3.connectionpool Starting new HTTPS connection (1): api.telegram.org:443
[18.09.2026 19:23:32] DEBUG · urllib3.connectionpool https://api.telegram.org:443 "GET /bot8756373718:AAF7UShfdcPoSa4xL_OhGoEeELgqwJzepak/getMe HTTP/1.1" 200 416
[18.09.2026 19:23:32] INFO · universal            Telegram бот успешно работает.
[18.09.2026 19:23:32] INFO · universal            
[18.09.2026 19:23:32] DEBUG · asyncio              Using proactor: IocpProactor
[18.09.2026 19:23:32] INFO · universal.modules    Подключен 1 модуль: Apple TopUp 1.0.0
[18.09.2026 19:23:32] DEBUG · asyncio              Using proactor: IocpProactor
[18.09.2026 19:23:32] DEBUG · urllib3.connectionpool Starting new HTTPS connection (1): funpay.com:443
[18.09.2026 19:23:32] DEBUG · urllib3.connectionpool https://funpay.com:443 "GET / HTTP/1.1" 200 None
[18.09.2026 19:23:33] INFO · universal.telegram   
[18.09.2026 19:23:33] INFO · universal.telegram   Telegram бот @panel_funpay_bot запущен и активен
[18.09.2026 19:23:33] INFO · universal.funpay     
[18.09.2026 19:23:33] INFO · universal.funpay     FunPay бот запущен и активен
[18.09.2026 19:23:33] INFO · universal.funpay     
[18.09.2026 19:23:33] INFO · universal.funpay     ───────────────────────────────────────
[18.09.2026 19:23:33] INFO · universal.funpay     Информация об аккаунте:
[18.09.2026 19:23:33] INFO · universal.funpay      · ID: 10794022
[18.09.2026 19:23:33] INFO · universal.funpay      · Никнейм: Slavikbebryan
[18.09.2026 19:23:33] INFO · universal.funpay      · Баланс: 9847 RUB
[18.09.2026 19:23:33] INFO · universal.funpay      · Активные продажи: 2
[18.09.2026 19:23:33] INFO · universal.funpay      · Активные покупки: 0
[18.09.2026 19:23:33] INFO · universal.funpay     ───────────────────────────────────────
[18.09.2026 19:23:33] DEBUG · asyncio              Using proactor: IocpProactor
[18.09.2026 19:23:33] DEBUG · urllib3.connectionpool Starting new HTTPS connection (2): funpay.com:443
[18.09.2026 19:23:33] DEBUG · urllib3.connectionpool Starting new HTTPS connection (3): funpay.com:443
[18.09.2026 19:23:33] DEBUG · urllib3.connectionpool Starting new HTTPS connection (1): support.funpay.com:443
[18.09.2026 19:23:33] DEBUG · urllib3.connectionpool Starting new HTTPS connection (4): funpay.com:443
[18.09.2026 19:23:33] DEBUG · urllib3.connectionpool https://funpay.com:443 "GET / HTTP/1.1" 200 None
[18.09.2026 19:23:34] DEBUG · urllib3.connectionpool https://funpay.com:443 "POST /runner/ HTTP/1.1" 200 None
[18.09.2026 19:23:34] DEBUG · urllib3.connectionpool https://funpay.com:443 "GET /users/10794022/ HTTP/1.1" 200 None
[18.09.2026 19:23:34] DEBUG · urllib3.connectionpool https://support.funpay.com:443 "GET / HTTP/1.1" 302 None
[18.09.2026 19:23:34] DEBUG · urllib3.connectionpool Starting new HTTPS connection (1): funpay.com:443
[18.09.2026 19:23:34] DEBUG · urllib3.connectionpool https://funpay.com:443 "POST /lots/raise HTTP/1.1" 200 None
[18.09.2026 19:23:34] DEBUG · FunPayAPI.account    Ответ FunPay (поднятие категорий): {'error': True, 'msg': 'Подождите 3 часа.', 'wait': 10575, 'unlock_at': '2026-09-18T19:19:51Z'}.
[18.09.2026 19:23:34] WARNING · universal.funpay     Категорию «Прочее» можно будет поднять через 10575 сек.
[18.09.2026 19:23:34] DEBUG · urllib3.connectionpool https://funpay.com:443 "GET /users/10794022/ HTTP/1.1" 200 None
[18.09.2026 19:23:34] DEBUG · urllib3.connectionpool https://funpay.com:443 "GET /orders/trade HTTP/1.1" 200 None
[18.09.2026 19:23:34] DEBUG · urllib3.connectionpool https://funpay.com:443 "POST /lots/raise HTTP/1.1" 200 None
[18.09.2026 19:23:34] DEBUG · FunPayAPI.account    Ответ FunPay (поднятие категорий): {'error': True, 'msg': 'Подождите 2 часа.', 'wait': 8116, 'unlock_at': '2026-09-18T18:38:52Z'}.
[18.09.2026 19:23:34] WARNING · universal.funpay     Категорию «Аккаунты» можно будет поднять через 8116 сек.
[18.09.2026 19:23:34] DEBUG · urllib3.connectionpool https://funpay.com:443 "POST /lots/raise HTTP/1.1" 200 None
[18.09.2026 19:23:34] DEBUG · FunPayAPI.account    Ответ FunPay (поднятие категорий): {'error': True, 'msg': 'Подождите 3 часа.', 'wait': 10580, 'unlock_at': '2026-09-18T19:19:56Z'}.
[18.09.2026 19:23:34] WARNING · universal.funpay     Категорию «Промокоды» можно будет поднять через 10580 сек.
[18.09.2026 19:23:34] DEBUG · urllib3.connectionpool https://funpay.com:443 "GET /support/sso?return_to=%2F HTTP/1.1" 302 None
[18.09.2026 19:23:34] DEBUG · urllib3.connectionpool https://funpay.com:443 "POST /lots/raise HTTP/1.1" 200 None
[18.09.2026 19:23:34] DEBUG · FunPayAPI.account    Ответ FunPay (поднятие категорий): {'error': True, 'msg': 'Подождите 3 часа.', 'wait': 10580, 'unlock_at': '2026-09-18T19:19:56Z'}.
[18.09.2026 19:23:34] WARNING · universal.funpay     Категорию «Прочее» можно будет поднять через 10580 сек.
[18.09.2026 19:23:34] DEBUG · urllib3.connectionpool Starting new HTTPS connection (1): support.funpay.com:443
[18.09.2026 19:23:34] INFO · modules.apple_topup  🍎 Apple TopUp: незавершённых заказов для восстановления нет
[18.09.2026 19:23:34] DEBUG · asyncio              Using proactor: IocpProactor
[18.09.2026 19:23:34] DEBUG · urllib3.connectionpool https://funpay.com:443 "POST /lots/raise HTTP/1.1" 200 None
[18.09.2026 19:23:34] DEBUG · FunPayAPI.account    Ответ FunPay (поднятие категорий): {'error': True, 'msg': 'Подождите 3 часа.', 'wait': 10584, 'unlock_at': '2026-09-18T19:20:00Z'}.
[18.09.2026 19:23:34] WARNING · universal.funpay     Категорию «Прочее» можно будет поднять через 10584 сек.
[18.09.2026 19:23:35] DEBUG · urllib3.connectionpool https://funpay.com:443 "POST /lots/raise HTTP/1.1" 200 None
[18.09.2026 19:23:35] DEBUG · FunPayAPI.account    Ответ FunPay (поднятие категорий): {'error': True, 'msg': 'Подождите 3 часа.', 'wait': 10588, 'unlock_at': '2026-09-18T19:20:04Z'}.
[18.09.2026 19:23:35] WARNING · universal.funpay     Категорию «Услуги» можно будет поднять через 10588 сек.
[18.09.2026 19:23:35] DEBUG · urllib3.connectionpool https://funpay.com:443 "POST /lots/raise HTTP/1.1" 200 None
[18.09.2026 19:23:35] DEBUG · FunPayAPI.account    Ответ FunPay (поднятие категорий): {'error': True, 'msg': 'Подождите 3 часа.', 'wait': 10596, 'unlock_at': '2026-09-18T19:20:12Z'}.
[18.09.2026 19:23:35] WARNING · universal.funpay     Категорию «Прочее» можно будет поднять через 10596 сек.
[18.09.2026 19:23:35] DEBUG · urllib3.connectionpool https://funpay.com:443 "POST /lots/raise HTTP/1.1" 429 162
[18.09.2026 19:23:35] DEBUG · universal.utils      https://funpay.com/lots/raise — 429. Пробую отправить запрос снова через 5.0 сек.
[18.09.2026 19:23:35] DEBUG · urllib3.connectionpool https://support.funpay.com:443 "GET /access/jwt?jwt=eyJ0eXAiOiJKV1QiLCJhbGciOiJIUzI1NiJ9.eyJpYXQiOjE3ODk3NDg2MTYsImp0aSI6IjZhYWQ2NTg4NTdhZTciLCJleHRlcm5hbF9pZCI6IjEwNzk0MDIyIiwiZW1haWwiOiJ0b3BtYW50aGVAZ21haWwuY29tIiwibmFtZSI6IlNsYXZpa2JlYnJ5YW4iLCJsb2NhbGUiOiJydSIsImF2YXRhciI6Ilwvc1wvYXZhdGFyXC9sd1wvdGJcL2x3dGJpeXdjNm5nOWM5bjZpYzUzLmpwZyIsInJldmlld19jb3VudCI6MzI5fQ.Sp-sBzANZlhsr0Pyr-8e1TBuZQIl-u0I6Ass5xlxSEk&return_to=%2F HTTP/1.1" 302 None
[18.09.2026 19:23:35] DEBUG · urllib3.connectionpool Starting new HTTPS connection (1): support.funpay.com:443
[18.09.2026 19:23:36] DEBUG · urllib3.connectionpool https://support.funpay.com:443 "GET / HTTP/1.1" 200 None
[18.09.2026 19:23:36] INFO · universal.funpay     Создаю тикеты в тех. поддержку на закрытие заказов...
[18.09.2026 19:23:36] DEBUG · urllib3.connectionpool https://funpay.com:443 "GET /orders/trade HTTP/1.1" 200 None
[18.09.2026 19:23:37] DEBUG · urllib3.connectionpool https://funpay.com:443 "POST /orders/trade HTTP/1.1" 200 None
[18.09.2026 19:23:37] DEBUG · urllib3.connectionpool https://funpay.com:443 "POST /runner/ HTTP/1.1" 200 None
[18.09.2026 19:23:38] DEBUG · urllib3.connectionpool https://funpay.com:443 "POST /orders/trade HTTP/1.1" 200 None
[18.09.2026 19:23:39] DEBUG · urllib3.connectionpool https://funpay.com:443 "POST /orders/trade HTTP/1.1" 200 None
[18.09.2026 19:23:40] DEBUG · urllib3.connectionpool https://funpay.com:443 "POST /orders/trade HTTP/1.1" 200 None
[18.09.2026 23:44:16] DEBUG · urllib3.connectionpool Starting new HTTPS connection (1): api.github.com:443
[18.09.2026 23:44:17] DEBUG · urllib3.connectionpool https://api.github.com:443 "GET /repos/alleexxeeyy/funpay-universal/releases HTTP/1.1" 200 5955
[18.09.2026 23:44:17] INFO · universal.updater    У вас установлена последняя версия: 1.18.2
[18.09.2026 23:44:17] INFO · universal            
[18.09.2026 23:44:17] DEBUG · urllib3.connectionpool Starting new HTTPS connection (1): funpay.com:443
[18.09.2026 23:44:18] DEBUG · urllib3.connectionpool https://funpay.com:443 "GET / HTTP/1.1" 200 None
[18.09.2026 23:44:19] INFO · universal            FunPay аккаунт успешно авторизован.
[18.09.2026 23:44:19] DEBUG · urllib3.connectionpool Starting new HTTPS connection (1): funpay.com:443
[18.09.2026 23:44:19] DEBUG · urllib3.connectionpool https://funpay.com:443 "GET / HTTP/1.1" 200 None
[18.09.2026 23:44:20] DEBUG · urllib3.connectionpool https://funpay.com:443 "GET /users/10794022/ HTTP/1.1" 200 None
[18.09.2026 23:44:21] DEBUG · urllib3.connectionpool Starting new HTTPS connection (1): api.telegram.org:443
[18.09.2026 23:44:21] DEBUG · urllib3.connectionpool https://api.telegram.org:443 "GET /bot8756373718:AAF7UShfdcPoSa4xL_OhGoEeELgqwJzepak/getMe HTTP/1.1" 200 416
[18.09.2026 23:44:21] INFO · universal            Telegram бот успешно работает.
[18.09.2026 23:44:21] INFO · universal            
[18.09.2026 23:44:21] DEBUG · asyncio              Using proactor: IocpProactor
[18.09.2026 23:44:21] INFO · universal.modules    Подключен 1 модуль: Apple TopUp 1.0.0
[18.09.2026 23:44:21] DEBUG · asyncio              Using proactor: IocpProactor
[18.09.2026 23:44:22] DEBUG · urllib3.connectionpool Starting new HTTPS connection (1): funpay.com:443
[18.09.2026 23:44:22] DEBUG · urllib3.connectionpool https://funpay.com:443 "GET / HTTP/1.1" 200 None
[18.09.2026 23:44:22] INFO · universal.telegram   
[18.09.2026 23:44:22] INFO · universal.telegram   Telegram бот @panel_funpay_bot запущен и активен
[18.09.2026 23:44:23] INFO · universal.funpay     
[18.09.2026 23:44:23] INFO · universal.funpay     FunPay бот запущен и активен
[18.09.2026 23:44:23] INFO · universal.funpay     
[18.09.2026 23:44:23] INFO · universal.funpay     ───────────────────────────────────────
[18.09.2026 23:44:23] INFO · universal.funpay     Информация об аккаунте:
[18.09.2026 23:44:23] INFO · universal.funpay      · ID: 10794022
[18.09.2026 23:44:23] INFO · universal.funpay      · Никнейм: Slavikbebryan
[18.09.2026 23:44:23] INFO · universal.funpay      · Баланс: 9847 RUB
[18.09.2026 23:44:23] INFO · universal.funpay      · Активные продажи: 5
[18.09.2026 23:44:23] INFO · universal.funpay      · Активные покупки: 0
[18.09.2026 23:44:23] INFO · universal.funpay     ───────────────────────────────────────
[18.09.2026 23:44:23] DEBUG · asyncio              Using proactor: IocpProactor
[18.09.2026 23:44:23] DEBUG · urllib3.connectionpool Starting new HTTPS connection (2): funpay.com:443
[18.09.2026 23:44:23] DEBUG · urllib3.connectionpool Starting new HTTPS connection (3): funpay.com:443
[18.09.2026 23:44:23] DEBUG · urllib3.connectionpool Starting new HTTPS connection (4): funpay.com:443
[18.09.2026 23:44:23] DEBUG · urllib3.connectionpool https://funpay.com:443 "GET / HTTP/1.1" 200 None
[18.09.2026 23:44:24] DEBUG · urllib3.connectionpool https://funpay.com:443 "GET /users/10794022/ HTTP/1.1" 200 None
[18.09.2026 23:44:24] DEBUG · urllib3.connectionpool https://funpay.com:443 "GET /users/10794022/ HTTP/1.1" 200 None
[18.09.2026 23:44:24] DEBUG · urllib3.connectionpool https://funpay.com:443 "POST /runner/ HTTP/1.1" 200 None
[18.09.2026 23:44:24] DEBUG · urllib3.connectionpool https://funpay.com:443 "POST /lots/raise HTTP/1.1" 200 None
[18.09.2026 23:44:24] DEBUG · FunPayAPI.account    Ответ FunPay (поднятие категорий): {'error': True, 'msg': 'Подождите 3 часа.', 'wait': 9327, 'unlock_at': '2026-09-18T23:19:53Z'}.
[18.09.2026 23:44:24] WARNING · universal.funpay     Категорию «Прочее» можно будет поднять через 9327 сек.
[18.09.2026 23:44:24] INFO · modules.apple_topup  🍎 Apple TopUp: незавершённых заказов для восстановления нет
[18.09.2026 23:44:24] DEBUG · asyncio              Using proactor: IocpProactor
[18.09.2026 23:44:24] DEBUG · urllib3.connectionpool https://funpay.com:443 "GET /orders/trade HTTP/1.1" 200 None
[18.09.2026 23:44:24] DEBUG · urllib3.connectionpool https://funpay.com:443 "POST /lots/raise HTTP/1.1" 200 None
[18.09.2026 23:44:24] DEBUG · FunPayAPI.account    Ответ FunPay (поднятие категорий): {'error': True, 'msg': 'Подождите 47 минут.', 'wait': 2790, 'unlock_at': '2026-09-18T21:30:56Z'}.
[18.09.2026 23:44:24] WARNING · universal.funpay     Категорию «Аккаунты» можно будет поднять через 2790 сек.
[18.09.2026 23:44:24] DEBUG · urllib3.connectionpool https://funpay.com:443 "POST /lots/raise HTTP/1.1" 200 None
[18.09.2026 23:44:24] DEBUG · FunPayAPI.account    Ответ FunPay (поднятие категорий): {'error': True, 'msg': 'Подождите 3 часа.', 'wait': 9331, 'unlock_at': '2026-09-18T23:19:57Z'}.
[18.09.2026 23:44:24] WARNING · universal.funpay     Категорию «Промокоды» можно будет поднять через 9331 сек.
[18.09.2026 23:44:24] DEBUG · urllib3.connectionpool https://funpay.com:443 "POST /lots/raise HTTP/1.1" 200 None
[18.09.2026 23:44:24] DEBUG · FunPayAPI.account    Ответ FunPay (поднятие категорий): {'error': True, 'msg': 'Подождите 3 часа.', 'wait': 9330, 'unlock_at': '2026-09-18T23:19:57Z'}.
[18.09.2026 23:44:24] WARNING · universal.funpay     Категорию «Прочее» можно будет поднять через 9330 сек.
[18.09.2026 23:44:25] DEBUG · urllib3.connectionpool https://funpay.com:443 "POST /lots/raise HTTP/1.1" 200 None
[18.09.2026 23:44:25] DEBUG · FunPayAPI.account    Ответ FunPay (поднятие категорий): {'error': True, 'msg': 'Подождите 3 часа.', 'wait': 9334, 'unlock_at': '2026-09-18T23:20:01Z'}.
[18.09.2026 23:44:25] WARNING · universal.funpay     Категорию «Прочее» можно будет поднять через 9334 сек.
[18.09.2026 23:44:25] DEBUG · urllib3.connectionpool https://funpay.com:443 "POST /lots/raise HTTP/1.1" 200 None
[18.09.2026 23:44:25] DEBUG · FunPayAPI.account    Ответ FunPay (поднятие категорий): {'error': True, 'msg': 'Подождите 3 часа.', 'wait': 9338, 'unlock_at': '2026-09-18T23:20:05Z'}.
[18.09.2026 23:44:25] WARNING · universal.funpay     Категорию «Услуги» можно будет поднять через 9338 сек.
[18.09.2026 23:44:25] DEBUG · urllib3.connectionpool https://funpay.com:443 "POST /lots/raise HTTP/1.1" 200 None
[18.09.2026 23:44:25] DEBUG · FunPayAPI.account    Ответ FunPay (поднятие категорий): {'error': True, 'msg': 'Подождите 3 часа.', 'wait': 9346, 'unlock_at': '2026-09-18T23:20:13Z'}.
[18.09.2026 23:44:25] WARNING · universal.funpay     Категорию «Прочее» можно будет поднять через 9346 сек.
[18.09.2026 23:44:25] DEBUG · urllib3.connectionpool https://funpay.com:443 "POST /lots/raise HTTP/1.1" 200 None
[18.09.2026 23:44:25] DEBUG · FunPayAPI.account    Ответ FunPay (поднятие категорий): {'error': True, 'msg': 'Подождите 20 минут.', 'wait': 1212, 'unlock_at': '2026-09-18T21:04:39Z'}.
[18.09.2026 23:44:25] WARNING · universal.funpay     Категорию «Аккаунты» можно будет поднять через 1212 сек.
[18.09.2026 23:44:25] DEBUG · urllib3.connectionpool https://funpay.com:443 "POST /lots/raise HTTP/1.1" 200 None
[18.09.2026 23:44:25] DEBUG · FunPayAPI.account    Ответ FunPay (поднятие категорий): {'error': True, 'msg': 'Подождите 14 минут.', 'wait': 821, 'unlock_at': '2026-09-18T20:58:08Z'}.
[18.09.2026 23:44:25] WARNING · universal.funpay     Категорию «Гайды» можно будет поднять через 821 сек.
[18.09.2026 23:44:26] DEBUG · urllib3.connectionpool https://funpay.com:443 "POST /lots/raise HTTP/1.1" 200 None
[18.09.2026 23:44:26] DEBUG · FunPayAPI.account    Ответ FunPay (поднятие категорий): {'error': True, 'msg': 'Подождите 14 минут.', 'wait': 820, 'unlock_at': '2026-09-18T20:58:08Z'}.
[18.09.2026 23:44:26] WARNING · universal.funpay     Категорию «Конфиги» можно будет поднять через 820 сек.
[18.09.2026 23:44:26] DEBUG · urllib3.connectionpool https://funpay.com:443 "POST /lots/raise HTTP/1.1" 200 None
[18.09.2026 23:44:26] DEBUG · FunPayAPI.account    Ответ FunPay (поднятие категорий): {'error': True, 'msg': 'Подождите 14 минут.', 'wait': 820, 'unlock_at': '2026-09-18T20:58:08Z'}.
[18.09.2026 23:44:26] WARNING · universal.funpay     Категорию «Ресурс-паки» можно будет поднять через 820 сек.
[18.09.2026 23:44:26] DEBUG · urllib3.connectionpool https://funpay.com:443 "POST /lots/raise HTTP/1.1" 429 162
[18.09.2026 23:44:26] DEBUG · universal.utils      https://funpay.com/lots/raise — 429. Пробую отправить запрос снова через 5.0 сек.
[18.09.2026 23:44:27] DEBUG · urllib3.connectionpool https://funpay.com:443 "POST /runner/ HTTP/1.1" 200 None
[18.09.2026 23:44:31] DEBUG · urllib3.connectionpool https://funpay.com:443 "POST /runner/ HTTP/1.1" 200 None
[18.09.2026 23:44:31] DEBUG · urllib3.connectionpool https://funpay.com:443 "POST /runner/ HTTP/1.1" 200 None
[18.09.2026 23:44:32] INFO · universal.funpay     Новое сообщение в чате с Minireb:
[18.09.2026 23:44:32] INFO · universal.funpay     │ Slavikbebryan:
[18.09.2026 23:44:32] INFO · universal.funpay     │ Тогда к сожалению не получится
[18.09.2026 23:44:32] INFO · universal.funpay     └────────────────────────────────
[18.09.2026 23:44:32] INFO · modules.apple_topup.storage 🍎 Apple TopUp storage: активный заказ не найден: buyer='Slavikbebryan' chat_id=288978460 file=bot_data\apple_topup_orders.json
[18.09.2026 23:44:32] INFO · modules.apple_topup  🍎 Apple TopUp DEBUG: активный заказ НЕ найден: author='Slavikbebryan' chat_id=288978460 command='тогда к сожалению не получится'
[18.09.2026 23:44:32] DEBUG · urllib3.connectionpool https://funpay.com:443 "POST /lots/raise HTTP/1.1" 200 None
[18.09.2026 23:44:32] DEBUG · FunPayAPI.account    Ответ FunPay (поднятие категорий): {'error': True, 'msg': 'Подождите 3 часа.', 'wait': 9343, 'unlock_at': '2026-09-18T23:20:17Z'}.
[18.09.2026 23:44:32] WARNING · universal.funpay     Категорию «Шаблоны» можно будет поднять через 9343 сек.
[18.09.2026 23:44:32] DEBUG · urllib3.connectionpool https://funpay.com:443 "POST /lots/raise HTTP/1.1" 200 None
[18.09.2026 23:44:32] DEBUG · FunPayAPI.account    Ответ FunPay (поднятие категорий): {'error': True, 'msg': 'Подождите час.', 'wait': 4671, 'unlock_at': '2026-09-18T22:02:25Z'}.
[18.09.2026 23:44:32] WARNING · universal.funpay     Категорию «Подписка» можно будет поднять через 4671 сек.
[18.09.2026 23:44:32] DEBUG · urllib3.connectionpool https://funpay.com:443 "POST /lots/raise HTTP/1.1" 429 162
[18.09.2026 23:44:32] DEBUG · universal.utils      https://funpay.com/lots/raise — 429. Пробую отправить запрос снова через 5.0 сек.
[18.09.2026 23:44:35] DEBUG · urllib3.connectionpool https://funpay.com:443 "POST /runner/ HTTP/1.1" 200 None
[18.09.2026 23:44:38] DEBUG · urllib3.connectionpool https://funpay.com:443 "POST /lots/raise HTTP/1.1" 200 None
[18.09.2026 23:44:38] DEBUG · FunPayAPI.account    Ответ FunPay (поднятие категорий): {'error': True, 'msg': 'Подождите 8 минут.', 'wait': 461, 'unlock_at': '2026-09-18T20:52:21Z'}.
[18.09.2026 23:44:38] WARNING · universal.funpay     Категорию «Услуги» можно будет поднять через 461 сек.
[18.09.2026 23:44:38] DEBUG · urllib3.connectionpool https://funpay.com:443 "POST /lots/raise HTTP/1.1" 200 None
[18.09.2026 23:44:38] DEBUG · FunPayAPI.account    Ответ FunPay (поднятие категорий): {'error': True, 'msg': 'Подождите 3 часа.', 'wait': 9348, 'unlock_at': '2026-09-18T23:20:28Z'}.
[18.09.2026 23:44:38] WARNING · universal.funpay     Категорию «Прочее» можно будет поднять через 9348 сек.
[18.09.2026 23:44:39] DEBUG · urllib3.connectionpool https://funpay.com:443 "POST /runner/ HTTP/1.1" 200 None
[18.09.2026 23:44:42] DEBUG · urllib3.connectionpool https://funpay.com:443 "GET /users/10794022/ HTTP/1.1" 200 None
[18.09.2026 23:44:43] DEBUG · urllib3.connectionpool https://funpay.com:443 "POST /runner/ HTTP/1.1" 200 None
[18.09.2026 23:44:46] DEBUG · urllib3.connectionpool https://funpay.com:443 "GET /users/10794022/ HTTP/1.1" 200 None
[18.09.2026 23:44:47] DEBUG · urllib3.connectionpool https://funpay.com:443 "POST /runner/ HTTP/1.1" 200 None
[18.09.2026 23:44:47] DEBUG · urllib3.connectionpool https://funpay.com:443 "GET /orders/trade HTTP/1.1" 200 None
[18.09.2026 23:44:48] DEBUG · urllib3.connectionpool https://funpay.com:443 "POST /runner/ HTTP/1.1" 200 None
[18.09.2026 23:44:48] INFO · universal.funpay     ───────────────────────────────────────
[18.09.2026 23:44:48] INFO · universal.funpay     Статус заказа #F3FMRNL2 изменился:
[18.09.2026 23:44:48] INFO · universal.funpay      · Статус: Возврат
[18.09.2026 23:44:48] INFO · universal.funpay      · Покупатель: barabanjj22
[18.09.2026 23:44:48] INFO · universal.funpay      · Товар: ⚡️💎【АВТО-ВЫДАЧА 24/7】⚡️💎【SoundCloud GO+】 ⚡️💎【1 МЕСЯЦ】⚡️💎 【ЛЮБОЙ IOS】, GO+, 1 месяц
[18.09.2026 23:44:48] INFO · universal.funpay      · Количество: 1
[18.09.2026 23:44:48] INFO · universal.funpay      · Сумма: 101.9 RUB
[18.09.2026 23:44:48] INFO · universal.funpay     ───────────────────────────────────────
[18.09.2026 23:44:48] INFO · modules.apple_topup  Apple TopUp: ORDER_STATUS_CHANGED order=F3FMRNL2 status=OrderStatuses.REFUNDED
[18.09.2026 23:44:48] INFO · universal.funpay     Новое сообщение в чате с barabanjj22:
[18.09.2026 23:44:48] INFO · universal.funpay     │ FunPay:
[18.09.2026 23:44:48] INFO · universal.funpay     │ Продавец Slavikbebryan вернул деньги покупателю barabanjj22 по заказу #F3FMRNL2.
[18.09.2026 23:44:48] INFO · universal.funpay     └──────────────────────────────────────────────────────────────────────────────────
[18.09.2026 23:44:49] DEBUG · urllib3.connectionpool https://funpay.com:443 "GET /users/10794022/ HTTP/1.1" 200 None
[18.09.2026 23:44:51] DEBUG · urllib3.connectionpool https://funpay.com:443 "POST /runner/ HTTP/1.1" 200 None
[18.09.2026 23:44:52] DEBUG · urllib3.connectionpool https://funpay.com:443 "GET /users/10794022/ HTTP/1.1" 200 None
[18.09.2026 23:44:55] DEBUG · urllib3.connectionpool https://funpay.com:443 "POST /runner/ HTTP/1.1" 200 None
[18.09.2026 23:44:55] DEBUG · urllib3.connectionpool https://funpay.com:443 "GET /users/10794022/ HTTP/1.1" 200 None
[18.09.2026 23:44:59] DEBUG · urllib3.connectionpool https://funpay.com:443 "GET /users/10794022/ HTTP/1.1" 200 None
[18.09.2026 23:44:59] DEBUG · urllib3.connectionpool https://funpay.com:443 "POST /runner/ HTTP/1.1" 200 None
[18.09.2026 23:45:02] DEBUG · urllib3.connectionpool https://funpay.com:443 "GET /users/10794022/ HTTP/1.1" 200 None
[18.09.2026 23:45:03] DEBUG · urllib3.connectionpool https://funpay.com:443 "POST /runner/ HTTP/1.1" 200 None
[18.09.2026 23:45:05] DEBUG · urllib3.connectionpool https://funpay.com:443 "GET /users/10794022/ HTTP/1.1" 200 None
[18.09.2026 23:45:07] DEBUG · urllib3.connectionpool https://funpay.com:443 "POST /runner/ HTTP/1.1" 200 None
[18.09.2026 23:45:09] DEBUG · urllib3.connectionpool https://funpay.com:443 "GET /users/10794022/ HTTP/1.1" 200 None
[18.09.2026 23:45:11] DEBUG · urllib3.connectionpool https://funpay.com:443 "POST /runner/ HTTP/1.1" 200 None
[18.09.2026 23:45:12] DEBUG · urllib3.connectionpool https://funpay.com:443 "GET /users/10794022/ HTTP/1.1" 200 None
[18.09.2026 23:45:15] DEBUG · urllib3.connectionpool https://funpay.com:443 "GET /users/10794022/ HTTP/1.1" 200 None
[18.09.2026 23:45:15] DEBUG · urllib3.connectionpool https://funpay.com:443 "POST /runner/ HTTP/1.1" 200 None
[18.09.2026 23:45:18] DEBUG · urllib3.connectionpool https://funpay.com:443 "GET /users/10794022/ HTTP/1.1" 200 None
[18.09.2026 23:45:19] DEBUG · urllib3.connectionpool https://funpay.com:443 "POST /runner/ HTTP/1.1" 200 None
[18.09.2026 23:45:19] DEBUG · urllib3.connectionpool https://funpay.com:443 "GET /orders/trade HTTP/1.1" 200 None
[18.09.2026 23:45:20] DEBUG · urllib3.connectionpool https://funpay.com:443 "POST /runner/ HTTP/1.1" 200 None
[18.09.2026 23:45:22] DEBUG · urllib3.connectionpool https://funpay.com:443 "GET /users/10794022/ HTTP/1.1" 200 None
[18.09.2026 23:45:22] INFO · universal.funpay     ───────────────────────────────────────
[18.09.2026 23:45:22] INFO · universal.funpay     Новый заказ #Y4SQ77X3:
[18.09.2026 23:45:22] INFO · universal.funpay      · Покупатель: barabanjj22
[18.09.2026 23:45:22] INFO · universal.funpay      · Товар: ⚡️💎【АВТО-ВЫДАЧА 24/7】⚡️💎【SoundCloud GO+】 ⚡️💎【1 МЕСЯЦ】⚡️💎 【ЛЮБОЙ IOS】, GO+, 1 месяц
[18.09.2026 23:45:22] INFO · universal.funpay      · Количество: 1
[18.09.2026 23:45:22] INFO · universal.funpay      · Сумма: 101.9 RUB
[18.09.2026 23:45:22] INFO · universal.funpay     ───────────────────────────────────────
[18.09.2026 23:45:23] DEBUG · urllib3.connectionpool https://funpay.com:443 "GET /users/21396664/ HTTP/1.1" 200 None
[18.09.2026 23:45:23] DEBUG · urllib3.connectionpool https://funpay.com:443 "GET /lots/3826/trade HTTP/1.1" 200 None
[18.09.2026 23:45:23] INFO · modules.apple_topup  🍎 Apple TopUp DEBUG: получен NEW_ORDER order=Y4SQ77X3 status=OrderStatuses.PAID buyer=barabanjj22
[18.09.2026 23:45:23] ERROR · modules.apple_topup  ❌ Apple TopUp: не удалось получить название лота для заказа Y4SQ77X3
[18.09.2026 23:45:23] ERROR · modules.apple_topup  ❌ Apple TopUp: лот для заказа Y4SQ77X3 не определён. Заказ не обрабатываем.
[18.09.2026 23:45:23] INFO · universal.funpay     Новое сообщение в чате с barabanjj22:
[18.09.2026 23:45:23] INFO · universal.funpay     │ FunPay:
[18.09.2026 23:45:23] INFO · universal.funpay     │ Покупатель barabanjj22 оплатил заказ #Y4SQ77X3. SoundCloud, Подписка, ⚡️💎【АВТО-
[18.09.2026 23:45:23] INFO · universal.funpay     │ ВЫДАЧА 24/7】⚡️💎【SoundCloud GO+】 ⚡️💎【1 МЕСЯЦ】⚡️💎 【ЛЮБОЙ IOS】, GO+, 1 месяц.
[18.09.2026 23:45:23] INFO · universal.funpay     │ barabanjj22, не забудьте потом нажать кнопку «Подтвердить выполнение заказа».
[18.09.2026 23:45:23] INFO · universal.funpay     └─────────────────────────────────────────────────────────────────────────────────
[18.09.2026 23:45:23] INFO · modules.apple_topup  🍎 Apple TopUp DEBUG: найден ID заказа Y4SQ77X3 в системном сообщении
[18.09.2026 23:45:23] DEBUG · urllib3.connectionpool https://funpay.com:443 "POST /api/orders/get HTTP/1.1" 200 None
[18.09.2026 23:45:23] DEBUG · urllib3.connectionpool https://funpay.com:443 "GET /lots/3826/trade HTTP/1.1" 200 None
[18.09.2026 23:45:23] INFO · modules.apple_topup  🍎 Apple TopUp: offer_id не был передан FunPay; лот определён по частичному совпадению названия: 72853562
[18.09.2026 23:45:23] INFO · modules.apple_topup  🍎 Apple TopUp: выбран лот 72853562 -> Apple TopUp 10 TRY x4, 10_try (всего 4 кодов)
[18.09.2026 23:45:23] INFO · modules.apple_topup  🍎 Apple TopUp: сценарий запущен для заказа Y4SQ77X3 (barabanjj22)
[18.09.2026 23:45:23] INFO · modules.apple_topup.storage 🍎 Apple TopUp storage: заказ сохранён: order=Y4SQ77X3 buyer='barabanjj22' chat_id='users-10794022-21396664' state=WAITING_REGION file=bot_data\apple_topup_orders.json
[18.09.2026 23:45:23] DEBUG · urllib3.connectionpool https://funpay.com:443 "POST /runner/ HTTP/1.1" 200 None
[18.09.2026 23:45:23] INFO · modules.apple_topup  🍎 Apple TopUp: приветственное сообщение отправлено для заказа Y4SQ77X3
[18.09.2026 23:45:23] INFO · universal.funpay     Новое сообщение в чате с barabanjj22:
[18.09.2026 23:45:23] INFO · universal.funpay     │ Slavikbebryan:
[18.09.2026 23:45:23] INFO · universal.funpay     │ Спасибо что выбрал меня!
[18.09.2026 23:45:23] INFO · universal.funpay     │ В течении 2-5 минут я отвечу тебе
[18.09.2026 23:45:23] INFO · universal.funpay     │ Если я не отвечаю 5-10 минут это означает что я: не у устройства с которого
[18.09.2026 23:45:23] INFO · universal.funpay     │ может ответить, спит, не имеет доступа к интернету.
[18.09.2026 23:45:23] INFO · universal.funpay     │ В этом случае не волнуйтесь, как я буду в сети, я вам обязательно отвечу❗️
[18.09.2026 23:45:23] INFO · universal.funpay     └─────────────────────────────────────────────────────────────────────────────
[18.09.2026 23:45:23] INFO · modules.apple_topup.storage 🍎 Apple TopUp storage: активный заказ не найден: buyer='Slavikbebryan' chat_id=287190642 file=bot_data\apple_topup_orders.json
[18.09.2026 23:45:23] INFO · modules.apple_topup  🍎 Apple TopUp DEBUG: активный заказ НЕ найден: author='Slavikbebryan' chat_id=287190642 command='спасибо что выбрал меня!\nв течении 2-5 минут я отвечу тебе\nесли я не отвечаю 5-10 минут это означает что я: не у устройства с которого может ответить, спит, не имеет доступа к интернету.\nв этом случае не волнуйтесь, как я буду в сети, я вам обязательно отвечу❗️'
[18.09.2026 23:45:24] DEBUG · urllib3.connectionpool https://funpay.com:443 "POST /runner/ HTTP/1.1" 200 None
[18.09.2026 23:45:24] INFO · universal.funpay     Новое сообщение в чате с barabanjj22:
[18.09.2026 23:45:24] INFO · universal.funpay     │ Slavikbebryan:
[18.09.2026 23:45:24] INFO · universal.funpay     │ Приветствую тебя в SlavikStore. Спасибо за покупку в нашем магазине.
[18.09.2026 23:45:24] INFO · universal.funpay     │
[18.09.2026 23:45:24] INFO · universal.funpay     │ Для начала вам надо сменить регион App Store на Турцию.
[18.09.2026 23:45:24] INFO · universal.funpay     │
[18.09.2026 23:45:24] INFO · universal.funpay     │ Если вы можете сменить регион, введите команду:
[18.09.2026 23:45:24] INFO · universal.funpay     │ !могу
[18.09.2026 23:45:24] INFO · universal.funpay     │
[18.09.2026 23:45:24] INFO · universal.funpay     │ Если не можете сменить, введите команду:
[18.09.2026 23:45:24] INFO · universal.funpay     │ !не могу
[18.09.2026 23:45:24] INFO · universal.funpay     │
[18.09.2026 23:45:24] INFO · universal.funpay     │ Если у вас какие-либо вопросы, вы можете вызвать продавца в чат. Для этого
[18.09.2026 23:45:24] INFO · universal.funpay     │ введите команду:
[18.09.2026 23:45:24] INFO · universal.funpay     │ !продавец
[18.09.2026 23:45:24] INFO · universal.funpay     │
[18.09.2026 23:45:24] INFO · universal.funpay     │ ©️ 𝗙𝘂𝗻𝗣𝗮𝘆 𝗨𝗻𝗶𝘃𝗲𝗿𝘀𝗮𝗹
[18.09.2026 23:45:24] INFO · universal.funpay     └────────────────────────────────────────────────────────────────────────────
[18.09.2026 23:45:24] INFO · modules.apple_topup.storage 🍎 Apple TopUp storage: активный заказ не найден: buyer='Slavikbebryan' chat_id=287190642 file=bot_data\apple_topup_orders.json
[18.09.2026 23:45:24] INFO · modules.apple_topup  🍎 Apple TopUp DEBUG: активный заказ НЕ найден: author='Slavikbebryan' chat_id=287190642 command='приветствую тебя в slavikstore. спасибо за покупку в нашем магазине.\n\nдля начала вам надо сменить регион app store на турцию.\n\nесли вы можете сменить регион, введите команду:\n!могу\n\nесли не можете сменить, введите команду:\n!не могу\n\nесли у вас какие-либо вопросы, вы можете вызвать продавца в чат. для этого введите команду:\n!продавец\n\n©️ 𝗙𝘂𝗻𝗣𝗮𝘆 𝗨𝗻𝗶𝘃𝗲𝗿𝘀𝗮𝗹'
[18.09.2026 23:45:24] INFO · universal.funpay     Новое сообщение в чате с barabanjj22:
[18.09.2026 23:45:24] INFO · universal.funpay     │ Slavikbebryan:
[18.09.2026 23:45:24] INFO · universal.funpay     │ Приветствую тебя в SlavikStore. Спасибо за покупку в нашем магазине.
[18.09.2026 23:45:24] INFO · universal.funpay     │
[18.09.2026 23:45:24] INFO · universal.funpay     │ Для начала вам надо сменить регион App Store на Турцию.
[18.09.2026 23:45:24] INFO · universal.funpay     │
[18.09.2026 23:45:24] INFO · universal.funpay     │ Если вы можете сменить регион, введите команду:
[18.09.2026 23:45:24] INFO · universal.funpay     │ !могу
[18.09.2026 23:45:24] INFO · universal.funpay     │
[18.09.2026 23:45:24] INFO · universal.funpay     │ Если не можете сменить, введите команду:
[18.09.2026 23:45:24] INFO · universal.funpay     │ !не могу
[18.09.2026 23:45:24] INFO · universal.funpay     │
[18.09.2026 23:45:24] INFO · universal.funpay     │ Если у вас какие-либо вопросы, вы можете вызвать продавца в чат. Для этого
[18.09.2026 23:45:24] INFO · universal.funpay     │ введите команду:
[18.09.2026 23:45:24] INFO · universal.funpay     │ !продавец
[18.09.2026 23:45:24] INFO · universal.funpay     │
[18.09.2026 23:45:24] INFO · universal.funpay     │ ©️ 𝗙𝘂𝗻𝗣𝗮𝘆 𝗨𝗻𝗶𝘃𝗲𝗿𝘀𝗮𝗹
[18.09.2026 23:45:24] INFO · universal.funpay     └────────────────────────────────────────────────────────────────────────────
[18.09.2026 23:45:24] INFO · modules.apple_topup.storage 🍎 Apple TopUp storage: активный заказ не найден: buyer='Slavikbebryan' chat_id=287190642 file=bot_data\apple_topup_orders.json
[18.09.2026 23:45:24] INFO · modules.apple_topup  🍎 Apple TopUp DEBUG: активный заказ НЕ найден: author='Slavikbebryan' chat_id=287190642 command='приветствую тебя в slavikstore. спасибо за покупку в нашем магазине.\n\nдля начала вам надо сменить регион app store на турцию.\n\nесли вы можете сменить регион, введите команду:\n!могу\n\nесли не можете сменить, введите команду:\n!не могу\n\nесли у вас какие-либо вопросы, вы можете вызвать продавца в чат. для этого введите команду:\n!продавец\n\n©️ 𝗙𝘂𝗻𝗣𝗮𝘆 𝗨𝗻𝗶𝘃𝗲𝗿𝘀𝗮𝗹'
[18.09.2026 23:45:25] DEBUG · urllib3.connectionpool https://funpay.com:443 "GET /users/10794022/ HTTP/1.1" 200 None
[18.09.2026 23:45:28] DEBUG · urllib3.connectionpool https://funpay.com:443 "POST /runner/ HTTP/1.1" 200 None
[18.09.2026 23:45:28] DEBUG · urllib3.connectionpool https://funpay.com:443 "GET /users/10794022/ HTTP/1.1" 200 None
[18.09.2026 23:45:32] DEBUG · urllib3.connectionpool https://funpay.com:443 "GET /users/10794022/ HTTP/1.1" 200 None
[18.09.2026 23:45:32] DEBUG · urllib3.connectionpool https://funpay.com:443 "POST /runner/ HTTP/1.1" 200 None
[18.09.2026 23:45:35] DEBUG · urllib3.connectionpool https://funpay.com:443 "GET /users/10794022/ HTTP/1.1" 200 None
[18.09.2026 23:45:36] DEBUG · urllib3.connectionpool https://funpay.com:443 "POST /runner/ HTTP/1.1" 200 None
[18.09.2026 23:45:38] DEBUG · urllib3.connectionpool https://funpay.com:443 "GET /users/10794022/ HTTP/1.1" 200 None
[18.09.2026 23:45:40] DEBUG · urllib3.connectionpool https://funpay.com:443 "POST /runner/ HTTP/1.1" 200 None
[18.09.2026 23:45:42] DEBUG · urllib3.connectionpool https://funpay.com:443 "GET /users/10794022/ HTTP/1.1" 200 None
[18.09.2026 23:45:44] DEBUG · urllib3.connectionpool https://funpay.com:443 "POST /runner/ HTTP/1.1" 200 None
[18.09.2026 23:45:45] DEBUG · urllib3.connectionpool https://funpay.com:443 "GET /users/10794022/ HTTP/1.1" 200 None
[18.09.2026 23:45:48] DEBUG · urllib3.connectionpool https://funpay.com:443 "POST /runner/ HTTP/1.1" 200 None
[18.09.2026 23:45:49] DEBUG · urllib3.connectionpool https://funpay.com:443 "GET /users/10794022/ HTTP/1.1" 200 None
[18.09.2026 23:45:52] DEBUG · urllib3.connectionpool https://funpay.com:443 "POST /runner/ HTTP/1.1" 200 None
[18.09.2026 23:45:52] DEBUG · urllib3.connectionpool https://funpay.com:443 "GET /users/10794022/ HTTP/1.1" 200 None
[18.09.2026 23:45:55] DEBUG · urllib3.connectionpool https://funpay.com:443 "GET /users/10794022/ HTTP/1.1" 200 None
[18.09.2026 23:45:56] DEBUG · urllib3.connectionpool https://funpay.com:443 "POST /runner/ HTTP/1.1" 200 None
[18.09.2026 23:45:59] DEBUG · urllib3.connectionpool https://funpay.com:443 "GET /users/10794022/ HTTP/1.1" 200 None
[18.09.2026 23:46:00] DEBUG · urllib3.connectionpool https://funpay.com:443 "POST /runner/ HTTP/1.1" 200 None
[18.09.2026 23:46:02] DEBUG · urllib3.connectionpool https://funpay.com:443 "GET /users/10794022/ HTTP/1.1" 200 None
[18.09.2026 23:46:04] DEBUG · urllib3.connectionpool https://funpay.com:443 "POST /runner/ HTTP/1.1" 200 None
[18.09.2026 23:46:05] DEBUG · urllib3.connectionpool https://funpay.com:443 "GET /users/10794022/ HTTP/1.1" 200 None
[18.09.2026 23:46:08] DEBUG · urllib3.connectionpool https://funpay.com:443 "POST /runner/ HTTP/1.1" 200 None
[18.09.2026 23:46:09] DEBUG · urllib3.connectionpool https://funpay.com:443 "GET /users/10794022/ HTTP/1.1" 200 None
[18.09.2026 23:46:12] DEBUG · urllib3.connectionpool https://funpay.com:443 "POST /runner/ HTTP/1.1" 200 None
[18.09.2026 23:46:12] DEBUG · urllib3.connectionpool https://funpay.com:443 "GET /users/10794022/ HTTP/1.1" 200 None
[18.09.2026 23:46:12] DEBUG · urllib3.connectionpool https://funpay.com:443 "POST /runner/ HTTP/1.1" 200 None
[18.09.2026 23:46:12] INFO · universal.funpay     Новое сообщение в чате с barabanjj22:
[18.09.2026 23:46:12] INFO · universal.funpay     │ barabanjj22:
[18.09.2026 23:46:12] INFO · universal.funpay     │ !могу
[18.09.2026 23:46:12] INFO · universal.funpay     └────────────────────────────────────
[18.09.2026 23:46:12] INFO · modules.apple_topup.storage 🍎 Apple TopUp storage: активный заказ не найден: buyer='barabanjj22' chat_id=287190642 file=bot_data\apple_topup_orders.json
[18.09.2026 23:46:12] INFO · modules.apple_topup  🍎 Apple TopUp DEBUG: активный заказ НЕ найден: author='barabanjj22' chat_id=287190642 command='!могу'
[18.09.2026 23:46:15] DEBUG · urllib3.connectionpool https://funpay.com:443 "GET /users/10794022/ HTTP/1.1" 200 None
[18.09.2026 23:46:16] DEBUG · urllib3.connectionpool https://funpay.com:443 "POST /runner/ HTTP/1.1" 200 None
[18.09.2026 23:46:19] DEBUG · urllib3.connectionpool https://funpay.com:443 "GET /users/10794022/ HTTP/1.1" 200 None
[18.09.2026 23:46:20] DEBUG · urllib3.connectionpool https://funpay.com:443 "POST /runner/ HTTP/1.1" 200 None
[18.09.2026 23:46:22] DEBUG · urllib3.connectionpool https://funpay.com:443 "GET /users/10794022/ HTTP/1.1" 200 None
[18.09.2026 23:46:24] DEBUG · urllib3.connectionpool https://funpay.com:443 "POST /runner/ HTTP/1.1" 200 None
[18.09.2026 23:46:25] DEBUG · urllib3.connectionpool https://funpay.com:443 "GET /users/10794022/ HTTP/1.1" 200 None
[18.09.2026 23:46:28] DEBUG · urllib3.connectionpool https://funpay.com:443 "POST /runner/ HTTP/1.1" 200 None
[18.09.2026 23:46:29] DEBUG · urllib3.connectionpool https://funpay.com:443 "GET /users/10794022/ HTTP/1.1" 200 None
[18.09.2026 23:46:32] DEBUG · urllib3.connectionpool https://funpay.com:443 "POST /runner/ HTTP/1.1" 200 None
[18.09.2026 23:46:32] DEBUG · urllib3.connectionpool https://funpay.com:443 "GET /users/10794022/ HTTP/1.1" 200 None
[18.09.2026 23:46:35] DEBUG · urllib3.connectionpool https://funpay.com:443 "GET /users/10794022/ HTTP/1.1" 200 None
[18.09.2026 23:46:36] DEBUG · urllib3.connectionpool https://funpay.com:443 "POST /runner/ HTTP/1.1" 200 None
[18.09.2026 23:46:38] DEBUG · urllib3.connectionpool https://funpay.com:443 "GET /users/10794022/ HTTP/1.1" 200 None
[18.09.2026 23:46:40] DEBUG · urllib3.connectionpool https://funpay.com:443 "POST /runner/ HTTP/1.1" 200 None
[18.09.2026 23:46:41] DEBUG · urllib3.connectionpool https://funpay.com:443 "GET /users/10794022/ HTTP/1.1" 200 None
[18.09.2026 23:46:44] DEBUG · urllib3.connectionpool https://funpay.com:443 "POST /runner/ HTTP/1.1" 200 None
[18.09.2026 23:46:45] DEBUG · urllib3.connectionpool https://funpay.com:443 "GET /users/10794022/ HTTP/1.1" 200 None
[18.09.2026 23:46:48] DEBUG · urllib3.connectionpool https://funpay.com:443 "POST /runner/ HTTP/1.1" 200 None
[18.09.2026 23:46:48] DEBUG · urllib3.connectionpool https://funpay.com:443 "GET /users/10794022/ HTTP/1.1" 200 None
[18.09.2026 23:46:51] DEBUG · urllib3.connectionpool https://funpay.com:443 "GET /users/10794022/ HTTP/1.1" 200 None
[18.09.2026 23:46:52] DEBUG · urllib3.connectionpool https://funpay.com:443 "POST /runner/ HTTP/1.1" 200 None
[18.09.2026 23:46:55] DEBUG · urllib3.connectionpool https://funpay.com:443 "GET /users/10794022/ HTTP/1.1" 200 None
[18.09.2026 23:46:56] DEBUG · urllib3.connectionpool https://funpay.com:443 "POST /runner/ HTTP/1.1" 200 None
[18.09.2026 23:46:56] DEBUG · urllib3.connectionpool https://funpay.com:443 "GET /orders/trade HTTP/1.1" 200 None
[18.09.2026 23:46:56] DEBUG · urllib3.connectionpool https://funpay.com:443 "POST /runner/ HTTP/1.1" 200 None
[18.09.2026 23:46:57] INFO · universal.funpay     ───────────────────────────────────────
[18.09.2026 23:46:57] INFO · universal.funpay     Статус заказа #Y4SQ77X3 изменился:
[18.09.2026 23:46:57] INFO · universal.funpay      · Статус: Возврат
[18.09.2026 23:46:57] INFO · universal.funpay      · Покупатель: barabanjj22
[18.09.2026 23:46:57] INFO · universal.funpay      · Товар: ⚡️💎【АВТО-ВЫДАЧА 24/7】⚡️💎【SoundCloud GO+】 ⚡️💎【1 МЕСЯЦ】⚡️💎 【ЛЮБОЙ IOS】, GO+, 1 месяц
[18.09.2026 23:46:57] INFO · universal.funpay      · Количество: 1
[18.09.2026 23:46:57] INFO · universal.funpay      · Сумма: 101.9 RUB
[18.09.2026 23:46:57] INFO · universal.funpay     ───────────────────────────────────────
[18.09.2026 23:46:57] INFO · modules.apple_topup  Apple TopUp: ORDER_STATUS_CHANGED order=Y4SQ77X3 status=OrderStatuses.REFUNDED
[18.09.2026 23:46:57] INFO · modules.apple_topup  Apple TopUp: заказ Y4SQ77X3 возвращён
[18.09.2026 23:46:57] INFO · universal.funpay     Новое сообщение в чате с barabanjj22:
[18.09.2026 23:46:57] INFO · universal.funpay     │ FunPay:
[18.09.2026 23:46:57] INFO · universal.funpay     │ Продавец Slavikbebryan вернул деньги покупателю barabanjj22 по заказу #Y4SQ77X3.
[18.09.2026 23:46:57] INFO · universal.funpay     └──────────────────────────────────────────────────────────────────────────────────
[18.09.2026 23:46:58] DEBUG · urllib3.connectionpool https://funpay.com:443 "GET /users/10794022/ HTTP/1.1" 200 None
[18.09.2026 23:47:00] DEBUG · urllib3.connectionpool https://funpay.com:443 "POST /runner/ HTTP/1.1" 200 None
[18.09.2026 23:47:01] DEBUG · urllib3.connectionpool https://funpay.com:443 "GET /users/10794022/ HTTP/1.1" 200 None
[18.09.2026 23:47:04] DEBUG · urllib3.connectionpool https://funpay.com:443 "POST /runner/ HTTP/1.1" 200 None
[18.09.2026 23:47:05] DEBUG · urllib3.connectionpool https://funpay.com:443 "GET /users/10794022/ HTTP/1.1" 200 None
[18.09.2026 23:47:08] DEBUG · urllib3.connectionpool https://funpay.com:443 "POST /runner/ HTTP/1.1" 200 None
[18.09.2026 23:47:08] DEBUG · urllib3.connectionpool https://funpay.com:443 "GET /users/10794022/ HTTP/1.1" 200 None
[18.09.2026 23:47:11] DEBUG · urllib3.connectionpool https://funpay.com:443 "GET /users/10794022/ HTTP/1.1" 200 None
[18.09.2026 23:47:12] DEBUG · urllib3.connectionpool https://funpay.com:443 "POST /runner/ HTTP/1.1" 200 None
[18.09.2026 23:47:15] DEBUG · urllib3.connectionpool https://funpay.com:443 "GET /users/10794022/ HTTP/1.1" 200 None
[18.09.2026 23:47:16] DEBUG · urllib3.connectionpool https://funpay.com:443 "POST /runner/ HTTP/1.1" 200 None
[18.09.2026 23:47:18] DEBUG · urllib3.connectionpool https://funpay.com:443 "GET /users/10794022/ HTTP/1.1" 200 None
[18.09.2026 23:47:20] DEBUG · urllib3.connectionpool https://funpay.com:443 "POST /runner/ HTTP/1.1" 200 None
[18.09.2026 23:47:21] DEBUG · urllib3.connectionpool https://funpay.com:443 "GET /users/10794022/ HTTP/1.1" 200 None
[18.09.2026 23:47:24] DEBUG · urllib3.connectionpool https://funpay.com:443 "POST /runner/ HTTP/1.1" 200 None
[18.09.2026 23:47:24] DEBUG · urllib3.connectionpool Starting new HTTPS connection (1): api.github.com:443
[18.09.2026 23:47:25] DEBUG · urllib3.connectionpool https://funpay.com:443 "GET /users/10794022/ HTTP/1.1" 200 None
[18.09.2026 23:47:25] DEBUG · urllib3.connectionpool https://api.github.com:443 "GET /repos/alleexxeeyy/funpay-universal/releases HTTP/1.1" 200 5955
[18.09.2026 23:47:28] DEBUG · urllib3.connectionpool https://funpay.com:443 "POST /runner/ HTTP/1.1" 200 None
[18.09.2026 23:47:28] DEBUG · urllib3.connectionpool https://funpay.com:443 "GET /users/10794022/ HTTP/1.1" 200 None
[18.09.2026 23:47:31] DEBUG · urllib3.connectionpool https://funpay.com:443 "GET /users/10794022/ HTTP/1.1" 200 None
[18.09.2026 23:47:32] DEBUG · urllib3.connectionpool https://funpay.com:443 "POST /runner/ HTTP/1.1" 200 None
[18.09.2026 23:47:34] DEBUG · urllib3.connectionpool https://funpay.com:443 "GET /users/10794022/ HTTP/1.1" 200 None
[18.09.2026 23:47:36] DEBUG · urllib3.connectionpool https://funpay.com:443 "POST /runner/ HTTP/1.1" 200 None
[18.09.2026 23:47:38] DEBUG · urllib3.connectionpool https://funpay.com:443 "GET /users/10794022/ HTTP/1.1" 200 None
[18.09.2026 23:47:40] DEBUG · urllib3.connectionpool https://funpay.com:443 "POST /runner/ HTTP/1.1" 200 None
[18.09.2026 23:47:41] DEBUG · urllib3.connectionpool https://funpay.com:443 "GET /users/10794022/ HTTP/1.1" 200 None
[18.09.2026 23:47:44] DEBUG · urllib3.connectionpool https://funpay.com:443 "POST /runner/ HTTP/1.1" 200 None
[18.09.2026 23:47:44] DEBUG · urllib3.connectionpool https://funpay.com:443 "GET /users/10794022/ HTTP/1.1" 200 None
[18.09.2026 23:47:48] DEBUG · urllib3.connectionpool https://funpay.com:443 "POST /runner/ HTTP/1.1" 200 None
[18.09.2026 23:47:48] DEBUG · urllib3.connectionpool https://funpay.com:443 "GET /users/10794022/ HTTP/1.1" 200 None
[18.09.2026 23:47:51] DEBUG · urllib3.connectionpool https://funpay.com:443 "GET /users/10794022/ HTTP/1.1" 200 None
[18.09.2026 23:47:52] DEBUG · urllib3.connectionpool https://funpay.com:443 "POST /runner/ HTTP/1.1" 200 None
[18.09.2026 23:47:54] DEBUG · urllib3.connectionpool https://funpay.com:443 "GET /users/10794022/ HTTP/1.1" 200 None
[18.09.2026 23:47:56] DEBUG · urllib3.connectionpool https://funpay.com:443 "POST /runner/ HTTP/1.1" 200 None
[18.09.2026 23:47:57] DEBUG · urllib3.connectionpool https://funpay.com:443 "GET /users/10794022/ HTTP/1.1" 200 None
[18.09.2026 23:48:00] DEBUG · urllib3.connectionpool https://funpay.com:443 "POST /runner/ HTTP/1.1" 200 None
[18.09.2026 23:48:01] DEBUG · urllib3.connectionpool https://funpay.com:443 "GET /users/10794022/ HTTP/1.1" 200 None
[18.09.2026 23:48:04] DEBUG · urllib3.connectionpool https://funpay.com:443 "POST /runner/ HTTP/1.1" 200 None
[18.09.2026 23:48:04] DEBUG · urllib3.connectionpool https://funpay.com:443 "GET /users/10794022/ HTTP/1.1" 200 None
[18.09.2026 23:48:07] DEBUG · urllib3.connectionpool https://funpay.com:443 "GET /users/10794022/ HTTP/1.1" 200 None
[18.09.2026 23:48:08] DEBUG · urllib3.connectionpool https://funpay.com:443 "POST /runner/ HTTP/1.1" 200 None
[18.09.2026 23:48:11] DEBUG · urllib3.connectionpool https://funpay.com:443 "GET /users/10794022/ HTTP/1.1" 200 None
[18.09.2026 23:48:12] DEBUG · urllib3.connectionpool https://funpay.com:443 "POST /runner/ HTTP/1.1" 200 None
[18.09.2026 23:48:14] DEBUG · urllib3.connectionpool https://funpay.com:443 "GET /users/10794022/ HTTP/1.1" 200 None
[18.09.2026 23:48:16] DEBUG · urllib3.connectionpool https://funpay.com:443 "POST /runner/ HTTP/1.1" 200 None
[18.09.2026 23:48:17] DEBUG · urllib3.connectionpool https://funpay.com:443 "GET /users/10794022/ HTTP/1.1" 200 None
[18.09.2026 23:48:20] DEBUG · urllib3.connectionpool https://funpay.com:443 "POST /runner/ HTTP/1.1" 200 None
[18.09.2026 23:48:21] DEBUG · urllib3.connectionpool https://funpay.com:443 "GET /users/10794022/ HTTP/1.1" 200 None
[18.09.2026 23:48:24] DEBUG · urllib3.connectionpool https://funpay.com:443 "POST /runner/ HTTP/1.1" 200 None
[18.09.2026 23:48:24] DEBUG · urllib3.connectionpool https://funpay.com:443 "GET /users/10794022/ HTTP/1.1" 200 None
[18.09.2026 23:48:27] DEBUG · urllib3.connectionpool https://funpay.com:443 "GET /users/10794022/ HTTP/1.1" 200 None
[18.09.2026 23:48:28] DEBUG · urllib3.connectionpool https://funpay.com:443 "POST /runner/ HTTP/1.1" 200 None
[18.09.2026 23:49:23] DEBUG · urllib3.connectionpool Starting new HTTPS connection (1): api.github.com:443
[18.09.2026 23:49:24] DEBUG · urllib3.connectionpool https://api.github.com:443 "GET /repos/alleexxeeyy/funpay-universal/releases HTTP/1.1" 200 5955
[18.09.2026 23:49:24] INFO · universal.updater    У вас установлена последняя версия: 1.18.2
[18.09.2026 23:49:24] INFO · universal            
[18.09.2026 23:49:24] DEBUG · urllib3.connectionpool Starting new HTTPS connection (1): funpay.com:443
[18.09.2026 23:49:24] DEBUG · urllib3.connectionpool https://funpay.com:443 "GET / HTTP/1.1" 200 None
[18.09.2026 23:49:25] INFO · universal            FunPay аккаунт успешно авторизован.
[18.09.2026 23:49:25] DEBUG · urllib3.connectionpool Starting new HTTPS connection (1): funpay.com:443
[18.09.2026 23:49:26] DEBUG · urllib3.connectionpool https://funpay.com:443 "GET / HTTP/1.1" 200 None
[18.09.2026 23:49:27] DEBUG · urllib3.connectionpool https://funpay.com:443 "GET /users/10794022/ HTTP/1.1" 200 None
[18.09.2026 23:49:27] DEBUG · urllib3.connectionpool Starting new HTTPS connection (1): api.telegram.org:443
[18.09.2026 23:49:35] DEBUG · urllib3.connectionpool https://api.telegram.org:443 "GET /bot8756373718:AAF7UShfdcPoSa4xL_OhGoEeELgqwJzepak/getMe HTTP/1.1" 200 416
[18.09.2026 23:49:35] INFO · universal            Telegram бот успешно работает.
[18.09.2026 23:49:35] INFO · universal            
[18.09.2026 23:49:35] DEBUG · asyncio              Using proactor: IocpProactor
[18.09.2026 23:49:35] INFO · universal.modules    Подключен 1 модуль: Apple TopUp 1.0.0
[18.09.2026 23:49:35] DEBUG · asyncio              Using proactor: IocpProactor
[18.09.2026 23:49:35] DEBUG · urllib3.connectionpool Starting new HTTPS connection (1): funpay.com:443
[18.09.2026 23:49:36] DEBUG · urllib3.connectionpool https://funpay.com:443 "GET / HTTP/1.1" 200 None
[18.09.2026 23:49:36] INFO · universal.telegram   
[18.09.2026 23:49:36] INFO · universal.telegram   Telegram бот @panel_funpay_bot запущен и активен
[18.09.2026 23:49:37] INFO · universal.funpay     
[18.09.2026 23:49:37] INFO · universal.funpay     FunPay бот запущен и активен
[18.09.2026 23:49:37] INFO · universal.funpay     
[18.09.2026 23:49:37] INFO · universal.funpay     ───────────────────────────────────────
[18.09.2026 23:49:37] INFO · universal.funpay     Информация об аккаунте:
[18.09.2026 23:49:37] INFO · universal.funpay      · ID: 10794022
[18.09.2026 23:49:37] INFO · universal.funpay      · Никнейм: Slavikbebryan
[18.09.2026 23:49:37] INFO · universal.funpay      · Баланс: 9847 RUB
[18.09.2026 23:49:37] INFO · universal.funpay      · Активные продажи: 4
[18.09.2026 23:49:37] INFO · universal.funpay      · Активные покупки: 0
[18.09.2026 23:49:37] INFO · universal.funpay     ───────────────────────────────────────
[18.09.2026 23:49:37] DEBUG · asyncio              Using proactor: IocpProactor
[18.09.2026 23:49:37] DEBUG · urllib3.connectionpool Starting new HTTPS connection (2): funpay.com:443
[18.09.2026 23:49:37] DEBUG · urllib3.connectionpool Starting new HTTPS connection (3): funpay.com:443
[18.09.2026 23:49:37] DEBUG · urllib3.connectionpool Starting new HTTPS connection (4): funpay.com:443
[18.09.2026 23:49:37] DEBUG · urllib3.connectionpool https://funpay.com:443 "GET / HTTP/1.1" 200 None
[18.09.2026 23:49:38] DEBUG · urllib3.connectionpool https://funpay.com:443 "POST /runner/ HTTP/1.1" 200 None
[18.09.2026 23:49:38] DEBUG · urllib3.connectionpool https://funpay.com:443 "GET /users/10794022/ HTTP/1.1" 200 None
[18.09.2026 23:49:38] DEBUG · urllib3.connectionpool https://funpay.com:443 "GET /orders/trade HTTP/1.1" 200 None
[18.09.2026 23:49:38] DEBUG · urllib3.connectionpool https://funpay.com:443 "GET /users/10794022/ HTTP/1.1" 200 None
[18.09.2026 23:49:38] INFO · modules.apple_topup  🍎 Apple TopUp: незавершённых заказов для восстановления нет
[18.09.2026 23:49:38] DEBUG · asyncio              Using proactor: IocpProactor
[18.09.2026 23:49:41] DEBUG · urllib3.connectionpool https://funpay.com:443 "GET /users/10794022/ HTTP/1.1" 200 None
[18.09.2026 23:49:41] DEBUG · urllib3.connectionpool https://funpay.com:443 "POST /runner/ HTTP/1.1" 200 None
[18.09.2026 23:49:44] DEBUG · urllib3.connectionpool https://funpay.com:443 "GET /users/10794022/ HTTP/1.1" 200 None
[18.09.2026 23:49:45] DEBUG · urllib3.connectionpool https://funpay.com:443 "POST /runner/ HTTP/1.1" 200 None
[18.09.2026 23:49:48] DEBUG · urllib3.connectionpool https://funpay.com:443 "GET /users/10794022/ HTTP/1.1" 200 None
[18.09.2026 23:49:49] DEBUG · urllib3.connectionpool https://funpay.com:443 "POST /runner/ HTTP/1.1" 200 None
[18.09.2026 23:49:51] DEBUG · urllib3.connectionpool https://funpay.com:443 "GET /users/10794022/ HTTP/1.1" 200 None
[18.09.2026 23:49:53] DEBUG · urllib3.connectionpool https://funpay.com:443 "POST /runner/ HTTP/1.1" 200 None
[18.09.2026 23:49:54] DEBUG · urllib3.connectionpool https://funpay.com:443 "GET /users/10794022/ HTTP/1.1" 200 None
[18.09.2026 23:49:57] DEBUG · urllib3.connectionpool https://funpay.com:443 "GET /users/10794022/ HTTP/1.1" 200 None
[18.09.2026 23:49:57] DEBUG · urllib3.connectionpool https://funpay.com:443 "POST /runner/ HTTP/1.1" 200 None
[18.09.2026 23:50:01] DEBUG · urllib3.connectionpool https://funpay.com:443 "GET /users/10794022/ HTTP/1.1" 200 None
[18.09.2026 23:50:01] DEBUG · urllib3.connectionpool https://funpay.com:443 "POST /runner/ HTTP/1.1" 200 None
[18.09.2026 23:50:04] DEBUG · urllib3.connectionpool https://funpay.com:443 "GET /users/10794022/ HTTP/1.1" 200 None
[18.09.2026 23:50:05] DEBUG · urllib3.connectionpool https://funpay.com:443 "POST /runner/ HTTP/1.1" 200 None
[18.09.2026 23:50:07] DEBUG · urllib3.connectionpool https://funpay.com:443 "GET /users/10794022/ HTTP/1.1" 200 None
[18.09.2026 23:50:09] DEBUG · urllib3.connectionpool https://funpay.com:443 "POST /runner/ HTTP/1.1" 200 None
[18.09.2026 23:50:10] DEBUG · urllib3.connectionpool https://funpay.com:443 "GET /orders/trade HTTP/1.1" 200 None
[18.09.2026 23:50:10] DEBUG · urllib3.connectionpool https://funpay.com:443 "POST /runner/ HTTP/1.1" 200 None
[18.09.2026 23:50:10] INFO · universal.funpay     ───────────────────────────────────────
[18.09.2026 23:50:10] INFO · universal.funpay     Новый заказ #KMJA88BG:
[18.09.2026 23:50:10] INFO · universal.funpay      · Покупатель: barabanjj22
[18.09.2026 23:50:10] INFO · universal.funpay      · Товар: ⚡️💎【АВТО-ВЫДАЧА 24/7】⚡️💎【SoundCloud GO+】 ⚡️💎【1 МЕСЯЦ】⚡️💎 【ЛЮБОЙ IOS】, GO+, 1 месяц
[18.09.2026 23:50:10] INFO · universal.funpay      · Количество: 1
[18.09.2026 23:50:10] INFO · universal.funpay      · Сумма: 101.9 RUB
[18.09.2026 23:50:10] INFO · universal.funpay     ───────────────────────────────────────
[18.09.2026 23:50:11] DEBUG · urllib3.connectionpool https://funpay.com:443 "GET /users/21396664/ HTTP/1.1" 200 None
[18.09.2026 23:50:11] DEBUG · urllib3.connectionpool https://funpay.com:443 "GET /users/10794022/ HTTP/1.1" 200 None
[18.09.2026 23:50:11] DEBUG · urllib3.connectionpool https://funpay.com:443 "GET /lots/3826/trade HTTP/1.1" 200 None
[18.09.2026 23:50:11] INFO · modules.apple_topup  🍎 Apple TopUp DEBUG: получен NEW_ORDER order=KMJA88BG status=OrderStatuses.PAID buyer=barabanjj22
[18.09.2026 23:50:11] ERROR · modules.apple_topup  ❌ Apple TopUp: не удалось получить название лота для заказа KMJA88BG
[18.09.2026 23:50:11] ERROR · modules.apple_topup  ❌ Apple TopUp: лот для заказа KMJA88BG не определён. Заказ не обрабатываем.
[18.09.2026 23:50:11] INFO · universal.funpay     Новое сообщение в чате с barabanjj22:
[18.09.2026 23:50:11] INFO · universal.funpay     │ FunPay:
[18.09.2026 23:50:11] INFO · universal.funpay     │ Покупатель barabanjj22 оплатил заказ #KMJA88BG. SoundCloud, Подписка, ⚡️💎【АВТО-
[18.09.2026 23:50:11] INFO · universal.funpay     │ ВЫДАЧА 24/7】⚡️💎【SoundCloud GO+】 ⚡️💎【1 МЕСЯЦ】⚡️💎 【ЛЮБОЙ IOS】, GO+, 1 месяц.
[18.09.2026 23:50:11] INFO · universal.funpay     │ barabanjj22, не забудьте потом нажать кнопку «Подтвердить выполнение заказа».
[18.09.2026 23:50:11] INFO · universal.funpay     └─────────────────────────────────────────────────────────────────────────────────
[18.09.2026 23:50:11] INFO · modules.apple_topup  🍎 Apple TopUp DEBUG: найден ID заказа KMJA88BG в системном сообщении
[18.09.2026 23:50:11] DEBUG · urllib3.connectionpool https://funpay.com:443 "POST /api/orders/get HTTP/1.1" 200 None
[18.09.2026 23:50:11] DEBUG · urllib3.connectionpool https://funpay.com:443 "GET /lots/3826/trade HTTP/1.1" 200 None
[18.09.2026 23:50:11] INFO · modules.apple_topup  🍎 Apple TopUp: offer_id не был передан FunPay; лот определён по частичному совпадению названия: 72853562
[18.09.2026 23:50:11] INFO · modules.apple_topup  🍎 Apple TopUp: выбран лот 72853562 -> Apple TopUp 10 TRY x4, 10_try (всего 4 кодов)
[18.09.2026 23:50:11] INFO · modules.apple_topup  🍎 Apple TopUp: сценарий запущен для заказа KMJA88BG (barabanjj22)
[18.09.2026 23:50:11] INFO · modules.apple_topup.storage 🍎 Apple TopUp storage: заказ сохранён: order=KMJA88BG buyer='barabanjj22' chat_id='users-10794022-21396664' state=WAITING_REGION file=bot_data\apple_topup_orders.json
[18.09.2026 23:50:11] DEBUG · urllib3.connectionpool https://funpay.com:443 "POST /runner/ HTTP/1.1" 200 None
[18.09.2026 23:50:11] INFO · modules.apple_topup  🍎 Apple TopUp: приветственное сообщение отправлено для заказа KMJA88BG
[18.09.2026 23:50:11] INFO · universal.funpay     Новое сообщение в чате с barabanjj22:
[18.09.2026 23:50:11] INFO · universal.funpay     │ Slavikbebryan:
[18.09.2026 23:50:11] INFO · universal.funpay     │ Спасибо что выбрал меня!
[18.09.2026 23:50:11] INFO · universal.funpay     │ В течении 2-5 минут я отвечу тебе
[18.09.2026 23:50:11] INFO · universal.funpay     │ Если я не отвечаю 5-10 минут это означает что я: не у устройства с которого
[18.09.2026 23:50:11] INFO · universal.funpay     │ может ответить, спит, не имеет доступа к интернету.
[18.09.2026 23:50:11] INFO · universal.funpay     │ В этом случае не волнуйтесь, как я буду в сети, я вам обязательно отвечу❗️
[18.09.2026 23:50:11] INFO · universal.funpay     └─────────────────────────────────────────────────────────────────────────────
[18.09.2026 23:50:12] INFO · modules.apple_topup.storage 🍎 Apple TopUp storage: активный заказ не найден: buyer='Slavikbebryan' chat_id=287190642 file=bot_data\apple_topup_orders.json
[18.09.2026 23:50:12] INFO · modules.apple_topup  🍎 Apple TopUp DEBUG: активный заказ НЕ найден: author='Slavikbebryan' chat_id=287190642 command='спасибо что выбрал меня!\nв течении 2-5 минут я отвечу тебе\nесли я не отвечаю 5-10 минут это означает что я: не у устройства с которого может ответить, спит, не имеет доступа к интернету.\nв этом случае не волнуйтесь, как я буду в сети, я вам обязательно отвечу❗️'
[18.09.2026 23:50:13] DEBUG · urllib3.connectionpool https://funpay.com:443 "POST /runner/ HTTP/1.1" 200 None
[18.09.2026 23:50:14] INFO · universal.funpay     Новое сообщение в чате с barabanjj22:
[18.09.2026 23:50:14] INFO · universal.funpay     │ Slavikbebryan:
[18.09.2026 23:50:14] INFO · universal.funpay     │ Приветствую тебя в SlavikStore. Спасибо за покупку в нашем магазине.
[18.09.2026 23:50:14] INFO · universal.funpay     │
[18.09.2026 23:50:14] INFO · universal.funpay     │ Для начала вам надо сменить регион App Store на Турцию.
[18.09.2026 23:50:14] INFO · universal.funpay     │
[18.09.2026 23:50:14] INFO · universal.funpay     │ Если вы можете сменить регион, введите команду:
[18.09.2026 23:50:14] INFO · universal.funpay     │ !могу
[18.09.2026 23:50:14] INFO · universal.funpay     │
[18.09.2026 23:50:14] INFO · universal.funpay     │ Если не можете сменить, введите команду:
[18.09.2026 23:50:14] INFO · universal.funpay     │ !не могу
[18.09.2026 23:50:14] INFO · universal.funpay     │
[18.09.2026 23:50:14] INFO · universal.funpay     │ Если у вас какие-либо вопросы, вы можете вызвать продавца в чат. Для этого
[18.09.2026 23:50:14] INFO · universal.funpay     │ введите команду:
[18.09.2026 23:50:14] INFO · universal.funpay     │ !продавец
[18.09.2026 23:50:14] INFO · universal.funpay     │
[18.09.2026 23:50:14] INFO · universal.funpay     │ ©️ 𝗙𝘂𝗻𝗣𝗮𝘆 𝗨𝗻𝗶𝘃𝗲𝗿𝘀𝗮𝗹
[18.09.2026 23:50:14] INFO · universal.funpay     └────────────────────────────────────────────────────────────────────────────
[18.09.2026 23:50:14] INFO · modules.apple_topup.storage 🍎 Apple TopUp storage: активный заказ не найден: buyer='Slavikbebryan' chat_id=287190642 file=bot_data\apple_topup_orders.json
[18.09.2026 23:50:14] INFO · modules.apple_topup  🍎 Apple TopUp DEBUG: активный заказ НЕ найден: author='Slavikbebryan' chat_id=287190642 command='приветствую тебя в slavikstore. спасибо за покупку в нашем магазине.\n\nдля начала вам надо сменить регион app store на турцию.\n\nесли вы можете сменить регион, введите команду:\n!могу\n\nесли не можете сменить, введите команду:\n!не могу\n\nесли у вас какие-либо вопросы, вы можете вызвать продавца в чат. для этого введите команду:\n!продавец\n\n©️ 𝗙𝘂𝗻𝗣𝗮𝘆 𝗨𝗻𝗶𝘃𝗲𝗿𝘀𝗮𝗹'
[18.09.2026 23:50:14] DEBUG · urllib3.connectionpool https://funpay.com:443 "GET /users/10794022/ HTTP/1.1" 200 None
[18.09.2026 23:50:17] DEBUG · urllib3.connectionpool https://funpay.com:443 "GET /users/10794022/ HTTP/1.1" 200 None
[18.09.2026 23:50:17] DEBUG · urllib3.connectionpool https://funpay.com:443 "POST /runner/ HTTP/1.1" 200 None
[18.09.2026 23:50:20] DEBUG · urllib3.connectionpool https://funpay.com:443 "GET /users/10794022/ HTTP/1.1" 200 None
[18.09.2026 23:50:21] DEBUG · urllib3.connectionpool https://funpay.com:443 "POST /runner/ HTTP/1.1" 200 None
[18.09.2026 23:50:24] DEBUG · urllib3.connectionpool https://funpay.com:443 "GET /users/10794022/ HTTP/1.1" 200 None
[18.09.2026 23:50:26] DEBUG · urllib3.connectionpool https://funpay.com:443 "POST /runner/ HTTP/1.1" 200 None
[18.09.2026 23:50:27] DEBUG · urllib3.connectionpool https://funpay.com:443 "GET /users/10794022/ HTTP/1.1" 200 None
[18.09.2026 23:50:29] DEBUG · urllib3.connectionpool https://funpay.com:443 "POST /runner/ HTTP/1.1" 200 None
[18.09.2026 23:50:30] DEBUG · urllib3.connectionpool https://funpay.com:443 "GET /users/10794022/ HTTP/1.1" 200 None
[18.09.2026 23:50:33] DEBUG · urllib3.connectionpool https://funpay.com:443 "POST /runner/ HTTP/1.1" 200 None
[18.09.2026 23:50:34] DEBUG · urllib3.connectionpool https://funpay.com:443 "GET /users/10794022/ HTTP/1.1" 200 None
[18.09.2026 23:50:37] DEBUG · urllib3.connectionpool https://funpay.com:443 "GET /users/10794022/ HTTP/1.1" 200 None
[18.09.2026 23:50:37] DEBUG · urllib3.connectionpool https://funpay.com:443 "POST /runner/ HTTP/1.1" 200 None
[18.09.2026 23:50:40] DEBUG · urllib3.connectionpool https://funpay.com:443 "GET /users/10794022/ HTTP/1.1" 200 None
[18.09.2026 23:50:41] DEBUG · urllib3.connectionpool https://funpay.com:443 "POST /runner/ HTTP/1.1" 200 None
[18.09.2026 23:50:43] DEBUG · urllib3.connectionpool https://funpay.com:443 "GET /users/10794022/ HTTP/1.1" 200 None
[18.09.2026 23:50:45] DEBUG · urllib3.connectionpool https://funpay.com:443 "POST /runner/ HTTP/1.1" 200 None
[18.09.2026 23:50:47] DEBUG · urllib3.connectionpool https://funpay.com:443 "GET /users/10794022/ HTTP/1.1" 200 None
[18.09.2026 23:50:49] DEBUG · urllib3.connectionpool https://funpay.com:443 "POST /runner/ HTTP/1.1" 200 None
[18.09.2026 23:50:50] DEBUG · urllib3.connectionpool https://funpay.com:443 "GET /users/10794022/ HTTP/1.1" 200 None
[18.09.2026 23:50:53] DEBUG · urllib3.connectionpool https://funpay.com:443 "GET /users/10794022/ HTTP/1.1" 200 None
[18.09.2026 23:50:53] DEBUG · urllib3.connectionpool https://funpay.com:443 "POST /runner/ HTTP/1.1" 200 None
[18.09.2026 23:50:57] DEBUG · urllib3.connectionpool https://funpay.com:443 "GET /users/10794022/ HTTP/1.1" 200 None
[18.09.2026 23:50:57] DEBUG · urllib3.connectionpool https://funpay.com:443 "POST /runner/ HTTP/1.1" 200 None
[18.09.2026 23:51:00] DEBUG · urllib3.connectionpool https://funpay.com:443 "GET /users/10794022/ HTTP/1.1" 200 None
[18.09.2026 23:51:01] DEBUG · urllib3.connectionpool https://funpay.com:443 "POST /runner/ HTTP/1.1" 200 None
[18.09.2026 23:51:03] DEBUG · urllib3.connectionpool https://funpay.com:443 "GET /users/10794022/ HTTP/1.1" 200 None
[18.09.2026 23:51:05] DEBUG · urllib3.connectionpool https://funpay.com:443 "POST /runner/ HTTP/1.1" 200 None
[18.09.2026 23:51:07] DEBUG · urllib3.connectionpool https://funpay.com:443 "GET /users/10794022/ HTTP/1.1" 200 None
[18.09.2026 23:51:09] DEBUG · urllib3.connectionpool https://funpay.com:443 "POST /runner/ HTTP/1.1" 200 None
[18.09.2026 23:51:10] DEBUG · urllib3.connectionpool https://funpay.com:443 "GET /users/10794022/ HTTP/1.1" 200 None
[18.09.2026 23:51:13] DEBUG · urllib3.connectionpool https://funpay.com:443 "POST /runner/ HTTP/1.1" 200 None
[18.09.2026 23:51:14] DEBUG · urllib3.connectionpool https://funpay.com:443 "GET /users/10794022/ HTTP/1.1" 200 None
[18.09.2026 23:51:17] DEBUG · urllib3.connectionpool https://funpay.com:443 "GET /users/10794022/ HTTP/1.1" 200 None
[18.09.2026 23:51:17] DEBUG · urllib3.connectionpool https://funpay.com:443 "POST /runner/ HTTP/1.1" 200 None
[18.09.2026 23:51:20] DEBUG · urllib3.connectionpool https://funpay.com:443 "GET /users/10794022/ HTTP/1.1" 200 None
[18.09.2026 23:51:21] DEBUG · urllib3.connectionpool https://funpay.com:443 "POST /runner/ HTTP/1.1" 200 None
[18.09.2026 23:51:24] DEBUG · urllib3.connectionpool https://funpay.com:443 "GET /users/10794022/ HTTP/1.1" 200 None
[18.09.2026 23:51:26] DEBUG · urllib3.connectionpool https://funpay.com:443 "POST /runner/ HTTP/1.1" 200 None
[18.09.2026 23:51:27] DEBUG · urllib3.connectionpool https://funpay.com:443 "GET /users/10794022/ HTTP/1.1" 200 None
[18.09.2026 23:51:29] DEBUG · urllib3.connectionpool https://funpay.com:443 "POST /runner/ HTTP/1.1" 200 None
[18.09.2026 23:51:31] DEBUG · urllib3.connectionpool https://funpay.com:443 "GET /users/10794022/ HTTP/1.1" 200 None
[18.09.2026 23:51:33] DEBUG · urllib3.connectionpool https://funpay.com:443 "POST /runner/ HTTP/1.1" 200 None
[18.09.2026 23:51:34] DEBUG · urllib3.connectionpool https://funpay.com:443 "GET /users/10794022/ HTTP/1.1" 200 None
[18.09.2026 23:51:37] DEBUG · urllib3.connectionpool https://funpay.com:443 "GET /users/10794022/ HTTP/1.1" 200 None
[18.09.2026 23:51:37] DEBUG · urllib3.connectionpool https://funpay.com:443 "POST /runner/ HTTP/1.1" 200 None
[18.09.2026 23:51:41] DEBUG · urllib3.connectionpool https://funpay.com:443 "GET /users/10794022/ HTTP/1.1" 200 None
[18.09.2026 23:51:41] DEBUG · urllib3.connectionpool https://funpay.com:443 "POST /runner/ HTTP/1.1" 200 None
[18.09.2026 23:51:44] DEBUG · urllib3.connectionpool https://funpay.com:443 "GET /users/10794022/ HTTP/1.1" 200 None
[18.09.2026 23:51:45] DEBUG · urllib3.connectionpool https://funpay.com:443 "POST /runner/ HTTP/1.1" 200 None
[18.09.2026 23:51:47] DEBUG · urllib3.connectionpool https://funpay.com:443 "GET /users/10794022/ HTTP/1.1" 200 None
[18.09.2026 23:51:49] DEBUG · urllib3.connectionpool https://funpay.com:443 "POST /runner/ HTTP/1.1" 200 None
[18.09.2026 23:51:51] DEBUG · urllib3.connectionpool https://funpay.com:443 "GET /users/10794022/ HTTP/1.1" 200 None
[18.09.2026 23:51:54] DEBUG · urllib3.connectionpool https://funpay.com:443 "POST /runner/ HTTP/1.1" 200 None
[18.09.2026 23:51:54] DEBUG · urllib3.connectionpool https://funpay.com:443 "GET /users/10794022/ HTTP/1.1" 200 None
[18.09.2026 23:51:57] DEBUG · urllib3.connectionpool https://funpay.com:443 "POST /runner/ HTTP/1.1" 200 None
[18.09.2026 23:51:57] DEBUG · urllib3.connectionpool https://funpay.com:443 "GET /users/10794022/ HTTP/1.1" 200 None
[18.09.2026 23:52:01] DEBUG · urllib3.connectionpool https://funpay.com:443 "GET /users/10794022/ HTTP/1.1" 200 None
[18.09.2026 23:52:01] DEBUG · urllib3.connectionpool https://funpay.com:443 "POST /runner/ HTTP/1.1" 200 None
[18.09.2026 23:52:04] DEBUG · urllib3.connectionpool https://funpay.com:443 "GET /users/10794022/ HTTP/1.1" 200 None
[18.09.2026 23:52:05] DEBUG · urllib3.connectionpool https://funpay.com:443 "POST /runner/ HTTP/1.1" 200 None
[18.09.2026 23:52:08] DEBUG · urllib3.connectionpool https://funpay.com:443 "GET /users/10794022/ HTTP/1.1" 200 None
[18.09.2026 23:52:09] DEBUG · urllib3.connectionpool https://funpay.com:443 "POST /runner/ HTTP/1.1" 200 None
[18.09.2026 23:52:11] DEBUG · urllib3.connectionpool https://funpay.com:443 "GET /users/10794022/ HTTP/1.1" 200 None
[18.09.2026 23:52:14] DEBUG · urllib3.connectionpool https://funpay.com:443 "POST /runner/ HTTP/1.1" 200 None
[18.09.2026 23:52:15] DEBUG · urllib3.connectionpool https://funpay.com:443 "GET /users/10794022/ HTTP/1.1" 200 None
[18.09.2026 23:52:17] DEBUG · urllib3.connectionpool https://funpay.com:443 "POST /runner/ HTTP/1.1" 200 None
[18.09.2026 23:52:18] DEBUG · urllib3.connectionpool https://funpay.com:443 "GET /users/10794022/ HTTP/1.1" 200 None
[18.09.2026 23:52:21] DEBUG · urllib3.connectionpool https://funpay.com:443 "GET /users/10794022/ HTTP/1.1" 200 None
[18.09.2026 23:52:21] DEBUG · urllib3.connectionpool https://funpay.com:443 "POST /runner/ HTTP/1.1" 200 None
[18.09.2026 23:52:22] DEBUG · urllib3.connectionpool https://funpay.com:443 "POST /lots/raise HTTP/1.1" 200 None
[18.09.2026 23:52:22] DEBUG · FunPayAPI.account    Ответ FunPay (поднятие категорий): {'error': False, 'msg': 'Ваши предложения подняты.', 'wait': 8967, 'unlock_at': '2026-09-18T23:21:51Z'}.
[18.09.2026 23:52:23] INFO · universal.funpay     Подняты категории: Steam
[18.09.2026 23:52:26] DEBUG · urllib3.connectionpool https://funpay.com:443 "POST /runner/ HTTP/1.1" 200 None
[18.09.2026 23:52:26] DEBUG · urllib3.connectionpool https://funpay.com:443 "GET /users/10794022/ HTTP/1.1" 200 None
[18.09.2026 23:52:29] DEBUG · urllib3.connectionpool https://funpay.com:443 "GET /users/10794022/ HTTP/1.1" 200 None
[18.09.2026 23:52:29] DEBUG · urllib3.connectionpool https://funpay.com:443 "POST /runner/ HTTP/1.1" 200 None
[18.09.2026 23:52:32] DEBUG · urllib3.connectionpool https://funpay.com:443 "GET /users/10794022/ HTTP/1.1" 200 None
[18.09.2026 23:52:33] DEBUG · urllib3.connectionpool https://funpay.com:443 "POST /runner/ HTTP/1.1" 200 None
[18.09.2026 23:52:36] DEBUG · urllib3.connectionpool https://funpay.com:443 "GET /users/10794022/ HTTP/1.1" 200 None
[18.09.2026 23:52:37] DEBUG · urllib3.connectionpool https://funpay.com:443 "POST /runner/ HTTP/1.1" 200 None
[18.09.2026 23:52:38] DEBUG · urllib3.connectionpool Starting new HTTPS connection (1): api.github.com:443
[18.09.2026 23:52:39] DEBUG · urllib3.connectionpool https://api.github.com:443 "GET /repos/alleexxeeyy/funpay-universal/releases HTTP/1.1" 200 5955
[18.09.2026 23:52:39] DEBUG · urllib3.connectionpool https://funpay.com:443 "GET /users/10794022/ HTTP/1.1" 200 None
[18.09.2026 23:52:41] DEBUG · urllib3.connectionpool https://funpay.com:443 "POST /runner/ HTTP/1.1" 200 None
[18.09.2026 23:52:42] DEBUG · urllib3.connectionpool https://funpay.com:443 "GET /users/10794022/ HTTP/1.1" 200 None
[18.09.2026 23:52:45] DEBUG · urllib3.connectionpool https://funpay.com:443 "GET /users/10794022/ HTTP/1.1" 200 None
[18.09.2026 23:52:45] DEBUG · urllib3.connectionpool https://funpay.com:443 "POST /runner/ HTTP/1.1" 200 None
[18.09.2026 23:52:49] DEBUG · urllib3.connectionpool https://funpay.com:443 "GET /users/10794022/ HTTP/1.1" 200 None
[18.09.2026 23:52:49] DEBUG · urllib3.connectionpool https://funpay.com:443 "POST /runner/ HTTP/1.1" 200 None
[18.09.2026 23:52:52] DEBUG · urllib3.connectionpool https://funpay.com:443 "GET /users/10794022/ HTTP/1.1" 200 None
[18.09.2026 23:52:54] DEBUG · urllib3.connectionpool https://funpay.com:443 "POST /runner/ HTTP/1.1" 200 None
[18.09.2026 23:52:55] DEBUG · urllib3.connectionpool https://funpay.com:443 "GET /users/10794022/ HTTP/1.1" 200 None
[18.09.2026 23:52:58] DEBUG · urllib3.connectionpool https://funpay.com:443 "POST /runner/ HTTP/1.1" 200 None
[18.09.2026 23:52:59] DEBUG · urllib3.connectionpool https://funpay.com:443 "GET /users/10794022/ HTTP/1.1" 200 None
[18.09.2026 23:53:01] DEBUG · urllib3.connectionpool https://funpay.com:443 "POST /runner/ HTTP/1.1" 200 None
[18.09.2026 23:53:02] DEBUG · urllib3.connectionpool https://funpay.com:443 "GET /users/10794022/ HTTP/1.1" 200 None
[18.09.2026 23:53:06] DEBUG · urllib3.connectionpool https://funpay.com:443 "POST /runner/ HTTP/1.1" 200 None
[18.09.2026 23:53:06] DEBUG · urllib3.connectionpool https://funpay.com:443 "GET /users/10794022/ HTTP/1.1" 200 None
[18.09.2026 23:53:09] DEBUG · urllib3.connectionpool https://funpay.com:443 "GET /users/10794022/ HTTP/1.1" 200 None
[18.09.2026 23:53:09] DEBUG · urllib3.connectionpool https://funpay.com:443 "POST /runner/ HTTP/1.1" 200 None
[18.09.2026 23:53:12] DEBUG · urllib3.connectionpool https://funpay.com:443 "GET /users/10794022/ HTTP/1.1" 200 None
[18.09.2026 23:53:13] DEBUG · urllib3.connectionpool https://funpay.com:443 "POST /runner/ HTTP/1.1" 200 None
[18.09.2026 23:53:15] DEBUG · urllib3.connectionpool https://funpay.com:443 "GET /users/10794022/ HTTP/1.1" 200 None
[18.09.2026 23:53:17] DEBUG · urllib3.connectionpool https://funpay.com:443 "POST /runner/ HTTP/1.1" 200 None
[18.09.2026 23:53:18] DEBUG · urllib3.connectionpool https://funpay.com:443 "GET /users/10794022/ HTTP/1.1" 200 None
[18.09.2026 23:53:21] DEBUG · urllib3.connectionpool https://funpay.com:443 "POST /runner/ HTTP/1.1" 200 None
[18.09.2026 23:53:22] DEBUG · urllib3.connectionpool https://funpay.com:443 "GET /users/10794022/ HTTP/1.1" 200 None
[18.09.2026 23:53:25] DEBUG · urllib3.connectionpool https://funpay.com:443 "GET /users/10794022/ HTTP/1.1" 200 None
[18.09.2026 23:53:25] DEBUG · urllib3.connectionpool https://funpay.com:443 "POST /runner/ HTTP/1.1" 200 None
[18.09.2026 23:53:28] DEBUG · urllib3.connectionpool https://funpay.com:443 "GET /users/10794022/ HTTP/1.1" 200 None
[18.09.2026 23:53:29] DEBUG · urllib3.connectionpool https://funpay.com:443 "POST /runner/ HTTP/1.1" 200 None
[18.09.2026 23:53:31] DEBUG · urllib3.connectionpool https://funpay.com:443 "GET /users/10794022/ HTTP/1.1" 200 None
[18.09.2026 23:53:33] DEBUG · urllib3.connectionpool https://funpay.com:443 "POST /runner/ HTTP/1.1" 200 None
[18.09.2026 23:53:35] DEBUG · urllib3.connectionpool https://funpay.com:443 "GET /users/10794022/ HTTP/1.1" 200 None
[18.09.2026 23:53:37] DEBUG · urllib3.connectionpool https://funpay.com:443 "POST /runner/ HTTP/1.1" 200 None
[18.09.2026 23:53:38] DEBUG · urllib3.connectionpool https://funpay.com:443 "GET /users/10794022/ HTTP/1.1" 200 None
[18.09.2026 23:53:41] DEBUG · urllib3.connectionpool https://funpay.com:443 "GET /users/10794022/ HTTP/1.1" 200 None
[18.09.2026 23:53:41] DEBUG · urllib3.connectionpool https://funpay.com:443 "POST /runner/ HTTP/1.1" 200 None
[18.09.2026 23:53:44] DEBUG · urllib3.connectionpool https://funpay.com:443 "GET /users/10794022/ HTTP/1.1" 200 None
[18.09.2026 23:53:45] DEBUG · urllib3.connectionpool https://funpay.com:443 "POST /runner/ HTTP/1.1" 200 None
[18.09.2026 23:53:48] DEBUG · urllib3.connectionpool https://funpay.com:443 "GET /users/10794022/ HTTP/1.1" 200 None
[18.09.2026 23:53:49] DEBUG · urllib3.connectionpool https://funpay.com:443 "POST /runner/ HTTP/1.1" 200 None
[18.09.2026 23:53:51] DEBUG · urllib3.connectionpool https://funpay.com:443 "GET /users/10794022/ HTTP/1.1" 200 None
[18.09.2026 23:53:53] DEBUG · urllib3.connectionpool https://funpay.com:443 "POST /runner/ HTTP/1.1" 200 None
[18.09.2026 23:53:54] DEBUG · urllib3.connectionpool https://funpay.com:443 "GET /users/10794022/ HTTP/1.1" 200 None
[18.09.2026 23:53:57] DEBUG · urllib3.connectionpool https://funpay.com:443 "GET /users/10794022/ HTTP/1.1" 200 None
[18.09.2026 23:53:57] DEBUG · urllib3.connectionpool https://funpay.com:443 "POST /runner/ HTTP/1.1" 200 None
[18.09.2026 23:54:01] DEBUG · urllib3.connectionpool https://funpay.com:443 "GET /users/10794022/ HTTP/1.1" 200 None
[18.09.2026 23:54:01] DEBUG · urllib3.connectionpool https://funpay.com:443 "POST /runner/ HTTP/1.1" 200 None
[18.09.2026 23:54:04] DEBUG · urllib3.connectionpool https://funpay.com:443 "GET /users/10794022/ HTTP/1.1" 200 None
[18.09.2026 23:54:05] DEBUG · urllib3.connectionpool https://funpay.com:443 "POST /runner/ HTTP/1.1" 200 None
[18.09.2026 23:54:07] DEBUG · urllib3.connectionpool https://funpay.com:443 "GET /users/10794022/ HTTP/1.1" 200 None
[18.09.2026 23:54:09] DEBUG · urllib3.connectionpool https://funpay.com:443 "POST /runner/ HTTP/1.1" 200 None
[18.09.2026 23:54:11] DEBUG · urllib3.connectionpool https://funpay.com:443 "GET /users/10794022/ HTTP/1.1" 200 None
[18.09.2026 23:54:14] DEBUG · urllib3.connectionpool https://funpay.com:443 "POST /runner/ HTTP/1.1" 200 None
[18.09.2026 23:54:14] DEBUG · urllib3.connectionpool https://funpay.com:443 "GET /users/10794022/ HTTP/1.1" 200 None
[18.09.2026 23:54:17] DEBUG · urllib3.connectionpool https://funpay.com:443 "GET /users/10794022/ HTTP/1.1" 200 None
[18.09.2026 23:54:17] DEBUG · urllib3.connectionpool https://funpay.com:443 "POST /runner/ HTTP/1.1" 200 None
[18.09.2026 23:54:21] DEBUG · urllib3.connectionpool https://funpay.com:443 "GET /users/10794022/ HTTP/1.1" 200 None
[18.09.2026 23:54:21] DEBUG · urllib3.connectionpool https://funpay.com:443 "POST /runner/ HTTP/1.1" 200 None
[18.09.2026 23:54:24] DEBUG · urllib3.connectionpool https://funpay.com:443 "GET /users/10794022/ HTTP/1.1" 200 None
[18.09.2026 23:54:25] DEBUG · urllib3.connectionpool https://funpay.com:443 "POST /runner/ HTTP/1.1" 200 None
[18.09.2026 23:54:28] DEBUG · urllib3.connectionpool https://funpay.com:443 "GET /users/10794022/ HTTP/1.1" 200 None
[18.09.2026 23:54:29] DEBUG · urllib3.connectionpool https://funpay.com:443 "POST /runner/ HTTP/1.1" 200 None
[18.09.2026 23:54:31] DEBUG · urllib3.connectionpool https://funpay.com:443 "GET /users/10794022/ HTTP/1.1" 200 None
[18.09.2026 23:54:33] DEBUG · urllib3.connectionpool https://funpay.com:443 "POST /runner/ HTTP/1.1" 200 None
[18.09.2026 23:54:34] DEBUG · urllib3.connectionpool https://funpay.com:443 "GET /users/10794022/ HTTP/1.1" 200 None
[18.09.2026 23:54:37] DEBUG · urllib3.connectionpool https://funpay.com:443 "POST /runner/ HTTP/1.1" 200 None
[18.09.2026 23:54:38] DEBUG · urllib3.connectionpool https://funpay.com:443 "GET /users/10794022/ HTTP/1.1" 200 None
[18.09.2026 23:54:41] DEBUG · urllib3.connectionpool https://funpay.com:443 "GET /users/10794022/ HTTP/1.1" 200 None
[18.09.2026 23:54:41] DEBUG · urllib3.connectionpool https://funpay.com:443 "POST /runner/ HTTP/1.1" 200 None
[18.09.2026 23:54:44] DEBUG · urllib3.connectionpool https://funpay.com:443 "GET /users/10794022/ HTTP/1.1" 200 None
[18.09.2026 23:54:45] DEBUG · urllib3.connectionpool https://funpay.com:443 "POST /runner/ HTTP/1.1" 200 None
[18.09.2026 23:54:48] DEBUG · urllib3.connectionpool https://funpay.com:443 "GET /users/10794022/ HTTP/1.1" 200 None
[18.09.2026 23:54:49] DEBUG · urllib3.connectionpool https://funpay.com:443 "POST /runner/ HTTP/1.1" 200 None
[18.09.2026 23:54:51] DEBUG · urllib3.connectionpool https://funpay.com:443 "GET /users/10794022/ HTTP/1.1" 200 None
[18.09.2026 23:54:54] DEBUG · urllib3.connectionpool https://funpay.com:443 "POST /runner/ HTTP/1.1" 200 None
[18.09.2026 23:54:54] DEBUG · urllib3.connectionpool https://funpay.com:443 "GET /users/10794022/ HTTP/1.1" 200 None
[18.09.2026 23:54:58] DEBUG · urllib3.connectionpool https://funpay.com:443 "GET /users/10794022/ HTTP/1.1" 200 None
[18.09.2026 23:54:58] DEBUG · urllib3.connectionpool https://funpay.com:443 "POST /runner/ HTTP/1.1" 200 None
[18.09.2026 23:55:01] DEBUG · urllib3.connectionpool https://funpay.com:443 "GET /users/10794022/ HTTP/1.1" 200 None
[18.09.2026 23:55:02] DEBUG · urllib3.connectionpool https://funpay.com:443 "POST /runner/ HTTP/1.1" 200 None
[18.09.2026 23:55:05] DEBUG · urllib3.connectionpool https://funpay.com:443 "GET /users/10794022/ HTTP/1.1" 200 None
[18.09.2026 23:55:05] DEBUG · urllib3.connectionpool https://funpay.com:443 "POST /runner/ HTTP/1.1" 200 None
[18.09.2026 23:55:08] DEBUG · urllib3.connectionpool https://funpay.com:443 "GET /users/10794022/ HTTP/1.1" 200 None
[18.09.2026 23:55:09] DEBUG · urllib3.connectionpool https://funpay.com:443 "POST /runner/ HTTP/1.1" 200 None
[18.09.2026 23:55:11] DEBUG · urllib3.connectionpool https://funpay.com:443 "GET /users/10794022/ HTTP/1.1" 200 None
[18.09.2026 23:55:13] DEBUG · urllib3.connectionpool https://funpay.com:443 "POST /runner/ HTTP/1.1" 200 None
[18.09.2026 23:55:15] DEBUG · urllib3.connectionpool https://funpay.com:443 "GET /users/10794022/ HTTP/1.1" 200 None
[18.09.2026 23:55:17] DEBUG · urllib3.connectionpool https://funpay.com:443 "POST /runner/ HTTP/1.1" 200 None
[18.09.2026 23:55:18] DEBUG · urllib3.connectionpool https://funpay.com:443 "GET /users/10794022/ HTTP/1.1" 200 None
[18.09.2026 23:55:21] DEBUG · urllib3.connectionpool https://funpay.com:443 "GET /users/10794022/ HTTP/1.1" 200 None
[18.09.2026 23:55:21] DEBUG · urllib3.connectionpool https://funpay.com:443 "POST /runner/ HTTP/1.1" 200 None
[18.09.2026 23:55:25] DEBUG · urllib3.connectionpool https://funpay.com:443 "GET /users/10794022/ HTTP/1.1" 200 None
[18.09.2026 23:55:25] DEBUG · urllib3.connectionpool https://funpay.com:443 "POST /runner/ HTTP/1.1" 200 None
[18.09.2026 23:55:28] DEBUG · urllib3.connectionpool https://funpay.com:443 "GET /users/10794022/ HTTP/1.1" 200 None
[18.09.2026 23:55:29] DEBUG · urllib3.connectionpool https://funpay.com:443 "POST /runner/ HTTP/1.1" 200 None
[18.09.2026 23:55:31] DEBUG · urllib3.connectionpool https://funpay.com:443 "GET /users/10794022/ HTTP/1.1" 200 None
[18.09.2026 23:55:33] DEBUG · urllib3.connectionpool https://funpay.com:443 "POST /runner/ HTTP/1.1" 200 None
[18.09.2026 23:55:35] DEBUG · urllib3.connectionpool https://funpay.com:443 "GET /users/10794022/ HTTP/1.1" 200 None
[18.09.2026 23:55:37] DEBUG · urllib3.connectionpool https://funpay.com:443 "POST /runner/ HTTP/1.1" 200 None
[18.09.2026 23:55:38] DEBUG · urllib3.connectionpool https://funpay.com:443 "GET /users/10794022/ HTTP/1.1" 200 None
[18.09.2026 23:55:39] DEBUG · urllib3.connectionpool Starting new HTTPS connection (1): api.github.com:443
[18.09.2026 23:55:39] DEBUG · urllib3.connectionpool https://api.github.com:443 "GET /repos/alleexxeeyy/funpay-universal/releases HTTP/1.1" 200 5955
[18.09.2026 23:55:41] DEBUG · urllib3.connectionpool https://funpay.com:443 "GET /users/10794022/ HTTP/1.1" 200 None
[18.09.2026 23:55:41] DEBUG · urllib3.connectionpool https://funpay.com:443 "POST /runner/ HTTP/1.1" 200 None
[18.09.2026 23:55:44] DEBUG · urllib3.connectionpool https://funpay.com:443 "GET /users/10794022/ HTTP/1.1" 200 None
[18.09.2026 23:55:45] DEBUG · urllib3.connectionpool https://funpay.com:443 "POST /runner/ HTTP/1.1" 200 None
[18.09.2026 23:55:48] DEBUG · urllib3.connectionpool https://funpay.com:443 "GET /users/10794022/ HTTP/1.1" 200 None
[18.09.2026 23:55:49] DEBUG · urllib3.connectionpool https://funpay.com:443 "POST /runner/ HTTP/1.1" 200 None
[18.09.2026 23:55:51] DEBUG · urllib3.connectionpool https://funpay.com:443 "GET /users/10794022/ HTTP/1.1" 200 None
[18.09.2026 23:55:53] DEBUG · urllib3.connectionpool https://funpay.com:443 "POST /runner/ HTTP/1.1" 200 None
[18.09.2026 23:55:54] DEBUG · urllib3.connectionpool https://funpay.com:443 "GET /users/10794022/ HTTP/1.1" 200 None
[18.09.2026 23:55:57] DEBUG · urllib3.connectionpool https://funpay.com:443 "GET /users/10794022/ HTTP/1.1" 200 None
[18.09.2026 23:55:57] DEBUG · urllib3.connectionpool https://funpay.com:443 "POST /runner/ HTTP/1.1" 200 None
[18.09.2026 23:56:01] DEBUG · urllib3.connectionpool https://funpay.com:443 "GET /users/10794022/ HTTP/1.1" 200 None
[18.09.2026 23:56:01] DEBUG · urllib3.connectionpool https://funpay.com:443 "POST /runner/ HTTP/1.1" 200 None
[18.09.2026 23:56:04] DEBUG · urllib3.connectionpool https://funpay.com:443 "GET /users/10794022/ HTTP/1.1" 200 None
[18.09.2026 23:56:05] DEBUG · urllib3.connectionpool https://funpay.com:443 "POST /runner/ HTTP/1.1" 200 None
[18.09.2026 23:56:07] DEBUG · urllib3.connectionpool https://funpay.com:443 "GET /users/10794022/ HTTP/1.1" 200 None
[18.09.2026 23:56:09] DEBUG · urllib3.connectionpool https://funpay.com:443 "POST /runner/ HTTP/1.1" 200 None
[18.09.2026 23:56:10] DEBUG · urllib3.connectionpool https://funpay.com:443 "GET /users/10794022/ HTTP/1.1" 200 None
[18.09.2026 23:56:13] DEBUG · urllib3.connectionpool Resetting dropped connection: funpay.com
[18.09.2026 23:56:13] DEBUG · urllib3.connectionpool https://funpay.com:443 "GET /users/10794022/ HTTP/1.1" 200 None
[18.09.2026 23:56:14] DEBUG · urllib3.connectionpool https://funpay.com:443 "POST /runner/ HTTP/1.1" 200 None
[18.09.2026 23:56:17] DEBUG · urllib3.connectionpool https://funpay.com:443 "GET /users/10794022/ HTTP/1.1" 200 None
[18.09.2026 23:56:17] DEBUG · urllib3.connectionpool https://funpay.com:443 "POST /runner/ HTTP/1.1" 200 None
[18.09.2026 23:56:20] DEBUG · urllib3.connectionpool https://funpay.com:443 "GET /users/10794022/ HTTP/1.1" 200 None
[18.09.2026 23:56:22] DEBUG · urllib3.connectionpool https://funpay.com:443 "POST /runner/ HTTP/1.1" 200 None
[18.09.2026 23:56:24] DEBUG · urllib3.connectionpool https://funpay.com:443 "GET /users/10794022/ HTTP/1.1" 200 None
[18.09.2026 23:56:25] DEBUG · urllib3.connectionpool https://funpay.com:443 "POST /runner/ HTTP/1.1" 200 None
[18.09.2026 23:56:27] DEBUG · urllib3.connectionpool https://funpay.com:443 "GET /users/10794022/ HTTP/1.1" 200 None
[18.09.2026 23:56:29] DEBUG · urllib3.connectionpool https://funpay.com:443 "POST /runner/ HTTP/1.1" 200 None
[18.09.2026 23:56:30] DEBUG · urllib3.connectionpool https://funpay.com:443 "GET /users/10794022/ HTTP/1.1" 200 None
[18.09.2026 23:56:34] DEBUG · urllib3.connectionpool https://funpay.com:443 "POST /runner/ HTTP/1.1" 200 None
[18.09.2026 23:56:34] DEBUG · urllib3.connectionpool https://funpay.com:443 "GET /users/10794022/ HTTP/1.1" 200 None
[18.09.2026 23:56:37] DEBUG · urllib3.connectionpool https://funpay.com:443 "GET /users/10794022/ HTTP/1.1" 200 None
[18.09.2026 23:56:37] DEBUG · urllib3.connectionpool https://funpay.com:443 "POST /runner/ HTTP/1.1" 200 None
[18.09.2026 23:56:40] DEBUG · urllib3.connectionpool https://funpay.com:443 "GET /users/10794022/ HTTP/1.1" 200 None
[18.09.2026 23:56:41] DEBUG · urllib3.connectionpool https://funpay.com:443 "POST /runner/ HTTP/1.1" 200 None
[18.09.2026 23:56:43] DEBUG · urllib3.connectionpool https://funpay.com:443 "GET /users/10794022/ HTTP/1.1" 200 None
[18.09.2026 23:56:45] DEBUG · urllib3.connectionpool https://funpay.com:443 "POST /runner/ HTTP/1.1" 200 None
[18.09.2026 23:56:46] DEBUG · urllib3.connectionpool https://funpay.com:443 "GET /users/10794022/ HTTP/1.1" 200 None
[18.09.2026 23:56:49] DEBUG · urllib3.connectionpool https://funpay.com:443 "POST /runner/ HTTP/1.1" 200 None
[18.09.2026 23:56:50] DEBUG · urllib3.connectionpool https://funpay.com:443 "GET /users/10794022/ HTTP/1.1" 200 None
[18.09.2026 23:56:53] DEBUG · urllib3.connectionpool https://funpay.com:443 "GET /users/10794022/ HTTP/1.1" 200 None
[18.09.2026 23:56:53] DEBUG · urllib3.connectionpool https://funpay.com:443 "POST /runner/ HTTP/1.1" 200 None
[18.09.2026 23:56:56] DEBUG · urllib3.connectionpool https://funpay.com:443 "GET /users/10794022/ HTTP/1.1" 200 None
[18.09.2026 23:56:57] DEBUG · urllib3.connectionpool https://funpay.com:443 "POST /runner/ HTTP/1.1" 200 None
[18.09.2026 23:57:00] DEBUG · urllib3.connectionpool https://funpay.com:443 "GET /users/10794022/ HTTP/1.1" 200 None
[18.09.2026 23:57:01] DEBUG · urllib3.connectionpool https://funpay.com:443 "POST /runner/ HTTP/1.1" 200 None
[18.09.2026 23:57:03] DEBUG · urllib3.connectionpool https://funpay.com:443 "GET /users/10794022/ HTTP/1.1" 200 None
[18.09.2026 23:57:05] DEBUG · urllib3.connectionpool https://funpay.com:443 "POST /runner/ HTTP/1.1" 200 None
[18.09.2026 23:57:06] DEBUG · urllib3.connectionpool https://funpay.com:443 "GET /users/10794022/ HTTP/1.1" 200 None
[18.09.2026 23:57:09] DEBUG · urllib3.connectionpool https://funpay.com:443 "GET /users/10794022/ HTTP/1.1" 200 None
[18.09.2026 23:57:09] DEBUG · urllib3.connectionpool https://funpay.com:443 "POST /runner/ HTTP/1.1" 200 None
[18.09.2026 23:57:13] DEBUG · urllib3.connectionpool https://funpay.com:443 "GET /users/10794022/ HTTP/1.1" 200 None
[18.09.2026 23:57:13] DEBUG · urllib3.connectionpool https://funpay.com:443 "POST /runner/ HTTP/1.1" 200 None
[18.09.2026 23:57:16] DEBUG · urllib3.connectionpool https://funpay.com:443 "GET /users/10794022/ HTTP/1.1" 200 None
[18.09.2026 23:57:17] DEBUG · urllib3.connectionpool https://funpay.com:443 "POST /runner/ HTTP/1.1" 200 None
[18.09.2026 23:57:20] DEBUG · urllib3.connectionpool https://funpay.com:443 "GET /users/10794022/ HTTP/1.1" 200 None
[18.09.2026 23:57:22] DEBUG · urllib3.connectionpool https://funpay.com:443 "POST /runner/ HTTP/1.1" 200 None
[18.09.2026 23:57:23] DEBUG · urllib3.connectionpool https://funpay.com:443 "GET /users/10794022/ HTTP/1.1" 200 None
[18.09.2026 23:57:25] DEBUG · urllib3.connectionpool https://funpay.com:443 "POST /runner/ HTTP/1.1" 200 None
[18.09.2026 23:57:26] DEBUG · urllib3.connectionpool https://funpay.com:443 "GET /users/10794022/ HTTP/1.1" 200 None
[18.09.2026 23:57:29] DEBUG · urllib3.connectionpool https://funpay.com:443 "GET /users/10794022/ HTTP/1.1" 200 None
[18.09.2026 23:57:29] DEBUG · urllib3.connectionpool https://funpay.com:443 "POST /runner/ HTTP/1.1" 200 None
[18.09.2026 23:57:33] DEBUG · urllib3.connectionpool https://funpay.com:443 "GET /users/10794022/ HTTP/1.1" 200 None
[18.09.2026 23:57:34] DEBUG · urllib3.connectionpool https://funpay.com:443 "POST /runner/ HTTP/1.1" 200 None
[18.09.2026 23:57:36] DEBUG · urllib3.connectionpool https://funpay.com:443 "GET /users/10794022/ HTTP/1.1" 200 None
[18.09.2026 23:57:37] DEBUG · urllib3.connectionpool https://funpay.com:443 "POST /runner/ HTTP/1.1" 200 None
[18.09.2026 23:57:39] DEBUG · urllib3.connectionpool https://funpay.com:443 "GET /users/10794022/ HTTP/1.1" 200 None
[18.09.2026 23:57:41] DEBUG · urllib3.connectionpool https://funpay.com:443 "POST /runner/ HTTP/1.1" 200 None
[18.09.2026 23:57:42] DEBUG · urllib3.connectionpool https://funpay.com:443 "GET /users/10794022/ HTTP/1.1" 200 None
[18.09.2026 23:57:46] DEBUG · urllib3.util.retry   Incremented Retry for (url='/users/10794022/'): Retry(total=5, connect=6, read=5, redirect=6, status=6)
[18.09.2026 23:57:46] DEBUG · urllib3.util.retry   Incremented Retry for (url='/runner/'): Retry(total=5, connect=6, read=5, redirect=6, status=6)
[18.09.2026 23:57:46] WARNING · urllib3.connectionpool Retrying (Retry(total=5, connect=6, read=5, redirect=6, status=6)) after connection broken by 'ProtocolError('Connection aborted.', RemoteDisconnected('Remote end closed connection without response'))': /users/10794022/
[18.09.2026 23:57:46] DEBUG · urllib3.connectionpool Starting new HTTPS connection (5): funpay.com:443
[18.09.2026 23:57:46] WARNING · urllib3.connectionpool Retrying (Retry(total=5, connect=6, read=5, redirect=6, status=6)) after connection broken by 'ProtocolError('Connection aborted.', RemoteDisconnected('Remote end closed connection without response'))': /runner/
[18.09.2026 23:57:46] DEBUG · urllib3.connectionpool Starting new HTTPS connection (6): funpay.com:443
[18.09.2026 23:57:46] DEBUG · urllib3.util.retry   Incremented Retry for (url='/runner/'): Retry(total=4, connect=6, read=4, redirect=6, status=6)
[18.09.2026 23:57:46] DEBUG · urllib3.util.retry   Incremented Retry for (url='/users/10794022/'): Retry(total=4, connect=6, read=4, redirect=6, status=6)
[18.09.2026 23:57:48] WARNING · urllib3.connectionpool Retrying (Retry(total=4, connect=6, read=4, redirect=6, status=6)) after connection broken by 'ProtocolError('Connection aborted.', RemoteDisconnected('Remote end closed connection without response'))': /users/10794022/
[18.09.2026 23:57:48] DEBUG · urllib3.connectionpool Starting new HTTPS connection (7): funpay.com:443
[18.09.2026 23:57:48] WARNING · urllib3.connectionpool Retrying (Retry(total=4, connect=6, read=4, redirect=6, status=6)) after connection broken by 'ProtocolError('Connection aborted.', ConnectionResetError(10054, 'Удаленный хост принудительно разорвал существующее подключение', None, 10054, None))': /runner/
[18.09.2026 23:57:48] DEBUG · urllib3.connectionpool Starting new HTTPS connection (8): funpay.com:443
[18.09.2026 23:57:49] DEBUG · urllib3.connectionpool https://funpay.com:443 "POST /runner/ HTTP/1.1" 200 None
[18.09.2026 23:57:49] DEBUG · urllib3.connectionpool https://funpay.com:443 "GET /users/10794022/ HTTP/1.1" 200 None
[18.09.2026 23:57:50] DEBUG · urllib3.connectionpool https://funpay.com:443 "POST /runner/ HTTP/1.1" 200 None
[18.09.2026 23:57:53] DEBUG · urllib3.connectionpool https://funpay.com:443 "GET /users/10794022/ HTTP/1.1" 200 None
[19.09.2026 08:38:23] DEBUG · urllib3.connectionpool Starting new HTTPS connection (1): api.github.com:443
[19.09.2026 08:38:23] DEBUG · urllib3.connectionpool https://api.github.com:443 "GET /repos/alleexxeeyy/funpay-universal/releases HTTP/1.1" 200 5955
[19.09.2026 08:38:23] INFO · universal.updater    У вас установлена последняя версия: 1.18.2
[19.09.2026 08:38:23] INFO · universal            
[19.09.2026 08:38:23] DEBUG · urllib3.connectionpool Starting new HTTPS connection (1): funpay.com:443
[19.09.2026 08:38:24] DEBUG · urllib3.connectionpool https://funpay.com:443 "GET / HTTP/1.1" 200 None
[19.09.2026 08:38:25] INFO · universal            FunPay аккаунт успешно авторизован.
[19.09.2026 08:38:25] DEBUG · urllib3.connectionpool Starting new HTTPS connection (1): funpay.com:443
[19.09.2026 08:38:26] DEBUG · urllib3.connectionpool https://funpay.com:443 "GET / HTTP/1.1" 200 None
[19.09.2026 08:38:28] DEBUG · urllib3.connectionpool https://funpay.com:443 "GET /users/10794022/ HTTP/1.1" 200 None
[19.09.2026 08:38:28] DEBUG · urllib3.connectionpool Starting new HTTPS connection (1): api.telegram.org:443
[19.09.2026 08:38:28] DEBUG · urllib3.connectionpool https://api.telegram.org:443 "GET /bot8756373718:AAF7UShfdcPoSa4xL_OhGoEeELgqwJzepak/getMe HTTP/1.1" 200 416
[19.09.2026 08:38:28] INFO · universal            Telegram бот успешно работает.
[19.09.2026 08:38:28] INFO · universal            
[19.09.2026 08:38:29] DEBUG · asyncio              Using proactor: IocpProactor
[19.09.2026 08:38:29] INFO · universal.modules    Подключен 1 модуль: Apple TopUp 1.0.0
[19.09.2026 08:38:29] DEBUG · asyncio              Using proactor: IocpProactor
[19.09.2026 08:38:29] DEBUG · urllib3.connectionpool Starting new HTTPS connection (1): funpay.com:443
[19.09.2026 08:38:30] DEBUG · urllib3.connectionpool https://funpay.com:443 "GET / HTTP/1.1" 200 None
[19.09.2026 08:38:31] INFO · universal.funpay     
[19.09.2026 08:38:31] INFO · universal.funpay     FunPay бот запущен и активен
[19.09.2026 08:38:31] INFO · universal.funpay     
[19.09.2026 08:38:31] INFO · universal.funpay     ───────────────────────────────────────
[19.09.2026 08:38:31] INFO · universal.funpay     Информация об аккаунте:
[19.09.2026 08:38:31] INFO · universal.funpay      · ID: 10794022
[19.09.2026 08:38:31] INFO · universal.funpay      · Никнейм: Slavikbebryan
[19.09.2026 08:38:31] INFO · universal.funpay      · Баланс: 9853 RUB
[19.09.2026 08:38:31] INFO · universal.funpay      · Активные продажи: 3
[19.09.2026 08:38:31] INFO · universal.funpay      · Активные покупки: 0
[19.09.2026 08:38:31] INFO · universal.funpay     ───────────────────────────────────────
[19.09.2026 08:38:31] DEBUG · asyncio              Using proactor: IocpProactor
[19.09.2026 08:38:31] DEBUG · urllib3.connectionpool Starting new HTTPS connection (2): funpay.com:443
[19.09.2026 08:38:31] DEBUG · urllib3.connectionpool Starting new HTTPS connection (3): funpay.com:443
[19.09.2026 08:38:31] DEBUG · urllib3.connectionpool Starting new HTTPS connection (4): funpay.com:443
[19.09.2026 08:38:31] DEBUG · urllib3.connectionpool https://funpay.com:443 "GET /users/10794022/ HTTP/1.1" 200 None
[19.09.2026 08:38:31] INFO · universal.telegram   
[19.09.2026 08:38:31] INFO · universal.telegram   Telegram бот @panel_funpay_bot запущен и активен
[19.09.2026 08:38:31] DEBUG · urllib3.connectionpool https://funpay.com:443 "POST /runner/ HTTP/1.1" 200 None
[19.09.2026 08:38:31] DEBUG · urllib3.connectionpool https://funpay.com:443 "GET / HTTP/1.1" 200 None
[19.09.2026 08:38:32] DEBUG · urllib3.connectionpool https://funpay.com:443 "GET /orders/trade HTTP/1.1" 200 None
[19.09.2026 08:38:32] DEBUG · urllib3.connectionpool https://funpay.com:443 "GET /users/10794022/ HTTP/1.1" 200 None
[19.09.2026 08:38:32] INFO · modules.apple_topup  🍎 Apple TopUp: незавершённых заказов для восстановления нет
[19.09.2026 08:38:32] DEBUG · asyncio              Using proactor: IocpProactor
[19.09.2026 08:38:32] DEBUG · urllib3.connectionpool https://funpay.com:443 "POST /lots/raise HTTP/1.1" 200 None
[19.09.2026 08:38:32] DEBUG · FunPayAPI.account    Ответ FunPay (поднятие категорий): {'error': True, 'msg': 'Подождите 4 часа.', 'wait': 13544, 'unlock_at': '2026-09-19T09:24:16Z'}.
[19.09.2026 08:38:32] WARNING · universal.funpay     Категорию «Прочее» можно будет поднять через 13544 сек.
[19.09.2026 08:38:32] DEBUG · urllib3.connectionpool https://funpay.com:443 "POST /lots/raise HTTP/1.1" 200 None
[19.09.2026 08:38:32] DEBUG · FunPayAPI.account    Ответ FunPay (поднятие категорий): {'error': True, 'msg': 'Подождите 3 часа.', 'wait': 9776, 'unlock_at': '2026-09-19T08:21:28Z'}.
[19.09.2026 08:38:32] WARNING · universal.funpay     Категорию «Аккаунты» можно будет поднять через 9776 сек.
[19.09.2026 08:38:32] DEBUG · urllib3.connectionpool https://funpay.com:443 "POST /lots/raise HTTP/1.1" 200 None
[19.09.2026 08:38:32] DEBUG · FunPayAPI.account    Ответ FunPay (поднятие категорий): {'error': True, 'msg': 'Подождите 4 часа.', 'wait': 13550, 'unlock_at': '2026-09-19T09:24:22Z'}.
[19.09.2026 08:38:32] WARNING · universal.funpay     Категорию «Промокоды» можно будет поднять через 13550 сек.
[19.09.2026 08:38:33] DEBUG · urllib3.connectionpool https://funpay.com:443 "POST /lots/raise HTTP/1.1" 200 None
[19.09.2026 08:38:33] DEBUG · FunPayAPI.account    Ответ FunPay (поднятие категорий): {'error': True, 'msg': 'Подождите 4 часа.', 'wait': 13549, 'unlock_at': '2026-09-19T09:24:22Z'}.
[19.09.2026 08:38:33] WARNING · universal.funpay     Категорию «Прочее» можно будет поднять через 13549 сек.
[19.09.2026 08:38:33] DEBUG · urllib3.connectionpool https://funpay.com:443 "POST /lots/raise HTTP/1.1" 200 None
[19.09.2026 08:38:33] DEBUG · FunPayAPI.account    Ответ FunPay (поднятие категорий): {'error': True, 'msg': 'Подождите 3 часа.', 'wait': 10528, 'unlock_at': '2026-09-19T08:34:01Z'}.
[19.09.2026 08:38:33] WARNING · universal.funpay     Категорию «Прочее» можно будет поднять через 10528 сек.
[19.09.2026 08:38:33] DEBUG · urllib3.connectionpool https://funpay.com:443 "POST /lots/raise HTTP/1.1" 200 None
[19.09.2026 08:38:33] DEBUG · FunPayAPI.account    Ответ FunPay (поднятие категорий): {'error': True, 'msg': 'Подождите 4 часа.', 'wait': 13555, 'unlock_at': '2026-09-19T09:24:28Z'}.
[19.09.2026 08:38:33] WARNING · universal.funpay     Категорию «Услуги» можно будет поднять через 13555 сек.
[19.09.2026 08:38:33] DEBUG · urllib3.connectionpool https://funpay.com:443 "POST /lots/raise HTTP/1.1" 200 None
[19.09.2026 08:38:33] DEBUG · FunPayAPI.account    Ответ FunPay (поднятие категорий): {'error': True, 'msg': 'Подождите 4 часа.', 'wait': 13559, 'unlock_at': '2026-09-19T09:24:32Z'}.
[19.09.2026 08:38:33] WARNING · universal.funpay     Категорию «Прочее» можно будет поднять через 13559 сек.
[19.09.2026 08:38:33] DEBUG · urllib3.connectionpool https://funpay.com:443 "POST /lots/raise HTTP/1.1" 200 None
[19.09.2026 08:38:33] DEBUG · FunPayAPI.account    Ответ FunPay (поднятие категорий): {'error': True, 'msg': 'Подождите 3 часа.', 'wait': 9804, 'unlock_at': '2026-09-19T08:21:57Z'}.
[19.09.2026 08:38:33] WARNING · universal.funpay     Категорию «Аккаунты» можно будет поднять через 9804 сек.
[19.09.2026 08:38:33] DEBUG · urllib3.connectionpool https://funpay.com:443 "POST /lots/raise HTTP/1.1" 200 None
[19.09.2026 08:38:33] DEBUG · FunPayAPI.account    Ответ FunPay (поднятие категорий): {'error': True, 'msg': 'Подождите 3 часа.', 'wait': 9169, 'unlock_at': '2026-09-19T08:11:22Z'}.
[19.09.2026 08:38:33] WARNING · universal.funpay     Категорию «Гайды» можно будет поднять через 9169 сек.
[19.09.2026 08:38:33] DEBUG · urllib3.connectionpool https://funpay.com:443 "POST /lots/raise HTTP/1.1" 200 None
[19.09.2026 08:38:33] DEBUG · FunPayAPI.account    Ответ FunPay (поднятие категорий): {'error': True, 'msg': 'Подождите 3 часа.', 'wait': 9169, 'unlock_at': '2026-09-19T08:11:22Z'}.
[19.09.2026 08:38:33] WARNING · universal.funpay     Категорию «Конфиги» можно будет поднять через 9169 сек.
[19.09.2026 08:38:33] DEBUG · urllib3.connectionpool https://funpay.com:443 "POST /lots/raise HTTP/1.1" 200 None
[19.09.2026 08:38:33] DEBUG · FunPayAPI.account    Ответ FunPay (поднятие категорий): {'error': True, 'msg': 'Подождите 3 часа.', 'wait': 9169, 'unlock_at': '2026-09-19T08:11:22Z'}.
[19.09.2026 08:38:33] WARNING · universal.funpay     Категорию «Ресурс-паки» можно будет поднять через 9169 сек.
[19.09.2026 08:38:33] DEBUG · urllib3.connectionpool https://funpay.com:443 "POST /lots/raise HTTP/1.1" 429 162
[19.09.2026 08:38:33] DEBUG · universal.utils      https://funpay.com/lots/raise — 429. Пробую отправить запрос снова через 5.0 сек.
[19.09.2026 08:38:35] DEBUG · urllib3.connectionpool https://funpay.com:443 "POST /runner/ HTTP/1.1" 200 None
[19.09.2026 08:38:39] DEBUG · urllib3.connectionpool https://funpay.com:443 "POST /runner/ HTTP/1.1" 200 None
[19.09.2026 08:38:39] DEBUG · urllib3.connectionpool https://funpay.com:443 "POST /lots/raise HTTP/1.1" 200 None
[19.09.2026 08:38:39] DEBUG · FunPayAPI.account    Ответ FunPay (поднятие категорий): {'error': True, 'msg': 'Подождите 4 часа.', 'wait': 13557, 'unlock_at': '2026-09-19T09:24:36Z'}.
[19.09.2026 08:38:39] WARNING · universal.funpay     Категорию «Шаблоны» можно будет поднять через 13557 сек.
[19.09.2026 08:38:39] DEBUG · urllib3.connectionpool https://funpay.com:443 "POST /lots/raise HTTP/1.1" 200 None
[19.09.2026 08:38:39] DEBUG · FunPayAPI.account    Ответ FunPay (поднятие категорий): {'error': True, 'msg': 'Подождите 2 часа.', 'wait': 5874, 'unlock_at': '2026-09-19T07:16:33Z'}.
[19.09.2026 08:38:39] WARNING · universal.funpay     Категорию «Подписка» можно будет поднять через 5874 сек.
[19.09.2026 08:38:39] DEBUG · urllib3.connectionpool https://funpay.com:443 "POST /lots/raise HTTP/1.1" 429 162
[19.09.2026 08:38:39] DEBUG · universal.utils      https://funpay.com/lots/raise — 429. Пробую отправить запрос снова через 5.0 сек.
[19.09.2026 08:38:43] DEBUG · urllib3.connectionpool https://funpay.com:443 "POST /runner/ HTTP/1.1" 200 None
[19.09.2026 08:38:45] DEBUG · urllib3.connectionpool https://funpay.com:443 "POST /lots/raise HTTP/1.1" 200 None
[19.09.2026 08:38:45] DEBUG · FunPayAPI.account    Ответ FunPay (поднятие категорий): {'error': True, 'msg': 'Подождите 2 часа.', 'wait': 8760, 'unlock_at': '2026-09-19T08:04:45Z'}.
[19.09.2026 08:38:45] WARNING · universal.funpay     Категорию «Услуги» можно будет поднять через 8760 сек.
[19.09.2026 08:38:45] DEBUG · urllib3.connectionpool https://funpay.com:443 "POST /lots/raise HTTP/1.1" 200 None
[19.09.2026 08:38:45] DEBUG · FunPayAPI.account    Ответ FunPay (поднятие категорий): {'error': True, 'msg': 'Подождите 4 часа.', 'wait': 13562, 'unlock_at': '2026-09-19T09:24:47Z'}.
[19.09.2026 08:38:45] WARNING · universal.funpay     Категорию «Прочее» можно будет поднять через 13562 сек.
[19.09.2026 08:38:47] DEBUG · urllib3.connectionpool https://funpay.com:443 "POST /runner/ HTTP/1.1" 200 None
[19.09.2026 08:38:47] DEBUG · urllib3.connectionpool https://funpay.com:443 "GET /orders/trade HTTP/1.1" 200 None
[19.09.2026 08:38:48] DEBUG · urllib3.connectionpool https://funpay.com:443 "POST /runner/ HTTP/1.1" 200 None
[19.09.2026 08:38:48] DEBUG · urllib3.connectionpool https://funpay.com:443 "GET /users/10794022/ HTTP/1.1" 200 None
[19.09.2026 08:38:50] INFO · universal.funpay     ───────────────────────────────────────
[19.09.2026 08:38:50] INFO · universal.funpay     Новый заказ #PJKD5F81:
[19.09.2026 08:38:50] INFO · universal.funpay      · Покупатель: barabanjj22
[19.09.2026 08:38:50] INFO · universal.funpay      · Товар: ⚡️💎【АВТО-ВЫДАЧА 24/7】⚡️💎【SoundCloud GO+】 ⚡️💎【1 МЕСЯЦ】⚡️💎 【ЛЮБОЙ IOS】, GO+, 1 месяц
[19.09.2026 08:38:50] INFO · universal.funpay      · Количество: 1
[19.09.2026 08:38:50] INFO · universal.funpay      · Сумма: 101.9 RUB
[19.09.2026 08:38:50] INFO · universal.funpay     ───────────────────────────────────────
[19.09.2026 08:38:51] DEBUG · urllib3.connectionpool https://funpay.com:443 "GET /users/21396664/ HTTP/1.1" 200 None
[19.09.2026 08:38:51] DEBUG · urllib3.connectionpool https://funpay.com:443 "GET /lots/3826/trade HTTP/1.1" 200 None
[19.09.2026 08:38:51] INFO · universal.funpay     Новое сообщение в чате с barabanjj22:
[19.09.2026 08:38:51] INFO · universal.funpay     │ FunPay:
[19.09.2026 08:38:51] INFO · universal.funpay     │ Покупатель barabanjj22 оплатил заказ #PJKD5F81. SoundCloud, Подписка, ⚡️💎【АВТО-
[19.09.2026 08:38:51] INFO · universal.funpay     │ ВЫДАЧА 24/7】⚡️💎【SoundCloud GO+】 ⚡️💎【1 МЕСЯЦ】⚡️💎 【ЛЮБОЙ IOS】, GO+, 1 месяц.
[19.09.2026 08:38:51] INFO · universal.funpay     │ barabanjj22, не забудьте потом нажать кнопку «Подтвердить выполнение заказа».
[19.09.2026 08:38:51] INFO · universal.funpay     └─────────────────────────────────────────────────────────────────────────────────
[19.09.2026 08:38:51] INFO · modules.apple_topup  🍎 Apple TopUp DEBUG: найден ID заказа PJKD5F81 в системном сообщении
[19.09.2026 08:38:51] DEBUG · urllib3.connectionpool https://funpay.com:443 "POST /api/orders/get HTTP/1.1" 200 None
[19.09.2026 08:38:51] DEBUG · urllib3.connectionpool https://funpay.com:443 "GET /lots/3826/trade HTTP/1.1" 200 None
[19.09.2026 08:38:51] INFO · modules.apple_topup  🍎 Apple TopUp: offer_id не был передан FunPay; лот определён по частичному совпадению названия: 72853562
[19.09.2026 08:38:51] INFO · modules.apple_topup  🍎 Apple TopUp: выбран лот 72853562 -> Apple TopUp 10 TRY x4, 10_try (всего 4 кодов)
[19.09.2026 08:38:51] INFO · modules.apple_topup  🍎 Apple TopUp: сценарий запущен для заказа PJKD5F81 (barabanjj22)
[19.09.2026 08:38:51] DEBUG · urllib3.connectionpool https://funpay.com:443 "POST /runner/ HTTP/1.1" 200 None
[19.09.2026 08:38:51] INFO · modules.apple_topup  🍎 Apple TopUp: приветственное сообщение отправлено для заказа PJKD5F81
[19.09.2026 08:38:51] INFO · universal.funpay     Новое сообщение в чате с barabanjj22:
[19.09.2026 08:38:51] INFO · universal.funpay     │ Slavikbebryan:
[19.09.2026 08:38:51] INFO · universal.funpay     │ Спасибо что выбрал меня!
[19.09.2026 08:38:51] INFO · universal.funpay     │ В течении 2-5 минут я отвечу тебе
[19.09.2026 08:38:51] INFO · universal.funpay     │ Если я не отвечаю 5-10 минут это означает что я: не у устройства с которого
[19.09.2026 08:38:51] INFO · universal.funpay     │ может ответить, спит, не имеет доступа к интернету.
[19.09.2026 08:38:51] INFO · universal.funpay     │ В этом случае не волнуйтесь, как я буду в сети, я вам обязательно отвечу❗️
[19.09.2026 08:38:51] INFO · universal.funpay     └─────────────────────────────────────────────────────────────────────────────
[19.09.2026 08:38:51] DEBUG · modules.apple_topup  🍎 Apple TopUp DEBUG: сообщение собственного аккаунта пропущено: author='Slavikbebryan'
[19.09.2026 08:38:52] DEBUG · urllib3.connectionpool https://funpay.com:443 "POST /runner/ HTTP/1.1" 200 None
[19.09.2026 08:38:52] INFO · universal.funpay     Новое сообщение в чате с barabanjj22:
[19.09.2026 08:38:52] INFO · universal.funpay     │ Slavikbebryan:
[19.09.2026 08:38:52] INFO · universal.funpay     │ Приветствую тебя в SlavikStore. Спасибо за покупку в нашем магазине.
[19.09.2026 08:38:52] INFO · universal.funpay     │
[19.09.2026 08:38:52] INFO · universal.funpay     │ Для начала вам надо сменить регион App Store на Турцию.
[19.09.2026 08:38:52] INFO · universal.funpay     │
[19.09.2026 08:38:52] INFO · universal.funpay     │ Если вы можете сменить регион, введите команду:
[19.09.2026 08:38:52] INFO · universal.funpay     │ !могу
[19.09.2026 08:38:52] INFO · universal.funpay     │
[19.09.2026 08:38:52] INFO · universal.funpay     │ Если не можете сменить, введите команду:
[19.09.2026 08:38:52] INFO · universal.funpay     │ !не могу
[19.09.2026 08:38:52] INFO · universal.funpay     │
[19.09.2026 08:38:52] INFO · universal.funpay     │ Если у вас какие-либо вопросы, вы можете вызвать продавца в чат. Для этого
[19.09.2026 08:38:52] INFO · universal.funpay     │ введите команду:
[19.09.2026 08:38:52] INFO · universal.funpay     │ !продавец
[19.09.2026 08:38:52] INFO · universal.funpay     │
[19.09.2026 08:38:52] INFO · universal.funpay     │ ©️ 𝗙𝘂𝗻𝗣𝗮𝘆 𝗨𝗻𝗶𝘃𝗲𝗿𝘀𝗮𝗹
[19.09.2026 08:38:52] INFO · universal.funpay     └────────────────────────────────────────────────────────────────────────────
[19.09.2026 08:38:52] DEBUG · modules.apple_topup  🍎 Apple TopUp DEBUG: сообщение собственного аккаунта пропущено: author='Slavikbebryan'
[19.09.2026 08:38:52] DEBUG · urllib3.connectionpool https://funpay.com:443 "GET /users/10794022/ HTTP/1.1" 200 None
[19.09.2026 08:38:55] DEBUG · urllib3.connectionpool https://funpay.com:443 "GET /users/10794022/ HTTP/1.1" 200 None
[19.09.2026 08:38:56] DEBUG · urllib3.connectionpool https://funpay.com:443 "POST /runner/ HTTP/1.1" 200 None
[19.09.2026 08:38:59] DEBUG · urllib3.connectionpool https://funpay.com:443 "GET /users/10794022/ HTTP/1.1" 200 None
[19.09.2026 08:39:00] DEBUG · urllib3.connectionpool https://funpay.com:443 "POST /runner/ HTTP/1.1" 200 None
[19.09.2026 08:39:02] DEBUG · urllib3.connectionpool https://funpay.com:443 "GET /users/10794022/ HTTP/1.1" 200 None
[19.09.2026 08:39:04] DEBUG · urllib3.connectionpool https://funpay.com:443 "POST /runner/ HTTP/1.1" 200 None
[19.09.2026 08:39:05] DEBUG · urllib3.connectionpool https://funpay.com:443 "GET /users/10794022/ HTTP/1.1" 200 None
[19.09.2026 08:39:08] DEBUG · urllib3.connectionpool https://funpay.com:443 "POST /runner/ HTTP/1.1" 200 None
[19.09.2026 08:39:09] DEBUG · urllib3.connectionpool https://funpay.com:443 "GET /users/10794022/ HTTP/1.1" 200 None
[19.09.2026 08:39:12] DEBUG · urllib3.connectionpool https://funpay.com:443 "POST /runner/ HTTP/1.1" 200 None
[19.09.2026 08:39:12] DEBUG · urllib3.connectionpool https://funpay.com:443 "GET /users/10794022/ HTTP/1.1" 200 None
[19.09.2026 08:39:15] DEBUG · urllib3.connectionpool https://funpay.com:443 "GET /users/10794022/ HTTP/1.1" 200 None
[19.09.2026 08:39:16] DEBUG · urllib3.connectionpool https://funpay.com:443 "POST /runner/ HTTP/1.1" 200 None
[19.09.2026 08:39:19] DEBUG · urllib3.connectionpool https://funpay.com:443 "GET /users/10794022/ HTTP/1.1" 200 None
[19.09.2026 08:39:20] DEBUG · urllib3.connectionpool https://funpay.com:443 "POST /runner/ HTTP/1.1" 200 None
[19.09.2026 08:39:20] DEBUG · urllib3.connectionpool https://funpay.com:443 "POST /runner/ HTTP/1.1" 200 None
[19.09.2026 08:39:20] INFO · universal.funpay     Новое сообщение в чате с barabanjj22:
[19.09.2026 08:39:20] INFO · universal.funpay     │ barabanjj22:
[19.09.2026 08:39:20] INFO · universal.funpay     │ !могу
[19.09.2026 08:39:20] INFO · universal.funpay     └────────────────────────────────────
[19.09.2026 08:39:20] WARNING · modules.apple_topup  🍎 Apple TopUp DEBUG: заказ найден по username fallback: order=PJKD5F81 buyer='barabanjj22' saved_chat_id='users-10794022-21396664' incoming_chat_id=287190642 state=WAITING_REGION
[19.09.2026 08:39:20] INFO · modules.apple_topup  🍎 Apple TopUp DEBUG: команда покупателя: author='barabanjj22' command='!могу' order=PJKD5F81 state=WAITING_REGION incoming_chat_id=287190642 saved_chat_id='users-10794022-21396664'
[19.09.2026 08:39:20] DEBUG · urllib3.connectionpool https://funpay.com:443 "POST /runner/ HTTP/1.1" 200 None
[19.09.2026 08:39:21] DEBUG · urllib3.connectionpool https://funpay.com:443 "POST /file/addChatImage HTTP/1.1" 200 None
[19.09.2026 08:39:21] INFO · modules.apple_topup  🍎 Apple TopUp: инструкция загружена в FunPay, image_id=254614733
[19.09.2026 08:39:21] DEBUG · urllib3.connectionpool https://funpay.com:443 "POST /runner/ HTTP/1.1" 200 None
[19.09.2026 08:39:21] INFO · modules.apple_topup  🍎 Apple TopUp: текст и инструкция отправлены для заказа PJKD5F81
[19.09.2026 08:39:22] DEBUG · urllib3.connectionpool https://funpay.com:443 "GET /users/10794022/ HTTP/1.1" 200 None
[19.09.2026 08:39:25] DEBUG · urllib3.connectionpool https://funpay.com:443 "POST /runner/ HTTP/1.1" 200 None
[19.09.2026 08:39:25] INFO · universal.funpay     Новое сообщение в чате с barabanjj22:
[19.09.2026 08:39:25] INFO · universal.funpay     │ Slavikbebryan:
[19.09.2026 08:39:25] INFO · universal.funpay     │ Вам надо сменить регион App Store на Турцию, инструкция будет скинута ниже через
[19.09.2026 08:39:25] INFO · universal.funpay     │ пару секунд.
[19.09.2026 08:39:25] INFO · universal.funpay     │
[19.09.2026 08:39:25] INFO · universal.funpay     │ После успешной смены региона введите команду:
[19.09.2026 08:39:25] INFO · universal.funpay     │ !сменил
[19.09.2026 08:39:25] INFO · universal.funpay     │
[19.09.2026 08:39:25] INFO · universal.funpay     │ Если у вас какие-либо вопросы, вы можете вызвать продавца в чат. Для этого
[19.09.2026 08:39:25] INFO · universal.funpay     │ введите команду:
[19.09.2026 08:39:25] INFO · universal.funpay     │ !продавец
[19.09.2026 08:39:25] INFO · universal.funpay     │
[19.09.2026 08:39:25] INFO · universal.funpay     │ ©️ 𝗙𝘂𝗻𝗣𝗮𝘆 𝗨𝗻𝗶𝘃𝗲𝗿𝘀𝗮𝗹
[19.09.2026 08:39:25] INFO · universal.funpay     └──────────────────────────────────────────────────────────────────────────────────
[19.09.2026 08:39:25] DEBUG · modules.apple_topup  🍎 Apple TopUp DEBUG: сообщение собственного аккаунта пропущено: author='Slavikbebryan'
[19.09.2026 08:39:25] INFO · universal.funpay     Новое сообщение в чате с barabanjj22:
[19.09.2026 08:39:25] INFO · universal.funpay     │ Slavikbebryan:
[19.09.2026 08:39:25] INFO · universal.funpay     │ Изображение
[19.09.2026 08:39:25] INFO · universal.funpay     │ (https://sfunpay.com/s/chat/ep/ij/epijyw8fhthk9f7t4t0x.jpg)
[19.09.2026 08:39:25] INFO · universal.funpay     └──────────────────────────────────────────────────────────────────
[19.09.2026 08:39:25] DEBUG · modules.apple_topup  🍎 Apple TopUp DEBUG: сообщение собственного аккаунта пропущено: author='Slavikbebryan'
[19.09.2026 08:39:25] DEBUG · urllib3.connectionpool https://funpay.com:443 "GET /users/10794022/ HTTP/1.1" 200 None
[19.09.2026 08:39:28] DEBUG · urllib3.connectionpool https://funpay.com:443 "POST /runner/ HTTP/1.1" 200 None
[19.09.2026 08:39:29] DEBUG · urllib3.connectionpool https://funpay.com:443 "GET /users/10794022/ HTTP/1.1" 200 None
[19.09.2026 08:39:32] DEBUG · urllib3.connectionpool https://funpay.com:443 "POST /runner/ HTTP/1.1" 200 None
[19.09.2026 08:39:32] DEBUG · urllib3.connectionpool https://funpay.com:443 "GET /users/10794022/ HTTP/1.1" 200 None
[19.09.2026 08:39:37] DEBUG · urllib3.connectionpool https://funpay.com:443 "GET /users/10794022/ HTTP/1.1" 200 None
[19.09.2026 08:39:38] DEBUG · urllib3.connectionpool https://funpay.com:443 "POST /runner/ HTTP/1.1" 200 None
[19.09.2026 08:39:38] DEBUG · urllib3.connectionpool https://funpay.com:443 "POST /runner/ HTTP/1.1" 200 None
[19.09.2026 08:39:38] INFO · universal.funpay     Новое сообщение в чате с barabanjj22:
[19.09.2026 08:39:38] INFO · universal.funpay     │ barabanjj22:
[19.09.2026 08:39:38] INFO · universal.funpay     │ !сменил
[19.09.2026 08:39:38] INFO · universal.funpay     └────────────────────────────────────
[19.09.2026 08:39:38] WARNING · modules.apple_topup  🍎 Apple TopUp DEBUG: заказ найден по username fallback: order=PJKD5F81 buyer='barabanjj22' saved_chat_id='users-10794022-21396664' incoming_chat_id=287190642 state=WAITING_REGION_CHANGED
[19.09.2026 08:39:38] INFO · modules.apple_topup  🍎 Apple TopUp DEBUG: команда покупателя: author='barabanjj22' command='!сменил' order=PJKD5F81 state=WAITING_REGION_CHANGED incoming_chat_id=287190642 saved_chat_id='users-10794022-21396664'
[19.09.2026 08:39:39] DEBUG · urllib3.connectionpool https://funpay.com:443 "POST /runner/ HTTP/1.1" 200 None
[19.09.2026 08:39:39] ERROR · modules.apple_topup  ❌ Apple TopUp: ошибка проверки товара для заказа PJKD5F81
Traceback (most recent call last):
  File "D:\Work\funpay-universal-1.18-final\funpay-universal-1.18\modules\apple_topup\handlers.py", line 1070, in on_new_message
    offer = get_fazercards_offer(product, card_id)
            ^^^^^^^^^^^^^^^^^^^^^^^^^^^^^^^^^^^^^^
  File "D:\Work\funpay-universal-1.18-final\funpay-universal-1.18\modules\apple_topup\handlers.py", line 98, in get_fazercards_offer
    data = api.get_giftcard_cards(product["fazercards_category_id"])
           ^^^^^^^^^^^^^^^^^^^^^^^^^^^^^^^^^^^^^^^^^^^^^^^^^^^^^^^^^
  File "D:\Work\funpay-universal-1.18-final\funpay-universal-1.18\modules\apple_topup\api.py", line 162, in get_giftcard_cards
    return self._request(
           ^^^^^^^^^^^^^^
  File "D:\Work\funpay-universal-1.18-final\funpay-universal-1.18\modules\apple_topup\api.py", line 92, in _request
    headers=self._headers(idempotency_key),
            ^^^^^^^^^^^^^^^^^^^^^^^^^^^^^^
  File "D:\Work\funpay-universal-1.18-final\funpay-universal-1.18\modules\apple_topup\api.py", line 51, in _headers
    raise FazerCardsAPIError(
modules.apple_topup.api.FazerCardsAPIError: Не указан FAZERCARDS_API_KEY. Открой modules/apple_topup/config.py и вставь API-ключ FazerCards.
[19.09.2026 08:39:40] DEBUG · urllib3.connectionpool https://funpay.com:443 "POST /runner/ HTTP/1.1" 200 None
[19.09.2026 08:39:40] DEBUG · urllib3.connectionpool https://funpay.com:443 "POST /runner/ HTTP/1.1" 200 None
[19.09.2026 08:39:40] INFO · universal.funpay     Новое сообщение в чате с barabanjj22:
[19.09.2026 08:39:40] INFO · universal.funpay     │ Slavikbebryan:
[19.09.2026 08:39:40] INFO · universal.funpay     │ После того как вы сменили регион, переходите на главный экран App Store.
[19.09.2026 08:39:40] INFO · universal.funpay     │ Нажимайте на аватарку и переходите в Redeem Code.
[19.09.2026 08:39:40] INFO · universal.funpay     │
[19.09.2026 08:39:40] INFO · universal.funpay     │ Коды придут через несколько минут.
[19.09.2026 08:39:40] INFO · universal.funpay     │
[19.09.2026 08:39:40] INFO · universal.funpay     │ На этом этапе не нужно вводить никакие команды, коды автоматически придут через
[19.09.2026 08:39:40] INFO · universal.funpay     │ несколько минут.
[19.09.2026 08:39:40] INFO · universal.funpay     │ ©️ 𝗙𝘂𝗻𝗣𝗮𝘆 𝗨𝗻𝗶𝘃𝗲𝗿𝘀𝗮𝗹
[19.09.2026 08:39:40] INFO · universal.funpay     └─────────────────────────────────────────────────────────────────────────────────
[19.09.2026 08:39:40] DEBUG · modules.apple_topup  🍎 Apple TopUp DEBUG: сообщение собственного аккаунта пропущено: author='Slavikbebryan'
[19.09.2026 08:39:40] INFO · universal.funpay     Новое сообщение в чате с barabanjj22:
[19.09.2026 08:39:40] INFO · universal.funpay     │ Slavikbebryan:
[19.09.2026 08:39:40] INFO · universal.funpay     │ Произошла ошибка при обработке заказа.
[19.09.2026 08:39:40] INFO · universal.funpay     │
[19.09.2026 08:39:40] INFO · universal.funpay     │ Продавец уже уведомлён. Пожалуйста, ожидайте.
[19.09.2026 08:39:40] INFO · universal.funpay     │
[19.09.2026 08:39:40] INFO · universal.funpay     │ SlavikStore
[19.09.2026 08:39:40] INFO · universal.funpay     │
[19.09.2026 08:39:40] INFO · universal.funpay     │ ©️ 𝗙𝘂𝗻𝗣𝗮𝘆 𝗨𝗻𝗶𝘃𝗲𝗿𝘀𝗮𝗹
[19.09.2026 08:39:40] INFO · universal.funpay     └───────────────────────────────────────────────
[19.09.2026 08:39:40] DEBUG · modules.apple_topup  🍎 Apple TopUp DEBUG: сообщение собственного аккаунта пропущено: author='Slavikbebryan'
[19.09.2026 08:39:40] DEBUG · urllib3.connectionpool https://funpay.com:443 "GET /users/10794022/ HTTP/1.1" 200 None
[19.09.2026 08:39:43] DEBUG · urllib3.connectionpool https://funpay.com:443 "GET /users/10794022/ HTTP/1.1" 200 None
[19.09.2026 08:39:44] DEBUG · urllib3.connectionpool https://funpay.com:443 "POST /runner/ HTTP/1.1" 200 None
[19.09.2026 08:39:47] DEBUG · urllib3.connectionpool https://funpay.com:443 "GET /users/10794022/ HTTP/1.1" 200 None
[19.09.2026 08:39:48] DEBUG · urllib3.connectionpool https://funpay.com:443 "POST /runner/ HTTP/1.1" 200 None
[19.09.2026 08:39:50] DEBUG · urllib3.connectionpool https://funpay.com:443 "GET /users/10794022/ HTTP/1.1" 200 None
[19.09.2026 08:39:52] DEBUG · urllib3.connectionpool https://funpay.com:443 "POST /runner/ HTTP/1.1" 200 None
[19.09.2026 08:39:53] DEBUG · urllib3.connectionpool https://funpay.com:443 "GET /users/10794022/ HTTP/1.1" 200 None
[19.09.2026 08:39:56] DEBUG · urllib3.connectionpool https://funpay.com:443 "POST /runner/ HTTP/1.1" 200 None
[19.09.2026 08:39:57] DEBUG · urllib3.connectionpool https://funpay.com:443 "GET /users/10794022/ HTTP/1.1" 200 None
[19.09.2026 08:40:00] DEBUG · urllib3.connectionpool https://funpay.com:443 "POST /runner/ HTTP/1.1" 200 None
[19.09.2026 08:40:01] DEBUG · urllib3.connectionpool https://funpay.com:443 "GET /users/10794022/ HTTP/1.1" 200 None
[19.09.2026 08:40:04] DEBUG · urllib3.connectionpool https://funpay.com:443 "POST /runner/ HTTP/1.1" 200 None
[19.09.2026 08:40:05] DEBUG · urllib3.connectionpool https://funpay.com:443 "GET /users/10794022/ HTTP/1.1" 200 None
[19.09.2026 08:40:08] DEBUG · urllib3.connectionpool https://funpay.com:443 "POST /runner/ HTTP/1.1" 200 None
[19.09.2026 08:40:09] DEBUG · urllib3.connectionpool https://funpay.com:443 "GET /users/10794022/ HTTP/1.1" 200 None
[19.09.2026 08:40:12] DEBUG · urllib3.connectionpool https://funpay.com:443 "POST /runner/ HTTP/1.1" 200 None
[19.09.2026 08:40:13] DEBUG · urllib3.connectionpool https://funpay.com:443 "GET /users/10794022/ HTTP/1.1" 200 None
[19.09.2026 08:40:16] DEBUG · urllib3.connectionpool https://funpay.com:443 "POST /runner/ HTTP/1.1" 200 None
[19.09.2026 08:40:17] DEBUG · urllib3.connectionpool https://funpay.com:443 "GET /users/10794022/ HTTP/1.1" 200 None
[19.09.2026 08:40:20] DEBUG · urllib3.connectionpool https://funpay.com:443 "POST /runner/ HTTP/1.1" 200 None
[19.09.2026 08:40:21] DEBUG · urllib3.connectionpool https://funpay.com:443 "GET /users/10794022/ HTTP/1.1" 200 None
[19.09.2026 08:40:24] DEBUG · urllib3.connectionpool https://funpay.com:443 "POST /runner/ HTTP/1.1" 200 None
[19.09.2026 08:40:25] DEBUG · urllib3.connectionpool https://funpay.com:443 "GET /users/10794022/ HTTP/1.1" 200 None
[19.09.2026 08:40:28] DEBUG · urllib3.connectionpool https://funpay.com:443 "POST /runner/ HTTP/1.1" 200 None
[19.09.2026 08:40:29] DEBUG · urllib3.connectionpool https://funpay.com:443 "GET /users/10794022/ HTTP/1.1" 200 None
[19.09.2026 08:40:32] DEBUG · urllib3.connectionpool https://funpay.com:443 "POST /runner/ HTTP/1.1" 200 None
[19.09.2026 08:40:33] DEBUG · urllib3.connectionpool https://funpay.com:443 "GET /users/10794022/ HTTP/1.1" 200 None
[19.09.2026 08:40:36] DEBUG · urllib3.connectionpool https://funpay.com:443 "POST /runner/ HTTP/1.1" 200 None
[19.09.2026 08:40:36] DEBUG · urllib3.connectionpool https://funpay.com:443 "GET /users/10794022/ HTTP/1.1" 200 None
[19.09.2026 08:40:40] DEBUG · urllib3.connectionpool https://funpay.com:443 "POST /runner/ HTTP/1.1" 200 None
[19.09.2026 08:40:40] DEBUG · urllib3.connectionpool https://funpay.com:443 "GET /users/10794022/ HTTP/1.1" 200 None
[19.09.2026 08:40:44] DEBUG · urllib3.connectionpool https://funpay.com:443 "POST /runner/ HTTP/1.1" 200 None
[19.09.2026 08:40:44] DEBUG · urllib3.connectionpool https://funpay.com:443 "GET /users/10794022/ HTTP/1.1" 200 None
[19.09.2026 08:40:48] DEBUG · urllib3.connectionpool https://funpay.com:443 "GET /users/10794022/ HTTP/1.1" 200 None
[19.09.2026 08:40:48] DEBUG · urllib3.connectionpool https://funpay.com:443 "POST /runner/ HTTP/1.1" 200 None
[19.09.2026 08:40:51] DEBUG · urllib3.connectionpool https://funpay.com:443 "GET /users/10794022/ HTTP/1.1" 200 None
[19.09.2026 08:40:52] DEBUG · urllib3.connectionpool https://funpay.com:443 "POST /runner/ HTTP/1.1" 200 None
[19.09.2026 08:40:55] DEBUG · urllib3.connectionpool https://funpay.com:443 "GET /users/10794022/ HTTP/1.1" 200 None
[19.09.2026 08:40:56] DEBUG · urllib3.connectionpool https://funpay.com:443 "POST /runner/ HTTP/1.1" 200 None
[19.09.2026 08:40:58] DEBUG · urllib3.connectionpool https://funpay.com:443 "GET /users/10794022/ HTTP/1.1" 200 None
[19.09.2026 08:41:00] DEBUG · urllib3.connectionpool https://funpay.com:443 "POST /runner/ HTTP/1.1" 200 None
[19.09.2026 08:41:02] DEBUG · urllib3.connectionpool https://funpay.com:443 "GET /users/10794022/ HTTP/1.1" 200 None
[19.09.2026 08:41:04] DEBUG · urllib3.connectionpool https://funpay.com:443 "POST /runner/ HTTP/1.1" 200 None
[19.09.2026 08:41:05] DEBUG · urllib3.connectionpool https://funpay.com:443 "GET /users/10794022/ HTTP/1.1" 200 None
[19.09.2026 08:41:08] DEBUG · urllib3.connectionpool https://funpay.com:443 "POST /runner/ HTTP/1.1" 200 None
[19.09.2026 08:41:08] DEBUG · urllib3.connectionpool https://funpay.com:443 "GET /users/10794022/ HTTP/1.1" 200 None
[19.09.2026 08:41:12] DEBUG · urllib3.connectionpool https://funpay.com:443 "POST /runner/ HTTP/1.1" 200 None
[19.09.2026 08:41:12] DEBUG · urllib3.connectionpool https://funpay.com:443 "GET /users/10794022/ HTTP/1.1" 200 None
[19.09.2026 08:41:16] DEBUG · urllib3.connectionpool https://funpay.com:443 "GET /users/10794022/ HTTP/1.1" 200 None
[19.09.2026 08:41:16] DEBUG · urllib3.connectionpool https://funpay.com:443 "POST /runner/ HTTP/1.1" 200 None
[19.09.2026 08:41:19] DEBUG · urllib3.connectionpool https://funpay.com:443 "GET /users/10794022/ HTTP/1.1" 200 None
[19.09.2026 08:41:20] DEBUG · urllib3.connectionpool https://funpay.com:443 "POST /runner/ HTTP/1.1" 200 None
[19.09.2026 08:41:22] DEBUG · urllib3.connectionpool https://funpay.com:443 "GET /users/10794022/ HTTP/1.1" 200 None
[19.09.2026 08:41:24] DEBUG · urllib3.connectionpool https://funpay.com:443 "POST /runner/ HTTP/1.1" 200 None
[19.09.2026 08:41:26] DEBUG · urllib3.connectionpool https://funpay.com:443 "GET /users/10794022/ HTTP/1.1" 200 None
[19.09.2026 08:41:28] DEBUG · urllib3.connectionpool https://funpay.com:443 "POST /runner/ HTTP/1.1" 200 None
[19.09.2026 08:41:29] DEBUG · urllib3.connectionpool https://funpay.com:443 "GET /users/10794022/ HTTP/1.1" 200 None
[19.09.2026 08:41:32] DEBUG · urllib3.connectionpool Starting new HTTPS connection (1): api.github.com:443
[19.09.2026 08:41:32] DEBUG · urllib3.connectionpool https://funpay.com:443 "POST /runner/ HTTP/1.1" 200 None
[19.09.2026 08:41:32] DEBUG · urllib3.connectionpool https://api.github.com:443 "GET /repos/alleexxeeyy/funpay-universal/releases HTTP/1.1" 200 5955
[19.09.2026 08:41:33] DEBUG · urllib3.connectionpool https://funpay.com:443 "GET /users/10794022/ HTTP/1.1" 200 None
[19.09.2026 08:41:36] DEBUG · urllib3.connectionpool https://funpay.com:443 "POST /runner/ HTTP/1.1" 200 None
[19.09.2026 08:41:36] DEBUG · urllib3.connectionpool https://funpay.com:443 "GET /users/10794022/ HTTP/1.1" 200 None
[19.09.2026 08:41:40] DEBUG · urllib3.connectionpool https://funpay.com:443 "GET /users/10794022/ HTTP/1.1" 200 None
[19.09.2026 08:41:40] DEBUG · urllib3.connectionpool https://funpay.com:443 "POST /runner/ HTTP/1.1" 200 None
[19.09.2026 08:41:43] DEBUG · urllib3.connectionpool https://funpay.com:443 "GET /users/10794022/ HTTP/1.1" 200 None
[19.09.2026 08:41:44] DEBUG · urllib3.connectionpool https://funpay.com:443 "POST /runner/ HTTP/1.1" 200 None
[19.09.2026 08:41:47] DEBUG · urllib3.connectionpool https://funpay.com:443 "GET /users/10794022/ HTTP/1.1" 200 None
[19.09.2026 08:41:48] DEBUG · urllib3.connectionpool https://funpay.com:443 "POST /runner/ HTTP/1.1" 200 None
[19.09.2026 08:41:51] DEBUG · urllib3.connectionpool https://funpay.com:443 "GET /users/10794022/ HTTP/1.1" 200 None
[19.09.2026 08:41:52] DEBUG · urllib3.connectionpool https://funpay.com:443 "POST /runner/ HTTP/1.1" 200 None
[19.09.2026 08:41:54] DEBUG · urllib3.connectionpool https://funpay.com:443 "GET /users/10794022/ HTTP/1.1" 200 None
[19.09.2026 08:41:56] DEBUG · urllib3.connectionpool https://funpay.com:443 "POST /runner/ HTTP/1.1" 200 None
[19.09.2026 08:41:57] DEBUG · urllib3.connectionpool https://funpay.com:443 "GET /users/10794022/ HTTP/1.1" 200 None
[19.09.2026 08:42:00] DEBUG · urllib3.connectionpool https://funpay.com:443 "POST /runner/ HTTP/1.1" 200 None
[19.09.2026 08:42:01] DEBUG · urllib3.connectionpool https://funpay.com:443 "GET /users/10794022/ HTTP/1.1" 200 None
[19.09.2026 08:42:04] DEBUG · urllib3.connectionpool https://funpay.com:443 "POST /runner/ HTTP/1.1" 200 None
[19.09.2026 08:42:04] DEBUG · urllib3.connectionpool https://funpay.com:443 "GET /users/10794022/ HTTP/1.1" 200 None
[19.09.2026 08:42:08] DEBUG · urllib3.connectionpool https://funpay.com:443 "GET /users/10794022/ HTTP/1.1" 200 None
[19.09.2026 08:42:08] DEBUG · urllib3.connectionpool https://funpay.com:443 "POST /runner/ HTTP/1.1" 200 None
[19.09.2026 08:42:11] DEBUG · urllib3.connectionpool https://funpay.com:443 "GET /users/10794022/ HTTP/1.1" 200 None
[19.09.2026 08:42:12] DEBUG · urllib3.connectionpool https://funpay.com:443 "POST /runner/ HTTP/1.1" 200 None
[19.09.2026 08:42:21] DEBUG · urllib3.connectionpool Starting new HTTPS connection (1): api.github.com:443
[19.09.2026 08:42:22] DEBUG · urllib3.connectionpool https://api.github.com:443 "GET /repos/alleexxeeyy/funpay-universal/releases HTTP/1.1" 200 5955
[19.09.2026 08:42:22] INFO · universal.updater    У вас установлена последняя версия: 1.18.2
[19.09.2026 08:42:22] INFO · universal            
[19.09.2026 08:42:22] DEBUG · urllib3.connectionpool Starting new HTTPS connection (1): funpay.com:443
[19.09.2026 08:42:22] DEBUG · urllib3.connectionpool https://funpay.com:443 "GET / HTTP/1.1" 200 None
[19.09.2026 08:42:24] INFO · universal            FunPay аккаунт успешно авторизован.
[19.09.2026 08:42:24] DEBUG · urllib3.connectionpool Starting new HTTPS connection (1): funpay.com:443
[19.09.2026 08:42:25] DEBUG · urllib3.connectionpool https://funpay.com:443 "GET / HTTP/1.1" 200 None
[19.09.2026 08:42:27] DEBUG · urllib3.connectionpool https://funpay.com:443 "GET /users/10794022/ HTTP/1.1" 200 None
[19.09.2026 08:42:27] DEBUG · urllib3.connectionpool Starting new HTTPS connection (1): api.telegram.org:443
[19.09.2026 08:42:28] DEBUG · urllib3.connectionpool https://api.telegram.org:443 "GET /bot8756373718:AAF7UShfdcPoSa4xL_OhGoEeELgqwJzepak/getMe HTTP/1.1" 200 416
[19.09.2026 08:42:28] INFO · universal            Telegram бот успешно работает.
[19.09.2026 08:42:28] INFO · universal            
[19.09.2026 08:42:28] DEBUG · asyncio              Using proactor: IocpProactor
[19.09.2026 08:42:28] INFO · universal.modules    Подключен 1 модуль: Apple TopUp 1.0.0
[19.09.2026 08:42:28] DEBUG · asyncio              Using proactor: IocpProactor
[19.09.2026 08:42:28] DEBUG · urllib3.connectionpool Starting new HTTPS connection (1): funpay.com:443
[19.09.2026 08:42:29] DEBUG · urllib3.connectionpool https://funpay.com:443 "GET / HTTP/1.1" 200 None
[19.09.2026 08:42:29] INFO · universal.telegram   
[19.09.2026 08:42:29] INFO · universal.telegram   Telegram бот @panel_funpay_bot запущен и активен
[19.09.2026 08:42:30] INFO · universal.funpay     
[19.09.2026 08:42:30] INFO · universal.funpay     FunPay бот запущен и активен
[19.09.2026 08:42:30] INFO · universal.funpay     
[19.09.2026 08:42:30] INFO · universal.funpay     ───────────────────────────────────────
[19.09.2026 08:42:30] INFO · universal.funpay     Информация об аккаунте:
[19.09.2026 08:42:30] INFO · universal.funpay      · ID: 10794022
[19.09.2026 08:42:30] INFO · universal.funpay      · Никнейм: Slavikbebryan
[19.09.2026 08:42:30] INFO · universal.funpay      · Баланс: 9853 RUB
[19.09.2026 08:42:30] INFO · universal.funpay      · Активные продажи: 4
[19.09.2026 08:42:30] INFO · universal.funpay      · Активные покупки: 0
[19.09.2026 08:42:30] INFO · universal.funpay     ───────────────────────────────────────
[19.09.2026 08:42:30] DEBUG · asyncio              Using proactor: IocpProactor
[19.09.2026 08:42:30] DEBUG · urllib3.connectionpool Starting new HTTPS connection (2): funpay.com:443
[19.09.2026 08:42:30] DEBUG · urllib3.connectionpool Starting new HTTPS connection (3): funpay.com:443
[19.09.2026 08:42:30] DEBUG · urllib3.connectionpool Starting new HTTPS connection (4): funpay.com:443
[19.09.2026 08:42:30] DEBUG · urllib3.connectionpool https://funpay.com:443 "GET /users/10794022/ HTTP/1.1" 200 None
[19.09.2026 08:42:30] DEBUG · urllib3.connectionpool https://funpay.com:443 "POST /runner/ HTTP/1.1" 200 None
[19.09.2026 08:42:31] DEBUG · urllib3.connectionpool https://funpay.com:443 "GET / HTTP/1.1" 200 None
[19.09.2026 08:42:31] DEBUG · urllib3.connectionpool https://funpay.com:443 "GET /orders/trade HTTP/1.1" 200 None
[19.09.2026 08:42:31] INFO · modules.apple_topup  🍎 Apple TopUp: незавершённых заказов для восстановления нет
[19.09.2026 08:42:31] DEBUG · asyncio              Using proactor: IocpProactor
[19.09.2026 08:42:31] DEBUG · urllib3.connectionpool https://funpay.com:443 "GET /users/10794022/ HTTP/1.1" 200 None
[19.09.2026 08:42:34] DEBUG · urllib3.connectionpool https://funpay.com:443 "POST /runner/ HTTP/1.1" 200 None
[19.09.2026 08:42:34] DEBUG · urllib3.connectionpool https://funpay.com:443 "GET /orders/trade HTTP/1.1" 200 None
[19.09.2026 08:42:35] DEBUG · urllib3.connectionpool https://funpay.com:443 "GET /users/10794022/ HTTP/1.1" 200 None
[19.09.2026 08:42:35] DEBUG · urllib3.connectionpool https://funpay.com:443 "POST /runner/ HTTP/1.1" 200 None
[19.09.2026 08:42:35] INFO · universal.funpay     ───────────────────────────────────────
[19.09.2026 08:42:35] INFO · universal.funpay     Статус заказа #PJKD5F81 изменился:
[19.09.2026 08:42:35] INFO · universal.funpay      · Статус: Возврат
[19.09.2026 08:42:35] INFO · universal.funpay      · Покупатель: barabanjj22
[19.09.2026 08:42:35] INFO · universal.funpay      · Товар: ⚡️💎【АВТО-ВЫДАЧА 24/7】⚡️💎【SoundCloud GO+】 ⚡️💎【1 МЕСЯЦ】⚡️💎 【ЛЮБОЙ IOS】, GO+, 1 месяц
[19.09.2026 08:42:35] INFO · universal.funpay      · Количество: 1
[19.09.2026 08:42:35] INFO · universal.funpay      · Сумма: 101.9 RUB
[19.09.2026 08:42:35] INFO · universal.funpay     ───────────────────────────────────────
[19.09.2026 08:42:35] INFO · modules.apple_topup  Apple TopUp: ORDER_STATUS_CHANGED order=PJKD5F81 status=OrderStatuses.REFUNDED
[19.09.2026 08:42:35] INFO · modules.apple_topup  Apple TopUp: заказ PJKD5F81 возвращён
[19.09.2026 08:42:35] INFO · universal.funpay     Новое сообщение в чате с barabanjj22:
[19.09.2026 08:42:35] INFO · universal.funpay     │ FunPay:
[19.09.2026 08:42:35] INFO · universal.funpay     │ Продавец Slavikbebryan вернул деньги покупателю barabanjj22 по заказу #PJKD5F81.
[19.09.2026 08:42:35] INFO · universal.funpay     └──────────────────────────────────────────────────────────────────────────────────
[19.09.2026 08:42:38] DEBUG · urllib3.connectionpool https://funpay.com:443 "POST /runner/ HTTP/1.1" 200 None
[19.09.2026 08:42:38] DEBUG · urllib3.connectionpool https://funpay.com:443 "GET /users/10794022/ HTTP/1.1" 200 None
[19.09.2026 08:42:41] DEBUG · urllib3.connectionpool https://funpay.com:443 "GET /users/10794022/ HTTP/1.1" 200 None
[19.09.2026 08:42:42] DEBUG · urllib3.connectionpool https://funpay.com:443 "POST /runner/ HTTP/1.1" 200 None
[19.09.2026 08:42:45] DEBUG · urllib3.connectionpool https://funpay.com:443 "GET /users/10794022/ HTTP/1.1" 200 None
[19.09.2026 08:42:46] DEBUG · urllib3.connectionpool https://funpay.com:443 "POST /runner/ HTTP/1.1" 200 None
[19.09.2026 08:42:48] DEBUG · urllib3.connectionpool https://funpay.com:443 "GET /users/10794022/ HTTP/1.1" 200 None
[19.09.2026 08:42:50] DEBUG · urllib3.connectionpool https://funpay.com:443 "POST /runner/ HTTP/1.1" 200 None
[19.09.2026 08:42:51] DEBUG · urllib3.connectionpool https://funpay.com:443 "GET /users/10794022/ HTTP/1.1" 200 None
[19.09.2026 08:42:54] DEBUG · urllib3.connectionpool https://funpay.com:443 "POST /runner/ HTTP/1.1" 200 None
[19.09.2026 08:42:55] DEBUG · urllib3.connectionpool https://funpay.com:443 "GET /users/10794022/ HTTP/1.1" 200 None
[19.09.2026 08:42:58] DEBUG · urllib3.connectionpool https://funpay.com:443 "POST /runner/ HTTP/1.1" 200 None
[19.09.2026 08:42:58] DEBUG · urllib3.connectionpool https://funpay.com:443 "GET /users/10794022/ HTTP/1.1" 200 None
[19.09.2026 08:43:02] DEBUG · urllib3.connectionpool https://funpay.com:443 "GET /users/10794022/ HTTP/1.1" 200 None
[19.09.2026 08:43:02] DEBUG · urllib3.connectionpool https://funpay.com:443 "POST /runner/ HTTP/1.1" 200 None
[19.09.2026 08:43:02] DEBUG · urllib3.connectionpool https://funpay.com:443 "GET /orders/trade HTTP/1.1" 200 None
[19.09.2026 08:43:03] DEBUG · urllib3.connectionpool https://funpay.com:443 "POST /runner/ HTTP/1.1" 200 None
[19.09.2026 08:43:03] INFO · universal.funpay     ───────────────────────────────────────
[19.09.2026 08:43:03] INFO · universal.funpay     Новый заказ #F4ERHV4K:
[19.09.2026 08:43:03] INFO · universal.funpay      · Покупатель: barabanjj22
[19.09.2026 08:43:03] INFO · universal.funpay      · Товар: ⚡️💎【АВТО-ВЫДАЧА 24/7】⚡️💎【SoundCloud GO+】 ⚡️💎【1 МЕСЯЦ】⚡️💎 【ЛЮБОЙ IOS】, GO+, 1 месяц
[19.09.2026 08:43:03] INFO · universal.funpay      · Количество: 1
[19.09.2026 08:43:03] INFO · universal.funpay      · Сумма: 101.9 RUB
[19.09.2026 08:43:03] INFO · universal.funpay     ───────────────────────────────────────
[19.09.2026 08:43:03] DEBUG · urllib3.connectionpool https://funpay.com:443 "GET /users/21396664/ HTTP/1.1" 200 None
[19.09.2026 08:43:04] DEBUG · urllib3.connectionpool https://funpay.com:443 "GET /lots/3826/trade HTTP/1.1" 200 None
[19.09.2026 08:43:04] INFO · universal.funpay     Новое сообщение в чате с barabanjj22:
[19.09.2026 08:43:04] INFO · universal.funpay     │ FunPay:
[19.09.2026 08:43:04] INFO · universal.funpay     │ Покупатель barabanjj22 оплатил заказ #F4ERHV4K. SoundCloud, Подписка, ⚡️💎【АВТО-
[19.09.2026 08:43:04] INFO · universal.funpay     │ ВЫДАЧА 24/7】⚡️💎【SoundCloud GO+】 ⚡️💎【1 МЕСЯЦ】⚡️💎 【ЛЮБОЙ IOS】, GO+, 1 месяц.
[19.09.2026 08:43:04] INFO · universal.funpay     │ barabanjj22, не забудьте потом нажать кнопку «Подтвердить выполнение заказа».
[19.09.2026 08:43:04] INFO · universal.funpay     └─────────────────────────────────────────────────────────────────────────────────
[19.09.2026 08:43:04] INFO · modules.apple_topup  🍎 Apple TopUp DEBUG: найден ID заказа F4ERHV4K в системном сообщении
[19.09.2026 08:43:04] DEBUG · urllib3.connectionpool https://funpay.com:443 "POST /api/orders/get HTTP/1.1" 200 None
[19.09.2026 08:43:04] DEBUG · urllib3.connectionpool https://funpay.com:443 "GET /lots/3826/trade HTTP/1.1" 200 None
[19.09.2026 08:43:04] INFO · modules.apple_topup  🍎 Apple TopUp: offer_id не был передан FunPay; лот определён по частичному совпадению названия: 72853562
[19.09.2026 08:43:04] INFO · modules.apple_topup  🍎 Apple TopUp: выбран лот 72853562 -> Apple TopUp 10 TRY x4, 10_try (всего 4 кодов)
[19.09.2026 08:43:04] INFO · modules.apple_topup  🍎 Apple TopUp: сценарий запущен для заказа F4ERHV4K (barabanjj22)
[19.09.2026 08:43:04] DEBUG · urllib3.connectionpool https://funpay.com:443 "POST /runner/ HTTP/1.1" 200 None
[19.09.2026 08:43:04] INFO · modules.apple_topup  🍎 Apple TopUp: приветственное сообщение отправлено для заказа F4ERHV4K
[19.09.2026 08:43:04] INFO · universal.funpay     Новое сообщение в чате с barabanjj22:
[19.09.2026 08:43:04] INFO · universal.funpay     │ Slavikbebryan:
[19.09.2026 08:43:04] INFO · universal.funpay     │ Спасибо что выбрал меня!
[19.09.2026 08:43:04] INFO · universal.funpay     │ В течении 2-5 минут я отвечу тебе
[19.09.2026 08:43:04] INFO · universal.funpay     │ Если я не отвечаю 5-10 минут это означает что я: не у устройства с которого
[19.09.2026 08:43:04] INFO · universal.funpay     │ может ответить, спит, не имеет доступа к интернету.
[19.09.2026 08:43:04] INFO · universal.funpay     │ В этом случае не волнуйтесь, как я буду в сети, я вам обязательно отвечу❗️
[19.09.2026 08:43:04] INFO · universal.funpay     └─────────────────────────────────────────────────────────────────────────────
[19.09.2026 08:43:04] DEBUG · modules.apple_topup  🍎 Apple TopUp DEBUG: сообщение собственного аккаунта пропущено: author='Slavikbebryan'
[19.09.2026 08:43:05] DEBUG · urllib3.connectionpool https://funpay.com:443 "GET /users/10794022/ HTTP/1.1" 200 None
[19.09.2026 08:43:06] DEBUG · urllib3.connectionpool https://funpay.com:443 "POST /runner/ HTTP/1.1" 200 None
[19.09.2026 08:43:06] INFO · universal.funpay     Новое сообщение в чате с barabanjj22:
[19.09.2026 08:43:06] INFO · universal.funpay     │ Slavikbebryan:
[19.09.2026 08:43:06] INFO · universal.funpay     │ Приветствую тебя в SlavikStore. Спасибо за покупку в нашем магазине.
[19.09.2026 08:43:06] INFO · universal.funpay     │
[19.09.2026 08:43:06] INFO · universal.funpay     │ Для начала вам надо сменить регион App Store на Турцию.
[19.09.2026 08:43:06] INFO · universal.funpay     │
[19.09.2026 08:43:06] INFO · universal.funpay     │ Если вы можете сменить регион, введите команду:
[19.09.2026 08:43:06] INFO · universal.funpay     │ !могу
[19.09.2026 08:43:06] INFO · universal.funpay     │
[19.09.2026 08:43:06] INFO · universal.funpay     │ Если не можете сменить, введите команду:
[19.09.2026 08:43:06] INFO · universal.funpay     │ !не могу
[19.09.2026 08:43:06] INFO · universal.funpay     │
[19.09.2026 08:43:06] INFO · universal.funpay     │ Если у вас какие-либо вопросы, вы можете вызвать продавца в чат. Для этого
[19.09.2026 08:43:06] INFO · universal.funpay     │ введите команду:
[19.09.2026 08:43:06] INFO · universal.funpay     │ !продавец
[19.09.2026 08:43:06] INFO · universal.funpay     │
[19.09.2026 08:43:06] INFO · universal.funpay     │ ©️ 𝗙𝘂𝗻𝗣𝗮𝘆 𝗨𝗻𝗶𝘃𝗲𝗿𝘀𝗮𝗹
[19.09.2026 08:43:06] INFO · universal.funpay     └────────────────────────────────────────────────────────────────────────────
[19.09.2026 08:43:06] DEBUG · modules.apple_topup  🍎 Apple TopUp DEBUG: сообщение собственного аккаунта пропущено: author='Slavikbebryan'
[19.09.2026 08:43:08] DEBUG · urllib3.connectionpool https://funpay.com:443 "GET /users/10794022/ HTTP/1.1" 200 None
[19.09.2026 08:43:10] DEBUG · urllib3.connectionpool https://funpay.com:443 "POST /runner/ HTTP/1.1" 200 None
[19.09.2026 08:43:11] DEBUG · urllib3.connectionpool https://funpay.com:443 "GET /users/10794022/ HTTP/1.1" 200 None
[19.09.2026 08:43:14] DEBUG · urllib3.connectionpool https://funpay.com:443 "POST /runner/ HTTP/1.1" 200 None
[19.09.2026 08:43:15] DEBUG · urllib3.connectionpool https://funpay.com:443 "POST /runner/ HTTP/1.1" 200 None
[19.09.2026 08:43:15] INFO · universal.funpay     Новое сообщение в чате с barabanjj22:
[19.09.2026 08:43:15] INFO · universal.funpay     │ barabanjj22:
[19.09.2026 08:43:15] INFO · universal.funpay     │ !могу
[19.09.2026 08:43:15] INFO · universal.funpay     └────────────────────────────────────
[19.09.2026 08:43:15] WARNING · modules.apple_topup  🍎 Apple TopUp DEBUG: заказ найден по username fallback: order=F4ERHV4K buyer='barabanjj22' saved_chat_id='users-10794022-21396664' incoming_chat_id=287190642 state=WAITING_REGION
[19.09.2026 08:43:15] INFO · modules.apple_topup  🍎 Apple TopUp DEBUG: команда покупателя: author='barabanjj22' command='!могу' order=F4ERHV4K state=WAITING_REGION incoming_chat_id=287190642 saved_chat_id='users-10794022-21396664'
[19.09.2026 08:43:15] DEBUG · urllib3.connectionpool https://funpay.com:443 "POST /runner/ HTTP/1.1" 200 None
[19.09.2026 08:43:15] DEBUG · urllib3.connectionpool https://funpay.com:443 "GET /users/10794022/ HTTP/1.1" 200 None
[19.09.2026 08:43:16] DEBUG · urllib3.connectionpool https://funpay.com:443 "POST /file/addChatImage HTTP/1.1" 200 None
[19.09.2026 08:43:16] INFO · modules.apple_topup  🍎 Apple TopUp: инструкция загружена в FunPay, image_id=254614733
[19.09.2026 08:43:16] DEBUG · urllib3.connectionpool https://funpay.com:443 "POST /runner/ HTTP/1.1" 200 None
[19.09.2026 08:43:17] INFO · modules.apple_topup  🍎 Apple TopUp: текст и инструкция отправлены для заказа F4ERHV4K
[19.09.2026 08:43:18] DEBUG · urllib3.connectionpool https://funpay.com:443 "POST /runner/ HTTP/1.1" 200 None
[19.09.2026 08:43:18] DEBUG · urllib3.connectionpool https://funpay.com:443 "GET /users/10794022/ HTTP/1.1" 200 None
[19.09.2026 08:43:18] INFO · universal.funpay     Новое сообщение в чате с barabanjj22:
[19.09.2026 08:43:18] INFO · universal.funpay     │ Slavikbebryan:
[19.09.2026 08:43:18] INFO · universal.funpay     │ Вам надо сменить регион App Store на Турцию, инструкция будет скинута ниже через
[19.09.2026 08:43:18] INFO · universal.funpay     │ пару секунд.
[19.09.2026 08:43:18] INFO · universal.funpay     │
[19.09.2026 08:43:18] INFO · universal.funpay     │ После успешной смены региона введите команду:
[19.09.2026 08:43:18] INFO · universal.funpay     │ !сменил
[19.09.2026 08:43:18] INFO · universal.funpay     │
[19.09.2026 08:43:18] INFO · universal.funpay     │ Если у вас какие-либо вопросы, вы можете вызвать продавца в чат. Для этого
[19.09.2026 08:43:18] INFO · universal.funpay     │ введите команду:
[19.09.2026 08:43:18] INFO · universal.funpay     │ !продавец
[19.09.2026 08:43:18] INFO · universal.funpay     │
[19.09.2026 08:43:18] INFO · universal.funpay     │ ©️ 𝗙𝘂𝗻𝗣𝗮𝘆 𝗨𝗻𝗶𝘃𝗲𝗿𝘀𝗮𝗹
[19.09.2026 08:43:18] INFO · universal.funpay     └──────────────────────────────────────────────────────────────────────────────────
[19.09.2026 08:43:18] DEBUG · modules.apple_topup  🍎 Apple TopUp DEBUG: сообщение собственного аккаунта пропущено: author='Slavikbebryan'
[19.09.2026 08:43:18] INFO · universal.funpay     Новое сообщение в чате с barabanjj22:
[19.09.2026 08:43:18] INFO · universal.funpay     │ Slavikbebryan:
[19.09.2026 08:43:18] INFO · universal.funpay     │ Изображение
[19.09.2026 08:43:18] INFO · universal.funpay     │ (https://sfunpay.com/s/chat/ep/ij/epijyw8fhthk9f7t4t0x.jpg)
[19.09.2026 08:43:18] INFO · universal.funpay     └──────────────────────────────────────────────────────────────────
[19.09.2026 08:43:18] DEBUG · modules.apple_topup  🍎 Apple TopUp DEBUG: сообщение собственного аккаунта пропущено: author='Slavikbebryan'
[19.09.2026 08:43:21] DEBUG · urllib3.connectionpool https://funpay.com:443 "GET /users/10794022/ HTTP/1.1" 200 None
[19.09.2026 08:43:22] DEBUG · urllib3.connectionpool https://funpay.com:443 "POST /runner/ HTTP/1.1" 200 None
[19.09.2026 08:43:25] DEBUG · urllib3.connectionpool https://funpay.com:443 "GET /users/10794022/ HTTP/1.1" 200 None
[19.09.2026 08:43:26] DEBUG · urllib3.connectionpool https://funpay.com:443 "POST /runner/ HTTP/1.1" 200 None
[19.09.2026 08:43:28] DEBUG · urllib3.connectionpool https://funpay.com:443 "GET /users/10794022/ HTTP/1.1" 200 None
[19.09.2026 08:43:30] DEBUG · urllib3.connectionpool https://funpay.com:443 "POST /runner/ HTTP/1.1" 200 None
[19.09.2026 08:43:30] DEBUG · urllib3.connectionpool https://funpay.com:443 "POST /runner/ HTTP/1.1" 200 None
[19.09.2026 08:43:30] INFO · universal.funpay     Новое сообщение в чате с barabanjj22:
[19.09.2026 08:43:30] INFO · universal.funpay     │ barabanjj22:
[19.09.2026 08:43:30] INFO · universal.funpay     │ !сменил
[19.09.2026 08:43:30] INFO · universal.funpay     └────────────────────────────────────
[19.09.2026 08:43:30] WARNING · modules.apple_topup  🍎 Apple TopUp DEBUG: заказ найден по username fallback: order=F4ERHV4K buyer='barabanjj22' saved_chat_id='users-10794022-21396664' incoming_chat_id=287190642 state=WAITING_REGION_CHANGED
[19.09.2026 08:43:30] INFO · modules.apple_topup  🍎 Apple TopUp DEBUG: команда покупателя: author='barabanjj22' command='!сменил' order=F4ERHV4K state=WAITING_REGION_CHANGED incoming_chat_id=287190642 saved_chat_id='users-10794022-21396664'
[19.09.2026 08:43:31] DEBUG · urllib3.connectionpool https://funpay.com:443 "POST /runner/ HTTP/1.1" 200 None
[19.09.2026 08:43:31] DEBUG · urllib3.connectionpool Starting new HTTPS connection (1): api.fzr.cards:443
[19.09.2026 08:43:31] DEBUG · urllib3.connectionpool https://api.fzr.cards:443 "GET /api/v2/giftcards/cards?category_id=app_store_itunes_tr HTTP/1.1" 200 2988
[19.09.2026 08:43:31] INFO · modules.apple_topup  🍎 Apple TopUp: товар подтверждён: card_id=10_try, quantity=4, stock=130
[19.09.2026 08:43:31] INFO · modules.apple_topup  🍎 Apple TopUp: покупаем товары [{'card_id': '10_try', 'quantity': 4}] для заказа F4ERHV4K
[19.09.2026 08:43:31] INFO · modules.apple_topup  🍎 Apple TopUp: покупаем 10_try x 4 для заказа F4ERHV4K (лот 72853562)
[19.09.2026 08:43:31] DEBUG · urllib3.connectionpool Starting new HTTPS connection (1): api.fzr.cards:443
[19.09.2026 08:43:31] DEBUG · urllib3.connectionpool https://funpay.com:443 "GET /users/10794022/ HTTP/1.1" 200 None
[19.09.2026 08:43:31] DEBUG · urllib3.connectionpool https://api.fzr.cards:443 "POST /api/v2/giftcards/order HTTP/1.1" 200 474
[19.09.2026 08:43:35] DEBUG · urllib3.connectionpool https://funpay.com:443 "GET /users/10794022/ HTTP/1.1" 200 None
[19.09.2026 08:43:37] DEBUG · urllib3.connectionpool https://api.fzr.cards:443 "GET /api/v2/orders/ord-1422514 HTTP/1.1" 200 628
[19.09.2026 08:43:37] INFO · modules.apple_topup  🍎 Apple TopUp: статус FazerCards заказа ord-1422514 (проверка 1/36): completed
[19.09.2026 08:43:37] DEBUG · urllib3.connectionpool https://funpay.com:443 "POST /runner/ HTTP/1.1" 200 None
[19.09.2026 08:43:37] INFO · modules.apple_topup  🍎 Apple TopUp: 4 кодов отправлено покупателю для заказа F4ERHV4K
[19.09.2026 08:43:37] DEBUG · urllib3.connectionpool https://funpay.com:443 "POST /runner/ HTTP/1.1" 200 None
[19.09.2026 08:43:38] INFO · universal.funpay     Новое сообщение в чате с barabanjj22:
[19.09.2026 08:43:38] INFO · universal.funpay     │ Slavikbebryan:
[19.09.2026 08:43:38] INFO · universal.funpay     │ После того как вы сменили регион, переходите на главный экран App Store.
[19.09.2026 08:43:38] INFO · universal.funpay     │ Нажимайте на аватарку и переходите в Redeem Code.
[19.09.2026 08:43:38] INFO · universal.funpay     │
[19.09.2026 08:43:38] INFO · universal.funpay     │ Коды придут через несколько минут.
[19.09.2026 08:43:38] INFO · universal.funpay     │
[19.09.2026 08:43:38] INFO · universal.funpay     │ На этом этапе не нужно вводить никакие команды, коды автоматически придут через
[19.09.2026 08:43:38] INFO · universal.funpay     │ несколько минут.
[19.09.2026 08:43:38] INFO · universal.funpay     │ ©️ 𝗙𝘂𝗻𝗣𝗮𝘆 𝗨𝗻𝗶𝘃𝗲𝗿𝘀𝗮𝗹
[19.09.2026 08:43:38] INFO · universal.funpay     └─────────────────────────────────────────────────────────────────────────────────
[19.09.2026 08:43:38] DEBUG · modules.apple_topup  🍎 Apple TopUp DEBUG: сообщение собственного аккаунта пропущено: author='Slavikbebryan'
[19.09.2026 08:43:38] INFO · universal.funpay     Новое сообщение в чате с barabanjj22:
[19.09.2026 08:43:38] INFO · universal.funpay     │ Slavikbebryan:
[19.09.2026 08:43:38] INFO · universal.funpay     │ Вот ваши коды:
[19.09.2026 08:43:38] INFO · universal.funpay     │
[19.09.2026 08:43:38] INFO · universal.funpay     │ 1. XCQ8ZV9XF9K6ZDJP
[19.09.2026 08:43:38] INFO · universal.funpay     │ 2. X83ZCVX32J8PXNY8
[19.09.2026 08:43:38] INFO · universal.funpay     │ 3. X5D8MCPJWZHZR32G
[19.09.2026 08:43:38] INFO · universal.funpay     │ 4. XT6CFGHR8MTW2K3F
[19.09.2026 08:43:38] INFO · universal.funpay     │
[19.09.2026 08:43:38] INFO · universal.funpay     │ Вводите их по очереди.
[19.09.2026 08:43:38] INFO · universal.funpay     │
[19.09.2026 08:43:38] INFO · universal.funpay     │ После того как введете коды, напишите команду:
[19.09.2026 08:43:38] INFO · universal.funpay     │ !ввел
[19.09.2026 08:43:38] INFO · universal.funpay     │
[19.09.2026 08:43:38] INFO · universal.funpay     │ Если у вас какие-либо вопросы, вы можете вызвать продавца в чат. Для этого
[19.09.2026 08:43:38] INFO · universal.funpay     │ введите команду:
[19.09.2026 08:43:38] INFO · universal.funpay     │ !продавец
[19.09.2026 08:43:38] INFO · universal.funpay     │
[19.09.2026 08:43:38] INFO · universal.funpay     │ ©️ 𝗙𝘂𝗻𝗣𝗮𝘆 𝗨𝗻𝗶𝘃𝗲𝗿𝘀𝗮𝗹
[19.09.2026 08:43:38] INFO · universal.funpay     └────────────────────────────────────────────────────────────────────────────
[19.09.2026 08:43:38] DEBUG · modules.apple_topup  🍎 Apple TopUp DEBUG: сообщение собственного аккаунта пропущено: author='Slavikbebryan'
[19.09.2026 08:43:38] DEBUG · urllib3.connectionpool https://funpay.com:443 "GET /users/10794022/ HTTP/1.1" 200 None
[19.09.2026 08:43:41] DEBUG · urllib3.connectionpool https://funpay.com:443 "POST /runner/ HTTP/1.1" 200 None
[19.09.2026 08:43:41] DEBUG · urllib3.connectionpool https://funpay.com:443 "GET /users/10794022/ HTTP/1.1" 200 None
[19.09.2026 08:43:45] DEBUG · urllib3.connectionpool https://funpay.com:443 "GET /users/10794022/ HTTP/1.1" 200 None
[19.09.2026 08:43:45] DEBUG · urllib3.connectionpool https://funpay.com:443 "POST /runner/ HTTP/1.1" 200 None
[19.09.2026 08:43:48] DEBUG · urllib3.connectionpool https://funpay.com:443 "GET /users/10794022/ HTTP/1.1" 200 None
[19.09.2026 08:43:49] DEBUG · urllib3.connectionpool https://funpay.com:443 "POST /runner/ HTTP/1.1" 200 None
[19.09.2026 08:43:51] DEBUG · urllib3.connectionpool https://funpay.com:443 "GET /users/10794022/ HTTP/1.1" 200 None
[19.09.2026 08:43:53] DEBUG · urllib3.connectionpool https://funpay.com:443 "POST /runner/ HTTP/1.1" 200 None
[19.09.2026 08:43:54] DEBUG · urllib3.connectionpool https://funpay.com:443 "GET /users/10794022/ HTTP/1.1" 200 None
[19.09.2026 08:43:57] DEBUG · urllib3.connectionpool https://funpay.com:443 "POST /runner/ HTTP/1.1" 200 None
[19.09.2026 08:43:58] DEBUG · urllib3.connectionpool https://funpay.com:443 "GET /users/10794022/ HTTP/1.1" 200 None
[19.09.2026 08:44:01] DEBUG · urllib3.connectionpool https://funpay.com:443 "POST /runner/ HTTP/1.1" 200 None
[19.09.2026 08:44:02] DEBUG · urllib3.connectionpool https://funpay.com:443 "GET /users/10794022/ HTTP/1.1" 200 None
[19.09.2026 08:44:05] DEBUG · urllib3.connectionpool https://funpay.com:443 "GET /users/10794022/ HTTP/1.1" 200 None
[19.09.2026 08:44:06] DEBUG · urllib3.connectionpool https://funpay.com:443 "POST /runner/ HTTP/1.1" 200 None
[19.09.2026 08:44:06] DEBUG · urllib3.connectionpool https://funpay.com:443 "POST /runner/ HTTP/1.1" 200 None
[19.09.2026 08:44:06] INFO · universal.funpay     Новое сообщение в чате с barabanjj22:
[19.09.2026 08:44:06] INFO · universal.funpay     │ barabanjj22:
[19.09.2026 08:44:06] INFO · universal.funpay     │ !ввел
[19.09.2026 08:44:06] INFO · universal.funpay     └────────────────────────────────────
[19.09.2026 08:44:06] WARNING · modules.apple_topup  🍎 Apple TopUp DEBUG: заказ найден по username fallback: order=F4ERHV4K buyer='barabanjj22' saved_chat_id='users-10794022-21396664' incoming_chat_id=287190642 state=CODES_SENT
[19.09.2026 08:44:06] INFO · modules.apple_topup  🍎 Apple TopUp DEBUG: команда покупателя: author='barabanjj22' command='!ввел' order=F4ERHV4K state=CODES_SENT incoming_chat_id=287190642 saved_chat_id='users-10794022-21396664'
[19.09.2026 08:44:06] DEBUG · urllib3.connectionpool https://funpay.com:443 "POST /runner/ HTTP/1.1" 200 None
[19.09.2026 08:44:06] INFO · modules.apple_topup  🍎 Apple TopUp: покупатель ввёл коды по заказу F4ERHV4K; отправлена инструкция для лота 72853562
[19.09.2026 08:44:09] DEBUG · urllib3.connectionpool https://funpay.com:443 "GET /users/10794022/ HTTP/1.1" 200 None
[19.09.2026 08:44:10] DEBUG · urllib3.connectionpool https://funpay.com:443 "POST /runner/ HTTP/1.1" 200 None
[19.09.2026 08:44:10] INFO · universal.funpay     Новое сообщение в чате с barabanjj22:
[19.09.2026 08:44:10] INFO · universal.funpay     │ Slavikbebryan:
[19.09.2026 08:44:10] INFO · universal.funpay     │ После того как ввели коды, заходите в SoundCloud с любым рабочим впн(страна впн
[19.09.2026 08:44:10] INFO · universal.funpay     │ любая) и оформляйте подписку GO+. Если у вас отображаются только подписки
[19.09.2026 08:44:10] INFO · universal.funpay     │ artist, то меняйте впн.
[19.09.2026 08:44:10] INFO · universal.funpay     │
[19.09.2026 08:44:10] INFO · universal.funpay     │ После успешного оформления введите команду !оформил
[19.09.2026 08:44:10] INFO · universal.funpay     │
[19.09.2026 08:44:10] INFO · universal.funpay     │ Если не получилось оформить подписку, то вызовите продавца чат командой
[19.09.2026 08:44:10] INFO · universal.funpay     │ !продавец, и он решит вашу проблему.
[19.09.2026 08:44:10] INFO · universal.funpay     │ ©️ 𝗙𝘂𝗻𝗣𝗮𝘆 𝗨𝗻𝗶𝘃𝗲𝗿𝘀𝗮𝗹
[19.09.2026 08:44:10] INFO · universal.funpay     └─────────────────────────────────────────────────────────────────────────────────
[19.09.2026 08:44:10] DEBUG · modules.apple_topup  🍎 Apple TopUp DEBUG: сообщение собственного аккаунта пропущено: author='Slavikbebryan'
[19.09.2026 08:44:12] DEBUG · urllib3.connectionpool https://funpay.com:443 "GET /users/10794022/ HTTP/1.1" 200 None
[19.09.2026 08:44:14] DEBUG · urllib3.connectionpool https://funpay.com:443 "POST /runner/ HTTP/1.1" 200 None
[19.09.2026 08:44:16] DEBUG · urllib3.connectionpool https://funpay.com:443 "GET /users/10794022/ HTTP/1.1" 200 None
[19.09.2026 08:44:18] DEBUG · urllib3.connectionpool https://funpay.com:443 "POST /runner/ HTTP/1.1" 200 None
[19.09.2026 08:44:19] DEBUG · urllib3.connectionpool https://funpay.com:443 "GET /users/10794022/ HTTP/1.1" 200 None
[19.09.2026 08:44:22] DEBUG · urllib3.connectionpool https://funpay.com:443 "POST /runner/ HTTP/1.1" 200 None
[19.09.2026 08:44:22] DEBUG · urllib3.connectionpool https://funpay.com:443 "POST /runner/ HTTP/1.1" 200 None
[19.09.2026 08:44:22] INFO · universal.funpay     Новое сообщение в чате с barabanjj22:
[19.09.2026 08:44:22] INFO · universal.funpay     │ barabanjj22:
[19.09.2026 08:44:22] INFO · universal.funpay     │ !оформил
[19.09.2026 08:44:22] INFO · universal.funpay     └────────────────────────────────────
[19.09.2026 08:44:22] WARNING · modules.apple_topup  🍎 Apple TopUp DEBUG: заказ найден по username fallback: order=F4ERHV4K buyer='barabanjj22' saved_chat_id='users-10794022-21396664' incoming_chat_id=287190642 state=WAITING_CONFIRMATION
[19.09.2026 08:44:22] INFO · modules.apple_topup  🍎 Apple TopUp DEBUG: команда покупателя: author='barabanjj22' command='!оформил' order=F4ERHV4K state=WAITING_CONFIRMATION incoming_chat_id=287190642 saved_chat_id='users-10794022-21396664'
[19.09.2026 08:44:22] DEBUG · urllib3.connectionpool https://funpay.com:443 "POST /runner/ HTTP/1.1" 200 None
[19.09.2026 08:44:22] INFO · modules.apple_topup  🍎 Apple TopUp: покупатель подтвердил оформление заказа F4ERHV4K
[19.09.2026 08:44:23] DEBUG · urllib3.connectionpool https://funpay.com:443 "GET /users/10794022/ HTTP/1.1" 200 None
[19.09.2026 08:44:26] DEBUG · urllib3.connectionpool https://funpay.com:443 "POST /runner/ HTTP/1.1" 200 None
[19.09.2026 08:44:26] INFO · universal.funpay     Новое сообщение в чате с barabanjj22:
[19.09.2026 08:44:26] INFO · universal.funpay     │ Slavikbebryan:
[19.09.2026 08:44:26] INFO · universal.funpay     │ Спасибо за заказ!
[19.09.2026 08:44:26] INFO · universal.funpay     │
[19.09.2026 08:44:26] INFO · universal.funpay     │ Не забудьте оставить отзыв и подтвердить заказ.
[19.09.2026 08:44:26] INFO · universal.funpay     │
[19.09.2026 08:44:26] INFO · universal.funpay     │ SlavikStore
[19.09.2026 08:44:26] INFO · universal.funpay     │
[19.09.2026 08:44:26] INFO · universal.funpay     │ ©️ 𝗙𝘂𝗻𝗣𝗮𝘆 𝗨𝗻𝗶𝘃𝗲𝗿𝘀𝗮𝗹
[19.09.2026 08:44:26] INFO · universal.funpay     └─────────────────────────────────────────────────
[19.09.2026 08:44:26] DEBUG · modules.apple_topup  🍎 Apple TopUp DEBUG: сообщение собственного аккаунта пропущено: author='Slavikbebryan'
[19.09.2026 08:44:27] DEBUG · urllib3.connectionpool https://funpay.com:443 "GET /users/10794022/ HTTP/1.1" 200 None
[19.09.2026 08:44:29] DEBUG · urllib3.connectionpool https://funpay.com:443 "POST /runner/ HTTP/1.1" 200 None
[19.09.2026 08:44:30] DEBUG · urllib3.connectionpool https://funpay.com:443 "GET /users/10794022/ HTTP/1.1" 200 None
[19.09.2026 08:44:34] DEBUG · urllib3.connectionpool https://funpay.com:443 "POST /runner/ HTTP/1.1" 200 None
[19.09.2026 08:44:34] DEBUG · urllib3.connectionpool https://funpay.com:443 "GET /users/10794022/ HTTP/1.1" 200 None
[19.09.2026 08:44:37] DEBUG · urllib3.connectionpool https://funpay.com:443 "POST /runner/ HTTP/1.1" 200 None
[19.09.2026 08:44:37] DEBUG · urllib3.connectionpool https://funpay.com:443 "GET /users/10794022/ HTTP/1.1" 200 None
[19.09.2026 08:44:41] DEBUG · urllib3.connectionpool https://funpay.com:443 "GET /users/10794022/ HTTP/1.1" 200 None
[19.09.2026 08:44:42] DEBUG · urllib3.connectionpool https://funpay.com:443 "POST /runner/ HTTP/1.1" 200 None
[19.09.2026 08:44:44] DEBUG · urllib3.connectionpool https://funpay.com:443 "GET /users/10794022/ HTTP/1.1" 200 None
[19.09.2026 08:44:46] DEBUG · urllib3.connectionpool https://funpay.com:443 "POST /runner/ HTTP/1.1" 200 None
[19.09.2026 08:44:48] DEBUG · urllib3.connectionpool https://funpay.com:443 "GET /users/10794022/ HTTP/1.1" 200 None
[19.09.2026 08:44:50] DEBUG · urllib3.connectionpool https://funpay.com:443 "POST /runner/ HTTP/1.1" 200 None
[19.09.2026 08:44:51] DEBUG · urllib3.connectionpool https://funpay.com:443 "GET /users/10794022/ HTTP/1.1" 200 None
[19.09.2026 08:44:54] DEBUG · urllib3.connectionpool https://funpay.com:443 "POST /runner/ HTTP/1.1" 200 None
[19.09.2026 08:44:55] DEBUG · urllib3.connectionpool https://funpay.com:443 "GET /users/10794022/ HTTP/1.1" 200 None
[19.09.2026 08:44:58] DEBUG · urllib3.connectionpool https://funpay.com:443 "POST /runner/ HTTP/1.1" 200 None
[19.09.2026 08:44:58] DEBUG · urllib3.connectionpool https://funpay.com:443 "GET /users/10794022/ HTTP/1.1" 200 None
[19.09.2026 08:45:01] DEBUG · urllib3.connectionpool https://funpay.com:443 "GET /users/10794022/ HTTP/1.1" 200 None
[19.09.2026 08:45:01] DEBUG · urllib3.connectionpool https://funpay.com:443 "POST /runner/ HTTP/1.1" 200 None
[19.09.2026 08:45:05] DEBUG · urllib3.connectionpool https://funpay.com:443 "GET /users/10794022/ HTTP/1.1" 200 None
[19.09.2026 08:45:05] DEBUG · urllib3.connectionpool https://funpay.com:443 "POST /runner/ HTTP/1.1" 200 None
[19.09.2026 08:45:08] DEBUG · urllib3.connectionpool https://funpay.com:443 "GET /users/10794022/ HTTP/1.1" 200 None
[19.09.2026 08:45:10] DEBUG · urllib3.connectionpool https://funpay.com:443 "POST /runner/ HTTP/1.1" 200 None
[19.09.2026 08:45:12] DEBUG · urllib3.connectionpool https://funpay.com:443 "GET /users/10794022/ HTTP/1.1" 200 None
[19.09.2026 08:45:13] DEBUG · urllib3.connectionpool https://funpay.com:443 "POST /runner/ HTTP/1.1" 200 None
[19.09.2026 08:45:15] DEBUG · urllib3.connectionpool https://funpay.com:443 "GET /users/10794022/ HTTP/1.1" 200 None
[19.09.2026 08:45:17] DEBUG · urllib3.connectionpool https://funpay.com:443 "POST /runner/ HTTP/1.1" 200 None
[19.09.2026 08:45:19] DEBUG · urllib3.connectionpool https://funpay.com:443 "GET /users/10794022/ HTTP/1.1" 200 None
[19.09.2026 08:45:21] DEBUG · urllib3.connectionpool https://funpay.com:443 "POST /runner/ HTTP/1.1" 200 None
[19.09.2026 08:45:22] DEBUG · urllib3.connectionpool https://funpay.com:443 "GET /users/10794022/ HTTP/1.1" 200 None
[19.09.2026 08:45:25] DEBUG · urllib3.connectionpool https://funpay.com:443 "GET /users/10794022/ HTTP/1.1" 200 None
[19.09.2026 08:45:25] DEBUG · urllib3.connectionpool https://funpay.com:443 "POST /runner/ HTTP/1.1" 200 None
[19.09.2026 08:45:29] DEBUG · urllib3.connectionpool https://funpay.com:443 "GET /users/10794022/ HTTP/1.1" 200 None
[19.09.2026 08:45:29] DEBUG · urllib3.connectionpool https://funpay.com:443 "POST /runner/ HTTP/1.1" 200 None
[19.09.2026 08:45:31] DEBUG · urllib3.connectionpool Starting new HTTPS connection (1): api.github.com:443
[19.09.2026 08:45:32] DEBUG · urllib3.connectionpool https://api.github.com:443 "GET /repos/alleexxeeyy/funpay-universal/releases HTTP/1.1" 200 5955
[19.09.2026 08:45:32] DEBUG · urllib3.connectionpool https://funpay.com:443 "GET /users/10794022/ HTTP/1.1" 200 None
[19.09.2026 08:45:33] DEBUG · urllib3.connectionpool https://funpay.com:443 "POST /runner/ HTTP/1.1" 200 None
[19.09.2026 08:45:35] DEBUG · urllib3.connectionpool https://funpay.com:443 "GET /users/10794022/ HTTP/1.1" 200 None
[19.09.2026 08:45:37] DEBUG · urllib3.connectionpool https://funpay.com:443 "POST /runner/ HTTP/1.1" 200 None
[19.09.2026 08:45:39] DEBUG · urllib3.connectionpool https://funpay.com:443 "GET /users/10794022/ HTTP/1.1" 200 None
[19.09.2026 08:45:41] DEBUG · urllib3.connectionpool https://funpay.com:443 "POST /runner/ HTTP/1.1" 200 None
[19.09.2026 08:45:43] DEBUG · urllib3.connectionpool https://funpay.com:443 "GET /users/10794022/ HTTP/1.1" 200 None
[19.09.2026 08:45:45] DEBUG · urllib3.connectionpool https://funpay.com:443 "POST /runner/ HTTP/1.1" 200 None
[19.09.2026 08:45:46] DEBUG · urllib3.connectionpool https://funpay.com:443 "GET /users/10794022/ HTTP/1.1" 200 None
[19.09.2026 08:45:49] DEBUG · urllib3.connectionpool https://funpay.com:443 "GET /users/10794022/ HTTP/1.1" 200 None
[19.09.2026 08:45:50] DEBUG · urllib3.connectionpool https://funpay.com:443 "POST /runner/ HTTP/1.1" 200 None
[19.09.2026 08:45:50] DEBUG · urllib3.connectionpool https://funpay.com:443 "GET /orders/trade HTTP/1.1" 200 None
[19.09.2026 08:45:51] DEBUG · urllib3.connectionpool https://funpay.com:443 "POST /runner/ HTTP/1.1" 200 None
[19.09.2026 08:45:51] INFO · universal.funpay     ───────────────────────────────────────
[19.09.2026 08:45:51] INFO · universal.funpay     Статус заказа #F4ERHV4K изменился:
[19.09.2026 08:45:51] INFO · universal.funpay      · Статус: Возврат
[19.09.2026 08:45:51] INFO · universal.funpay      · Покупатель: barabanjj22
[19.09.2026 08:45:51] INFO · universal.funpay      · Товар: ⚡️💎【АВТО-ВЫДАЧА 24/7】⚡️💎【SoundCloud GO+】 ⚡️💎【1 МЕСЯЦ】⚡️💎 【ЛЮБОЙ IOS】, GO+, 1 месяц
[19.09.2026 08:45:51] INFO · universal.funpay      · Количество: 1
[19.09.2026 08:45:51] INFO · universal.funpay      · Сумма: 101.9 RUB
[19.09.2026 08:45:51] INFO · universal.funpay     ───────────────────────────────────────
[19.09.2026 08:45:51] INFO · modules.apple_topup  Apple TopUp: ORDER_STATUS_CHANGED order=F4ERHV4K status=OrderStatuses.REFUNDED
[19.09.2026 08:45:51] INFO · modules.apple_topup  Apple TopUp: заказ F4ERHV4K возвращён
[19.09.2026 08:45:51] INFO · universal.funpay     Новое сообщение в чате с barabanjj22:
[19.09.2026 08:45:51] INFO · universal.funpay     │ FunPay:
[19.09.2026 08:45:51] INFO · universal.funpay     │ Продавец Slavikbebryan вернул деньги покупателю barabanjj22 по заказу #F4ERHV4K.
[19.09.2026 08:45:51] INFO · universal.funpay     └──────────────────────────────────────────────────────────────────────────────────
[19.09.2026 08:45:53] DEBUG · urllib3.connectionpool https://funpay.com:443 "GET /users/10794022/ HTTP/1.1" 200 None
[19.09.2026 08:45:53] DEBUG · urllib3.connectionpool https://funpay.com:443 "POST /runner/ HTTP/1.1" 200 None
[19.09.2026 08:45:56] DEBUG · urllib3.connectionpool https://funpay.com:443 "GET /users/10794022/ HTTP/1.1" 200 None
[19.09.2026 08:45:58] DEBUG · urllib3.connectionpool https://funpay.com:443 "POST /runner/ HTTP/1.1" 200 None
[19.09.2026 08:45:59] DEBUG · urllib3.connectionpool https://funpay.com:443 "GET /users/10794022/ HTTP/1.1" 200 None
[19.09.2026 08:46:02] DEBUG · urllib3.connectionpool https://funpay.com:443 "POST /runner/ HTTP/1.1" 200 None
[19.09.2026 08:46:03] DEBUG · urllib3.connectionpool https://funpay.com:443 "GET /users/10794022/ HTTP/1.1" 200 None
[19.09.2026 08:46:05] DEBUG · urllib3.connectionpool https://funpay.com:443 "POST /runner/ HTTP/1.1" 200 None
[19.09.2026 08:46:06] DEBUG · urllib3.connectionpool https://funpay.com:443 "GET /users/10794022/ HTTP/1.1" 200 None
[19.09.2026 08:46:09] DEBUG · urllib3.connectionpool Resetting dropped connection: funpay.com
[19.09.2026 08:46:09] DEBUG · urllib3.connectionpool https://funpay.com:443 "POST /runner/ HTTP/1.1" 200 None
[19.09.2026 08:46:10] DEBUG · urllib3.connectionpool https://funpay.com:443 "GET /users/10794022/ HTTP/1.1" 200 None
[19.09.2026 08:46:13] DEBUG · urllib3.connectionpool https://funpay.com:443 "GET /users/10794022/ HTTP/1.1" 200 None
[19.09.2026 08:46:13] DEBUG · urllib3.connectionpool https://funpay.com:443 "POST /runner/ HTTP/1.1" 200 None
[19.09.2026 08:46:17] DEBUG · urllib3.connectionpool https://funpay.com:443 "GET /users/10794022/ HTTP/1.1" 200 None
[19.09.2026 08:46:17] DEBUG · urllib3.connectionpool https://funpay.com:443 "POST /runner/ HTTP/1.1" 200 None
[19.09.2026 08:46:21] DEBUG · urllib3.connectionpool https://funpay.com:443 "GET /users/10794022/ HTTP/1.1" 200 None
[19.09.2026 08:46:21] DEBUG · urllib3.connectionpool https://funpay.com:443 "POST /runner/ HTTP/1.1" 200 None
[19.09.2026 08:46:24] DEBUG · urllib3.connectionpool https://funpay.com:443 "GET /users/10794022/ HTTP/1.1" 200 None
[19.09.2026 08:46:26] DEBUG · urllib3.connectionpool https://funpay.com:443 "POST /runner/ HTTP/1.1" 200 None
[19.09.2026 08:46:27] DEBUG · urllib3.connectionpool https://funpay.com:443 "GET /users/10794022/ HTTP/1.1" 200 None
[19.09.2026 08:46:30] DEBUG · urllib3.connectionpool https://funpay.com:443 "POST /runner/ HTTP/1.1" 200 None
[19.09.2026 08:46:31] DEBUG · urllib3.connectionpool https://funpay.com:443 "GET /users/10794022/ HTTP/1.1" 200 None
[19.09.2026 08:46:34] DEBUG · urllib3.connectionpool https://funpay.com:443 "POST /runner/ HTTP/1.1" 200 None
[19.09.2026 08:46:34] DEBUG · urllib3.connectionpool https://funpay.com:443 "GET /users/10794022/ HTTP/1.1" 200 None
[19.09.2026 08:46:37] DEBUG · urllib3.connectionpool https://funpay.com:443 "POST /runner/ HTTP/1.1" 200 None
[19.09.2026 08:46:38] DEBUG · urllib3.connectionpool https://funpay.com:443 "GET /users/10794022/ HTTP/1.1" 200 None
[19.09.2026 08:46:41] DEBUG · urllib3.connectionpool https://funpay.com:443 "GET /users/10794022/ HTTP/1.1" 200 None
[19.09.2026 08:46:41] DEBUG · urllib3.connectionpool https://funpay.com:443 "POST /runner/ HTTP/1.1" 200 None
[19.09.2026 08:46:44] DEBUG · urllib3.connectionpool https://funpay.com:443 "GET /users/10794022/ HTTP/1.1" 200 None
[19.09.2026 08:46:46] DEBUG · urllib3.connectionpool https://funpay.com:443 "POST /runner/ HTTP/1.1" 200 None
[19.09.2026 08:46:47] DEBUG · urllib3.connectionpool https://funpay.com:443 "GET /users/10794022/ HTTP/1.1" 200 None
[19.09.2026 08:46:49] DEBUG · urllib3.connectionpool https://funpay.com:443 "POST /runner/ HTTP/1.1" 200 None
[20.09.2026 01:08:19] DEBUG · urllib3.connectionpool Starting new HTTPS connection (1): api.github.com:443
[20.09.2026 01:08:19] DEBUG · urllib3.connectionpool https://api.github.com:443 "GET /repos/alleexxeeyy/funpay-universal/releases HTTP/1.1" 200 None
[20.09.2026 01:08:19] INFO · universal.updater    У вас установлена последняя версия: 1.18.2
[20.09.2026 01:08:19] INFO · universal            
[20.09.2026 01:08:19] DEBUG · urllib3.connectionpool Starting new HTTPS connection (1): funpay.com:443
[20.09.2026 01:08:20] DEBUG · urllib3.connectionpool https://funpay.com:443 "GET / HTTP/1.1" 200 None
[20.09.2026 01:08:21] INFO · universal            FunPay аккаунт успешно авторизован.
[20.09.2026 01:08:21] DEBUG · urllib3.connectionpool Starting new HTTPS connection (1): funpay.com:443
[20.09.2026 01:08:21] DEBUG · urllib3.connectionpool https://funpay.com:443 "GET / HTTP/1.1" 200 None
[20.09.2026 01:08:22] DEBUG · urllib3.connectionpool https://funpay.com:443 "GET /users/10794022/ HTTP/1.1" 200 None
[20.09.2026 01:08:22] DEBUG · urllib3.connectionpool Starting new HTTPS connection (1): api.telegram.org:443
[20.09.2026 01:08:23] DEBUG · urllib3.connectionpool https://api.telegram.org:443 "GET /bot8756373718:AAF7UShfdcPoSa4xL_OhGoEeELgqwJzepak/getMe HTTP/1.1" 200 416
[20.09.2026 01:08:23] INFO · universal            Telegram бот успешно работает.
[20.09.2026 01:08:23] INFO · universal            
[20.09.2026 01:08:23] DEBUG · asyncio              Using proactor: IocpProactor
[20.09.2026 01:08:23] INFO · universal.modules    Подключен 1 модуль: Apple TopUp 1.0.0
[20.09.2026 01:08:23] DEBUG · asyncio              Using proactor: IocpProactor
[20.09.2026 01:08:23] DEBUG · urllib3.connectionpool Starting new HTTPS connection (1): funpay.com:443
[20.09.2026 01:08:24] DEBUG · urllib3.connectionpool https://funpay.com:443 "GET / HTTP/1.1" 200 None
[20.09.2026 01:08:24] INFO · universal.telegram   
[20.09.2026 01:08:24] INFO · universal.telegram   Telegram бот @panel_funpay_bot запущен и активен
[20.09.2026 01:08:24] INFO · universal.funpay     
[20.09.2026 01:08:24] INFO · universal.funpay     FunPay бот запущен и активен
[20.09.2026 01:08:24] INFO · universal.funpay     
[20.09.2026 01:08:24] INFO · universal.funpay     ───────────────────────────────────────
[20.09.2026 01:08:24] INFO · universal.funpay     Информация об аккаунте:
[20.09.2026 01:08:24] INFO · universal.funpay      · ID: 10794022
[20.09.2026 01:08:24] INFO · universal.funpay      · Никнейм: Slavikbebryan
[20.09.2026 01:08:24] INFO · universal.funpay      · Баланс: 10713 RUB
[20.09.2026 01:08:24] INFO · universal.funpay      · Активные продажи: 3
[20.09.2026 01:08:24] INFO · universal.funpay      · Активные покупки: 0
[20.09.2026 01:08:24] INFO · universal.funpay     ───────────────────────────────────────
[20.09.2026 01:08:24] DEBUG · asyncio              Using proactor: IocpProactor
[20.09.2026 01:08:24] DEBUG · urllib3.connectionpool Starting new HTTPS connection (2): funpay.com:443
[20.09.2026 01:08:24] DEBUG · urllib3.connectionpool Starting new HTTPS connection (3): funpay.com:443
[20.09.2026 01:08:24] DEBUG · urllib3.connectionpool Starting new HTTPS connection (1): support.funpay.com:443
[20.09.2026 01:08:25] DEBUG · urllib3.connectionpool Starting new HTTPS connection (4): funpay.com:443
[20.09.2026 01:08:25] DEBUG · urllib3.connectionpool https://funpay.com:443 "GET /users/10794022/ HTTP/1.1" 200 None
[20.09.2026 01:08:25] DEBUG · urllib3.connectionpool https://funpay.com:443 "GET / HTTP/1.1" 200 None
[20.09.2026 01:08:25] DEBUG · urllib3.connectionpool https://funpay.com:443 "GET /users/10794022/ HTTP/1.1" 200 None
[20.09.2026 01:08:25] DEBUG · urllib3.connectionpool https://funpay.com:443 "POST /lots/raise HTTP/1.1" 200 None
[20.09.2026 01:08:25] DEBUG · FunPayAPI.account    Ответ FunPay (поднятие категорий): {'error': True, 'msg': 'Подождите 3 часа.', 'wait': 11759, 'unlock_at': '2026-09-20T01:24:25Z'}.
[20.09.2026 01:08:25] WARNING · universal.funpay     Категорию «Прочее» можно будет поднять через 11759 сек.
[20.09.2026 01:08:25] DEBUG · urllib3.connectionpool https://support.funpay.com:443 "GET / HTTP/1.1" 302 None
[20.09.2026 01:08:25] DEBUG · urllib3.connectionpool Starting new HTTPS connection (1): funpay.com:443
[20.09.2026 01:08:25] DEBUG · urllib3.connectionpool https://funpay.com:443 "POST /runner/ HTTP/1.1" 200 None
[20.09.2026 01:08:25] DEBUG · urllib3.connectionpool https://funpay.com:443 "POST /lots/raise HTTP/1.1" 200 None
[20.09.2026 01:08:25] DEBUG · FunPayAPI.account    Ответ FunPay (поднятие категорий): {'error': True, 'msg': 'Подождите час.', 'wait': 3687, 'unlock_at': '2026-09-19T23:09:53Z'}.
[20.09.2026 01:08:25] WARNING · universal.funpay     Категорию «Аккаунты» можно будет поднять через 3687 сек.
[20.09.2026 01:08:25] INFO · modules.apple_topup  🍎 Apple TopUp: незавершённых заказов для восстановления нет
[20.09.2026 01:08:25] DEBUG · asyncio              Using proactor: IocpProactor
[20.09.2026 01:08:25] DEBUG · urllib3.connectionpool https://funpay.com:443 "POST /lots/raise HTTP/1.1" 200 None
[20.09.2026 01:08:25] DEBUG · FunPayAPI.account    Ответ FunPay (поднятие категорий): {'error': True, 'msg': 'Подождите 3 часа.', 'wait': 11763, 'unlock_at': '2026-09-20T01:24:29Z'}.
[20.09.2026 01:08:25] WARNING · universal.funpay     Категорию «Промокоды» можно будет поднять через 11763 сек.
[20.09.2026 01:08:26] DEBUG · urllib3.connectionpool https://funpay.com:443 "POST /lots/raise HTTP/1.1" 200 None
[20.09.2026 01:08:26] DEBUG · FunPayAPI.account    Ответ FunPay (поднятие категорий): {'error': True, 'msg': 'Подождите 3 часа.', 'wait': 11763, 'unlock_at': '2026-09-20T01:24:29Z'}.
[20.09.2026 01:08:26] WARNING · universal.funpay     Категорию «Прочее» можно будет поднять через 11763 сек.
[20.09.2026 01:08:26] DEBUG · urllib3.connectionpool https://funpay.com:443 "GET /orders/trade HTTP/1.1" 200 None
[20.09.2026 01:08:26] DEBUG · urllib3.connectionpool https://funpay.com:443 "POST /lots/raise HTTP/1.1" 200 None
[20.09.2026 01:08:26] DEBUG · FunPayAPI.account    Ответ FunPay (поднятие категорий): {'error': True, 'msg': 'Подождите 2 часа.', 'wait': 8198, 'unlock_at': '2026-09-20T00:25:04Z'}.
[20.09.2026 01:08:26] WARNING · universal.funpay     Категорию «Прочее» можно будет поднять через 8198 сек.
[20.09.2026 01:08:26] DEBUG · urllib3.connectionpool https://funpay.com:443 "POST /lots/raise HTTP/1.1" 200 None
[20.09.2026 01:08:26] DEBUG · FunPayAPI.account    Ответ FunPay (поднятие категорий): {'error': True, 'msg': 'Подождите 3 часа.', 'wait': 11772, 'unlock_at': '2026-09-20T01:24:38Z'}.
[20.09.2026 01:08:26] WARNING · universal.funpay     Категорию «Услуги» можно будет поднять через 11772 сек.
[20.09.2026 01:08:26] DEBUG · urllib3.connectionpool https://funpay.com:443 "POST /lots/raise HTTP/1.1" 200 None
[20.09.2026 01:08:26] DEBUG · urllib3.connectionpool https://funpay.com:443 "GET /support/sso?return_to=%2F HTTP/1.1" 302 None
[20.09.2026 01:08:26] DEBUG · FunPayAPI.account    Ответ FunPay (поднятие категорий): {'error': True, 'msg': 'Подождите 3 часа.', 'wait': 11774, 'unlock_at': '2026-09-20T01:24:40Z'}.
[20.09.2026 01:08:26] WARNING · universal.funpay     Категорию «Прочее» можно будет поднять через 11774 сек.
[20.09.2026 01:08:26] DEBUG · urllib3.connectionpool Starting new HTTPS connection (1): support.funpay.com:443
[20.09.2026 01:08:26] DEBUG · urllib3.connectionpool https://funpay.com:443 "POST /lots/raise HTTP/1.1" 200 None
[20.09.2026 01:08:26] DEBUG · FunPayAPI.account    Ответ FunPay (поднятие категорий): {'error': True, 'msg': 'Подождите час.', 'wait': 3834, 'unlock_at': '2026-09-19T23:12:21Z'}.
[20.09.2026 01:08:26] WARNING · universal.funpay     Категорию «Аккаунты» можно будет поднять через 3834 сек.
[20.09.2026 01:08:26] DEBUG · urllib3.connectionpool https://funpay.com:443 "POST /lots/raise HTTP/1.1" 429 162
[20.09.2026 01:08:26] DEBUG · universal.utils      https://funpay.com/lots/raise — 429. Пробую отправить запрос снова через 5.0 сек.
[20.09.2026 01:08:27] DEBUG · urllib3.connectionpool https://support.funpay.com:443 "GET /access/jwt?jwt=eyJ0eXAiOiJKV1QiLCJhbGciOiJIUzI1NiJ9.eyJpYXQiOjE3ODk4NTU3MDYsImp0aSI6IjZhYWYwN2RhZjAzZjYiLCJleHRlcm5hbF9pZCI6IjEwNzk0MDIyIiwiZW1haWwiOiJ0b3BtYW50aGVAZ21haWwuY29tIiwibmFtZSI6IlNsYXZpa2JlYnJ5YW4iLCJsb2NhbGUiOiJydSIsImF2YXRhciI6Ilwvc1wvYXZhdGFyXC9sd1wvdGJcL2x3dGJpeXdjNm5nOWM5bjZpYzUzLmpwZyIsInJldmlld19jb3VudCI6MzMzfQ.QhqJONhEVgu07TlVvKZFmP0jgRe0MZX7RjLMoMOktuA&return_to=%2F HTTP/1.1" 302 None
[20.09.2026 01:08:27] DEBUG · urllib3.connectionpool Starting new HTTPS connection (1): support.funpay.com:443
[20.09.2026 01:08:27] DEBUG · urllib3.connectionpool https://support.funpay.com:443 "GET / HTTP/1.1" 200 None
[20.09.2026 01:08:27] INFO · universal.funpay     Создаю тикеты в тех. поддержку на закрытие заказов...
[20.09.2026 01:08:27] DEBUG · urllib3.connectionpool https://funpay.com:443 "GET /orders/trade HTTP/1.1" 200 None
[20.09.2026 01:08:28] DEBUG · urllib3.connectionpool https://funpay.com:443 "POST /orders/trade HTTP/1.1" 200 None
[20.09.2026 01:08:29] DEBUG · urllib3.connectionpool https://funpay.com:443 "POST /runner/ HTTP/1.1" 200 None
[20.09.2026 01:08:29] DEBUG · urllib3.connectionpool https://funpay.com:443 "POST /orders/trade HTTP/1.1" 200 None
[20.09.2026 01:08:30] DEBUG · urllib3.connectionpool https://funpay.com:443 "POST /orders/trade HTTP/1.1" 200 None
[20.09.2026 01:08:31] DEBUG · urllib3.connectionpool https://funpay.com:443 "POST /orders/trade HTTP/1.1" 200 None
[20.09.2026 01:08:31] DEBUG · urllib3.connectionpool https://funpay.com:443 "POST /orders/trade HTTP/1.1" 200 None
[20.09.2026 01:08:31] DEBUG · urllib3.connectionpool Starting new HTTPS connection (1): support.funpay.com:443
[20.09.2026 01:08:32] DEBUG · urllib3.connectionpool https://funpay.com:443 "POST /lots/raise HTTP/1.1" 200 None
[20.09.2026 01:08:32] DEBUG · FunPayAPI.account    Ответ FunPay (поднятие категорий): {'error': True, 'msg': 'Подождите 3 часа.', 'wait': 10029, 'unlock_at': '2026-09-20T00:55:42Z'}.
[20.09.2026 01:08:32] WARNING · universal.funpay     Категорию «Гайды» можно будет поднять через 10029 сек.
[20.09.2026 01:08:32] DEBUG · urllib3.connectionpool https://funpay.com:443 "POST /lots/raise HTTP/1.1" 200 None
[20.09.2026 01:08:32] DEBUG · FunPayAPI.account    Ответ FunPay (поднятие категорий): {'error': True, 'msg': 'Подождите 3 часа.', 'wait': 10029, 'unlock_at': '2026-09-20T00:55:42Z'}.
[20.09.2026 01:08:32] WARNING · universal.funpay     Категорию «Конфиги» можно будет поднять через 10029 сек.
[20.09.2026 01:08:32] DEBUG · urllib3.connectionpool https://support.funpay.com:443 "GET /tickets/new/1 HTTP/1.1" 200 None
[20.09.2026 01:08:32] DEBUG · urllib3.connectionpool Starting new HTTPS connection (1): support.funpay.com:443
[20.09.2026 01:08:32] DEBUG · urllib3.connectionpool https://funpay.com:443 "POST /lots/raise HTTP/1.1" 429 162
[20.09.2026 01:08:32] DEBUG · universal.utils      https://funpay.com/lots/raise — 429. Пробую отправить запрос снова через 5.0 сек.
[20.09.2026 01:08:33] DEBUG · urllib3.connectionpool https://funpay.com:443 "POST /runner/ HTTP/1.1" 200 None
[20.09.2026 01:08:33] DEBUG · urllib3.connectionpool https://support.funpay.com:443 "POST /tickets/create/1 HTTP/1.1" 400 None
[20.09.2026 01:08:33] ERROR · universal.funpay     Ошибка при создании тикетов в тех. поддержку: Запросы на подтверждение заказов отправляются 1 раз в сутки.
[20.09.2026 01:09:56] DEBUG · urllib3.connectionpool Starting new HTTPS connection (1): api.github.com:443
[20.09.2026 01:09:56] DEBUG · urllib3.connectionpool https://api.github.com:443 "GET /repos/alleexxeeyy/funpay-universal/releases HTTP/1.1" 200 5955
[20.09.2026 01:09:56] INFO · universal.updater    У вас установлена последняя версия: 1.18.2
[20.09.2026 01:09:56] INFO · universal            
[20.09.2026 01:09:56] DEBUG · urllib3.connectionpool Starting new HTTPS connection (1): funpay.com:443
[20.09.2026 01:09:57] DEBUG · urllib3.connectionpool https://funpay.com:443 "GET / HTTP/1.1" 200 None
[20.09.2026 01:09:58] INFO · universal            FunPay аккаунт успешно авторизован.
[20.09.2026 01:09:58] DEBUG · urllib3.connectionpool Starting new HTTPS connection (1): funpay.com:443
[20.09.2026 01:09:58] DEBUG · urllib3.connectionpool https://funpay.com:443 "GET / HTTP/1.1" 200 None
[20.09.2026 01:09:59] DEBUG · urllib3.connectionpool https://funpay.com:443 "GET /users/10794022/ HTTP/1.1" 200 None
[20.09.2026 01:10:00] DEBUG · urllib3.connectionpool Starting new HTTPS connection (1): api.telegram.org:443
[20.09.2026 01:10:00] DEBUG · urllib3.connectionpool https://api.telegram.org:443 "GET /bot8756373718:AAF7UShfdcPoSa4xL_OhGoEeELgqwJzepak/getMe HTTP/1.1" 200 416
[20.09.2026 01:10:00] INFO · universal            Telegram бот успешно работает.
[20.09.2026 01:10:00] INFO · universal            
[20.09.2026 01:10:00] DEBUG · asyncio              Using proactor: IocpProactor
[20.09.2026 01:10:00] INFO · universal.modules    Подключен 1 модуль: Apple TopUp 1.0.0
[20.09.2026 01:10:00] DEBUG · asyncio              Using proactor: IocpProactor
[20.09.2026 01:10:00] DEBUG · urllib3.connectionpool Starting new HTTPS connection (1): funpay.com:443
[20.09.2026 01:10:01] DEBUG · urllib3.connectionpool https://funpay.com:443 "GET / HTTP/1.1" 200 None
[20.09.2026 01:10:01] INFO · universal.telegram   
[20.09.2026 01:10:01] INFO · universal.telegram   Telegram бот @panel_funpay_bot запущен и активен
[20.09.2026 01:10:02] INFO · universal.funpay     
[20.09.2026 01:10:02] INFO · universal.funpay     FunPay бот запущен и активен
[20.09.2026 01:10:02] INFO · universal.funpay     
[20.09.2026 01:10:02] INFO · universal.funpay     ───────────────────────────────────────
[20.09.2026 01:10:02] INFO · universal.funpay     Информация об аккаунте:
[20.09.2026 01:10:02] INFO · universal.funpay      · ID: 10794022
[20.09.2026 01:10:02] INFO · universal.funpay      · Никнейм: Slavikbebryan
[20.09.2026 01:10:02] INFO · universal.funpay      · Баланс: 10713 RUB
[20.09.2026 01:10:02] INFO · universal.funpay      · Активные продажи: 3
[20.09.2026 01:10:02] INFO · universal.funpay      · Активные покупки: 0
[20.09.2026 01:10:02] INFO · universal.funpay     ───────────────────────────────────────
[20.09.2026 01:10:02] DEBUG · asyncio              Using proactor: IocpProactor
[20.09.2026 01:10:02] DEBUG · urllib3.connectionpool Starting new HTTPS connection (2): funpay.com:443
[20.09.2026 01:10:02] DEBUG · urllib3.connectionpool Starting new HTTPS connection (3): funpay.com:443
[20.09.2026 01:10:02] DEBUG · urllib3.connectionpool Starting new HTTPS connection (4): funpay.com:443
[20.09.2026 01:10:02] DEBUG · urllib3.connectionpool https://funpay.com:443 "GET / HTTP/1.1" 200 None
[20.09.2026 01:10:02] DEBUG · urllib3.connectionpool https://funpay.com:443 "GET /users/10794022/ HTTP/1.1" 200 None
[20.09.2026 01:10:02] DEBUG · urllib3.connectionpool https://funpay.com:443 "GET /users/10794022/ HTTP/1.1" 200 None
[20.09.2026 01:10:03] DEBUG · urllib3.connectionpool https://funpay.com:443 "POST /runner/ HTTP/1.1" 200 None
[20.09.2026 01:10:03] DEBUG · urllib3.connectionpool https://funpay.com:443 "POST /lots/raise HTTP/1.1" 200 None
[20.09.2026 01:10:03] DEBUG · FunPayAPI.account    Ответ FunPay (поднятие категорий): {'error': True, 'msg': 'Подождите 3 часа.', 'wait': 9939, 'unlock_at': '2026-09-20T00:55:42Z'}.
[20.09.2026 01:10:03] WARNING · universal.funpay     Категорию «Ресурс-паки» можно будет поднять через 9939 сек.
[20.09.2026 01:10:03] INFO · modules.apple_topup  🍎 Apple TopUp: незавершённых заказов для восстановления нет
[20.09.2026 01:10:03] DEBUG · asyncio              Using proactor: IocpProactor
[20.09.2026 01:10:03] DEBUG · urllib3.connectionpool https://funpay.com:443 "POST /lots/raise HTTP/1.1" 200 None
[20.09.2026 01:10:03] DEBUG · FunPayAPI.account    Ответ FunPay (поднятие категорий): {'error': True, 'msg': 'Подождите 3 часа.', 'wait': 11681, 'unlock_at': '2026-09-20T01:24:44Z'}.
[20.09.2026 01:10:03] WARNING · universal.funpay     Категорию «Шаблоны» можно будет поднять через 11681 сек.
[20.09.2026 01:10:03] DEBUG · urllib3.connectionpool https://funpay.com:443 "GET /orders/trade HTTP/1.1" 200 None
[20.09.2026 01:10:03] DEBUG · urllib3.connectionpool https://funpay.com:443 "POST /lots/raise HTTP/1.1" 200 None
[20.09.2026 01:10:03] DEBUG · FunPayAPI.account    Ответ FunPay (поднятие категорий): {'error': True, 'msg': 'Подождите 6 минут.', 'wait': 366, 'unlock_at': '2026-09-19T22:16:10Z'}.
[20.09.2026 01:10:03] WARNING · universal.funpay     Категорию «Подписка» можно будет поднять через 366 сек.
[20.09.2026 01:10:03] DEBUG · urllib3.connectionpool https://funpay.com:443 "POST /lots/raise HTTP/1.1" 200 None
[20.09.2026 01:10:03] DEBUG · FunPayAPI.account    Ответ FunPay (поднятие категорий): {'error': True, 'msg': 'Подождите 2 часа.', 'wait': 7091, 'unlock_at': '2026-09-20T00:08:15Z'}.
[20.09.2026 01:10:03] WARNING · universal.funpay     Категорию «Услуги» можно будет поднять через 7091 сек.
[20.09.2026 01:10:03] DEBUG · urllib3.connectionpool https://funpay.com:443 "POST /lots/raise HTTP/1.1" 200 None
[20.09.2026 01:10:03] DEBUG · FunPayAPI.account    Ответ FunPay (поднятие категорий): {'error': True, 'msg': 'Подождите 3 часа.', 'wait': 11690, 'unlock_at': '2026-09-20T01:24:54Z'}.
[20.09.2026 01:10:03] WARNING · universal.funpay     Категорию «Прочее» можно будет поднять через 11690 сек.
[20.09.2026 01:10:06] DEBUG · urllib3.connectionpool https://funpay.com:443 "POST /runner/ HTTP/1.1" 200 None
[20.09.2026 01:10:06] DEBUG · urllib3.connectionpool https://funpay.com:443 "GET /users/10794022/ HTTP/1.1" 200 None
[20.09.2026 01:10:10] DEBUG · urllib3.connectionpool https://funpay.com:443 "GET /users/10794022/ HTTP/1.1" 200 None
[20.09.2026 01:10:10] DEBUG · urllib3.connectionpool https://funpay.com:443 "POST /runner/ HTTP/1.1" 200 None
[20.09.2026 01:10:13] DEBUG · urllib3.connectionpool https://funpay.com:443 "GET /users/10794022/ HTTP/1.1" 200 None
[20.09.2026 01:10:14] DEBUG · urllib3.connectionpool https://funpay.com:443 "POST /runner/ HTTP/1.1" 200 None
[20.09.2026 01:10:16] DEBUG · urllib3.connectionpool https://funpay.com:443 "GET /users/10794022/ HTTP/1.1" 200 None
[20.09.2026 01:10:18] DEBUG · urllib3.connectionpool https://funpay.com:443 "POST /runner/ HTTP/1.1" 200 None
[20.09.2026 01:10:19] DEBUG · urllib3.connectionpool https://funpay.com:443 "GET /users/10794022/ HTTP/1.1" 200 None
[20.09.2026 01:10:22] DEBUG · urllib3.connectionpool https://funpay.com:443 "POST /runner/ HTTP/1.1" 200 None
[20.09.2026 01:10:22] DEBUG · urllib3.connectionpool https://funpay.com:443 "POST /runner/ HTTP/1.1" 200 None
[20.09.2026 01:10:22] INFO · universal.funpay     Новое сообщение в чате с barabanjj22:
[20.09.2026 01:10:22] INFO · universal.funpay     │ barabanjj22:
[20.09.2026 01:10:22] INFO · universal.funpay     │ дарова бро
[20.09.2026 01:10:22] INFO · universal.funpay     └────────────────────────────────────
[20.09.2026 01:10:22] WARNING · modules.apple_topup  🍎 Apple TopUp DEBUG: заказ найден по username fallback: order=KMJA88BG buyer='barabanjj22' saved_chat_id='users-10794022-21396664' incoming_chat_id=287190642 state=WAITING_REGION
[20.09.2026 01:10:22] INFO · modules.apple_topup  🍎 Apple TopUp DEBUG: команда покупателя: author='barabanjj22' command='дарова бро' order=KMJA88BG state=WAITING_REGION incoming_chat_id=287190642 saved_chat_id='users-10794022-21396664'
[20.09.2026 01:10:23] DEBUG · urllib3.connectionpool https://funpay.com:443 "GET /users/10794022/ HTTP/1.1" 200 None
[20.09.2026 01:10:26] DEBUG · urllib3.connectionpool https://funpay.com:443 "POST /runner/ HTTP/1.1" 200 None
[20.09.2026 01:10:26] DEBUG · urllib3.connectionpool https://funpay.com:443 "GET /users/10794022/ HTTP/1.1" 200 None
[20.09.2026 01:10:29] DEBUG · urllib3.connectionpool https://funpay.com:443 "GET /users/10794022/ HTTP/1.1" 200 None
[20.09.2026 01:10:30] DEBUG · urllib3.connectionpool https://funpay.com:443 "POST /runner/ HTTP/1.1" 200 None
[20.09.2026 01:10:30] DEBUG · urllib3.connectionpool https://funpay.com:443 "POST /runner/ HTTP/1.1" 200 None
[20.09.2026 01:10:30] INFO · universal.funpay     Новое сообщение в чате с Kotpotok:
[20.09.2026 01:10:30] INFO · universal.funpay     │ Kotpotok:
[20.09.2026 01:10:30] INFO · universal.funpay     │ Удачи бро,если что напишу,подписку у тебя продлю)
[20.09.2026 01:10:30] INFO · universal.funpay     └───────────────────────────────────────────────────
[20.09.2026 01:10:31] DEBUG · urllib3.connectionpool https://funpay.com:443 "POST /runner/ HTTP/1.1" 200 None
[20.09.2026 01:10:31] DEBUG · urllib3.connectionpool https://funpay.com:443 "POST /runner/ HTTP/1.1" 200 None
[20.09.2026 01:10:33] DEBUG · urllib3.connectionpool https://funpay.com:443 "GET /users/10794022/ HTTP/1.1" 200 None
[20.09.2026 01:10:34] DEBUG · urllib3.connectionpool https://funpay.com:443 "POST /runner/ HTTP/1.1" 200 None
[20.09.2026 01:10:34] INFO · universal.funpay     Новое сообщение в чате с Kotpotok:
[20.09.2026 01:10:34] INFO · universal.funpay     │ Slavikbebryan:
[20.09.2026 01:10:34] INFO · universal.funpay     │ 👋 Привет, Kotpotok, я бот-помощник 𝗙𝘂𝗻𝗣𝗮𝘆 𝗨𝗻𝗶𝘃𝗲𝗿𝘀𝗮𝗹
[20.09.2026 01:10:34] INFO · universal.funpay     │
[20.09.2026 01:10:34] INFO · universal.funpay     │ 💡 Если вы хотите поговорить с продавцом, напишите команду !продавец, чтобы я
[20.09.2026 01:10:34] INFO · universal.funpay     │ пригласил его в этот диалог
[20.09.2026 01:10:34] INFO · universal.funpay     │ ©️ 𝗙𝘂𝗻𝗣𝗮𝘆 𝗨𝗻𝗶𝘃𝗲𝗿𝘀𝗮𝗹
[20.09.2026 01:10:34] INFO · universal.funpay     └──────────────────────────────────────────────────────────────────────────────
[20.09.2026 01:10:34] DEBUG · modules.apple_topup  🍎 Apple TopUp DEBUG: сообщение собственного аккаунта пропущено: author='Slavikbebryan'
[20.09.2026 01:10:34] INFO · universal.funpay     Новое сообщение в чате с Kotpotok:
[20.09.2026 01:10:34] INFO · universal.funpay     │ Slavikbebryan:
[20.09.2026 01:10:34] INFO · universal.funpay     │ 👋 Добро пожаловать, Kotpotok, в SlavikStore⚡️
[20.09.2026 01:10:34] INFO · universal.funpay     │
[20.09.2026 01:10:34] INFO · universal.funpay     │ Если вы готовы приобрести подписку и хотите увидеть актуальные цены:
[20.09.2026 01:10:34] INFO · universal.funpay     │ 👉 !ПРАЙС
[20.09.2026 01:10:34] INFO · universal.funpay     │
[20.09.2026 01:10:34] INFO · universal.funpay     │ 📖 Если у вас есть вопросы по оформлению подписки:
[20.09.2026 01:10:34] INFO · universal.funpay     │ 👉 !ИНСТРУКЦИЯ
[20.09.2026 01:10:34] INFO · universal.funpay     │
[20.09.2026 01:10:34] INFO · universal.funpay     │ 💬 Если у вас другой вопрос:
[20.09.2026 01:10:34] INFO · universal.funpay     │ 👉 !ПРОДАВЕЦ
[20.09.2026 01:10:34] INFO · universal.funpay     │
[20.09.2026 01:10:34] INFO · universal.funpay     │ ©️ 𝗙𝘂𝗻𝗣𝗮𝘆 𝗨𝗻𝗶𝘃𝗲𝗿𝘀𝗮𝗹
[20.09.2026 01:10:34] INFO · universal.funpay     └──────────────────────────────────────────────────────────────────────
[20.09.2026 01:10:34] DEBUG · modules.apple_topup  🍎 Apple TopUp DEBUG: сообщение собственного аккаунта пропущено: author='Slavikbebryan'
[20.09.2026 01:10:36] DEBUG · urllib3.connectionpool https://funpay.com:443 "GET /users/10794022/ HTTP/1.1" 200 None
[20.09.2026 01:10:38] DEBUG · urllib3.connectionpool https://funpay.com:443 "POST /runner/ HTTP/1.1" 200 None
[20.09.2026 01:10:39] DEBUG · urllib3.connectionpool https://funpay.com:443 "GET /users/10794022/ HTTP/1.1" 200 None
[20.09.2026 01:10:42] DEBUG · urllib3.connectionpool https://funpay.com:443 "POST /runner/ HTTP/1.1" 200 None
[20.09.2026 01:10:42] DEBUG · urllib3.connectionpool https://funpay.com:443 "GET /users/10794022/ HTTP/1.1" 200 None
[20.09.2026 01:10:46] DEBUG · urllib3.connectionpool https://funpay.com:443 "GET /users/10794022/ HTTP/1.1" 200 None
[20.09.2026 01:10:46] DEBUG · urllib3.connectionpool https://funpay.com:443 "POST /runner/ HTTP/1.1" 200 None
[20.09.2026 01:10:49] DEBUG · urllib3.connectionpool https://funpay.com:443 "GET /users/10794022/ HTTP/1.1" 200 None
[20.09.2026 01:10:50] DEBUG · urllib3.connectionpool https://funpay.com:443 "POST /runner/ HTTP/1.1" 200 None
[20.09.2026 01:10:52] DEBUG · urllib3.connectionpool https://funpay.com:443 "GET /users/10794022/ HTTP/1.1" 200 None
[20.09.2026 01:10:54] DEBUG · urllib3.connectionpool https://funpay.com:443 "POST /runner/ HTTP/1.1" 200 None
[20.09.2026 01:10:56] DEBUG · urllib3.connectionpool https://funpay.com:443 "GET /users/10794022/ HTTP/1.1" 200 None
[20.09.2026 01:10:58] DEBUG · urllib3.connectionpool https://funpay.com:443 "POST /runner/ HTTP/1.1" 200 None
[20.09.2026 01:10:59] DEBUG · urllib3.connectionpool https://funpay.com:443 "GET /users/10794022/ HTTP/1.1" 200 None
[20.09.2026 01:11:02] DEBUG · urllib3.connectionpool https://funpay.com:443 "POST /runner/ HTTP/1.1" 200 None
[20.09.2026 01:11:02] DEBUG · urllib3.connectionpool https://funpay.com:443 "GET /users/10794022/ HTTP/1.1" 200 None
[20.09.2026 01:11:06] DEBUG · urllib3.connectionpool https://funpay.com:443 "GET /users/10794022/ HTTP/1.1" 200 None
[20.09.2026 01:11:06] DEBUG · urllib3.connectionpool https://funpay.com:443 "POST /runner/ HTTP/1.1" 200 None
[20.09.2026 01:11:09] DEBUG · urllib3.connectionpool https://funpay.com:443 "GET /users/10794022/ HTTP/1.1" 200 None
[20.09.2026 01:11:10] DEBUG · urllib3.connectionpool https://funpay.com:443 "POST /runner/ HTTP/1.1" 200 None
[20.09.2026 01:11:12] DEBUG · urllib3.connectionpool https://funpay.com:443 "GET /users/10794022/ HTTP/1.1" 200 None
[20.09.2026 01:11:14] DEBUG · urllib3.connectionpool https://funpay.com:443 "POST /runner/ HTTP/1.1" 200 None
[20.09.2026 01:11:16] DEBUG · urllib3.connectionpool https://funpay.com:443 "GET /users/10794022/ HTTP/1.1" 200 None
[20.09.2026 01:11:18] DEBUG · urllib3.connectionpool https://funpay.com:443 "POST /runner/ HTTP/1.1" 200 None
[20.09.2026 01:11:18] DEBUG · urllib3.connectionpool https://funpay.com:443 "POST /runner/ HTTP/1.1" 200 None
[20.09.2026 01:11:18] INFO · universal.funpay     Новое сообщение в чате с Kotpotok:
[20.09.2026 01:11:18] INFO · universal.funpay     │ Slavikbebryan:
[20.09.2026 01:11:18] INFO · universal.funpay     │ Спасибо братан, сорян что тебе это отправилось я бота настраиваю просто, вот
[20.09.2026 01:11:18] INFO · universal.funpay     │ ошибку выявил уде
[20.09.2026 01:11:18] INFO · universal.funpay     └──────────────────────────────────────────────────────────────────────────────
[20.09.2026 01:11:18] DEBUG · modules.apple_topup  🍎 Apple TopUp DEBUG: сообщение собственного аккаунта пропущено: author='Slavikbebryan'
[20.09.2026 01:11:19] DEBUG · urllib3.connectionpool https://funpay.com:443 "GET /users/10794022/ HTTP/1.1" 200 None
[20.09.2026 01:11:22] DEBUG · urllib3.connectionpool https://funpay.com:443 "POST /runner/ HTTP/1.1" 200 None
[20.09.2026 01:11:22] DEBUG · urllib3.connectionpool https://funpay.com:443 "GET /users/10794022/ HTTP/1.1" 200 None
[20.09.2026 01:11:22] DEBUG · urllib3.connectionpool https://funpay.com:443 "POST /runner/ HTTP/1.1" 200 None
[20.09.2026 01:11:22] INFO · universal.funpay     Новое сообщение в чате с barabanjj22:
[20.09.2026 01:11:22] INFO · universal.funpay     │ barabanjj22:
[20.09.2026 01:11:22] INFO · universal.funpay     │ жароав
[20.09.2026 01:11:22] INFO · universal.funpay     └────────────────────────────────────
[20.09.2026 01:11:22] WARNING · modules.apple_topup  🍎 Apple TopUp DEBUG: заказ найден по username fallback: order=KMJA88BG buyer='barabanjj22' saved_chat_id='users-10794022-21396664' incoming_chat_id=287190642 state=WAITING_REGION
[20.09.2026 01:11:22] INFO · modules.apple_topup  🍎 Apple TopUp DEBUG: команда покупателя: author='barabanjj22' command='жароав' order=KMJA88BG state=WAITING_REGION incoming_chat_id=287190642 saved_chat_id='users-10794022-21396664'
[20.09.2026 01:11:26] DEBUG · urllib3.connectionpool https://funpay.com:443 "GET /users/10794022/ HTTP/1.1" 200 None
[20.09.2026 01:11:26] DEBUG · urllib3.connectionpool https://funpay.com:443 "POST /runner/ HTTP/1.1" 200 None
[20.09.2026 01:11:29] DEBUG · urllib3.connectionpool https://funpay.com:443 "GET /users/10794022/ HTTP/1.1" 200 None
[20.09.2026 01:11:30] DEBUG · urllib3.connectionpool https://funpay.com:443 "POST /runner/ HTTP/1.1" 200 None
[20.09.2026 01:11:32] DEBUG · urllib3.connectionpool https://funpay.com:443 "GET /users/10794022/ HTTP/1.1" 200 None
[20.09.2026 01:11:34] DEBUG · urllib3.connectionpool https://funpay.com:443 "POST /runner/ HTTP/1.1" 200 None
[20.09.2026 01:11:35] DEBUG · urllib3.connectionpool https://funpay.com:443 "GET /users/10794022/ HTTP/1.1" 200 None
[20.09.2026 01:11:38] DEBUG · urllib3.connectionpool https://funpay.com:443 "POST /runner/ HTTP/1.1" 200 None
[20.09.2026 01:11:38] DEBUG · urllib3.connectionpool https://funpay.com:443 "GET /users/10794022/ HTTP/1.1" 200 None
[20.09.2026 01:11:42] DEBUG · urllib3.connectionpool https://funpay.com:443 "GET /users/10794022/ HTTP/1.1" 200 None
[20.09.2026 01:11:42] DEBUG · urllib3.connectionpool https://funpay.com:443 "POST /runner/ HTTP/1.1" 200 None
[20.09.2026 01:11:45] DEBUG · urllib3.connectionpool https://funpay.com:443 "GET /users/10794022/ HTTP/1.1" 200 None
[20.09.2026 01:11:46] DEBUG · urllib3.connectionpool https://funpay.com:443 "POST /runner/ HTTP/1.1" 200 None
[20.09.2026 01:11:48] DEBUG · urllib3.connectionpool https://funpay.com:443 "GET /users/10794022/ HTTP/1.1" 200 None
[20.09.2026 01:11:50] DEBUG · urllib3.connectionpool https://funpay.com:443 "POST /runner/ HTTP/1.1" 200 None
[20.09.2026 01:11:51] DEBUG · urllib3.connectionpool https://funpay.com:443 "GET /users/10794022/ HTTP/1.1" 200 None
[20.09.2026 01:11:54] DEBUG · urllib3.connectionpool https://funpay.com:443 "POST /runner/ HTTP/1.1" 200 None
[20.09.2026 01:11:55] DEBUG · urllib3.connectionpool https://funpay.com:443 "GET /users/10794022/ HTTP/1.1" 200 None
[20.09.2026 01:11:58] DEBUG · urllib3.connectionpool https://funpay.com:443 "GET /users/10794022/ HTTP/1.1" 200 None
[20.09.2026 01:11:58] DEBUG · urllib3.connectionpool https://funpay.com:443 "POST /runner/ HTTP/1.1" 200 None
[20.09.2026 01:12:01] DEBUG · urllib3.connectionpool https://funpay.com:443 "GET /users/10794022/ HTTP/1.1" 200 None
[20.09.2026 01:12:02] DEBUG · urllib3.connectionpool https://funpay.com:443 "POST /runner/ HTTP/1.1" 200 None
[20.09.2026 01:12:05] DEBUG · urllib3.connectionpool https://funpay.com:443 "GET /users/10794022/ HTTP/1.1" 200 None
[20.09.2026 01:12:06] DEBUG · urllib3.connectionpool https://funpay.com:443 "POST /runner/ HTTP/1.1" 200 None
[20.09.2026 01:12:08] DEBUG · urllib3.connectionpool https://funpay.com:443 "GET /users/10794022/ HTTP/1.1" 200 None
[20.09.2026 01:12:12] DEBUG · urllib3.connectionpool https://funpay.com:443 "GET /users/10794022/ HTTP/1.1" 200 None
[20.09.2026 01:12:17] DEBUG · urllib3.connectionpool https://funpay.com:443 "GET /users/10794022/ HTTP/1.1" 200 None
[20.09.2026 01:12:20] DEBUG · urllib3.connectionpool https://funpay.com:443 "POST /runner/ HTTP/1.1" 200 None
[20.09.2026 01:12:20] DEBUG · urllib3.connectionpool https://funpay.com:443 "POST /runner/ HTTP/1.1" 200 None
[20.09.2026 01:12:21] DEBUG · urllib3.connectionpool https://funpay.com:443 "GET /users/10794022/ HTTP/1.1" 200 None
[20.09.2026 01:12:24] DEBUG · urllib3.connectionpool https://funpay.com:443 "GET /users/10794022/ HTTP/1.1" 200 None
[20.09.2026 01:12:24] DEBUG · urllib3.connectionpool https://funpay.com:443 "POST /runner/ HTTP/1.1" 200 None
[20.09.2026 01:12:27] DEBUG · urllib3.connectionpool https://funpay.com:443 "GET /users/10794022/ HTTP/1.1" 200 None
[20.09.2026 01:12:28] DEBUG · urllib3.connectionpool https://funpay.com:443 "POST /runner/ HTTP/1.1" 200 None
[20.09.2026 01:12:30] DEBUG · urllib3.connectionpool https://funpay.com:443 "GET /users/10794022/ HTTP/1.1" 200 None
[20.09.2026 01:12:32] DEBUG · urllib3.connectionpool https://funpay.com:443 "POST /runner/ HTTP/1.1" 200 None
[20.09.2026 01:12:34] DEBUG · urllib3.connectionpool https://funpay.com:443 "GET /users/10794022/ HTTP/1.1" 200 None
[20.09.2026 01:12:36] DEBUG · urllib3.connectionpool https://funpay.com:443 "POST /runner/ HTTP/1.1" 200 None
[20.09.2026 01:12:37] DEBUG · urllib3.connectionpool https://funpay.com:443 "GET /users/10794022/ HTTP/1.1" 200 None
[20.09.2026 01:12:40] DEBUG · urllib3.connectionpool https://funpay.com:443 "POST /runner/ HTTP/1.1" 200 None
[20.09.2026 01:12:40] DEBUG · urllib3.connectionpool https://funpay.com:443 "GET /users/10794022/ HTTP/1.1" 200 None
[20.09.2026 01:12:44] DEBUG · urllib3.connectionpool https://funpay.com:443 "GET /users/10794022/ HTTP/1.1" 200 None
[20.09.2026 01:12:44] DEBUG · urllib3.connectionpool https://funpay.com:443 "POST /runner/ HTTP/1.1" 200 None
[20.09.2026 01:12:47] DEBUG · urllib3.connectionpool https://funpay.com:443 "GET /users/10794022/ HTTP/1.1" 200 None
[20.09.2026 01:12:48] DEBUG · urllib3.connectionpool https://funpay.com:443 "POST /runner/ HTTP/1.1" 200 None
[20.09.2026 01:12:50] DEBUG · urllib3.connectionpool https://funpay.com:443 "GET /users/10794022/ HTTP/1.1" 200 None
[20.09.2026 01:12:52] DEBUG · urllib3.connectionpool https://funpay.com:443 "POST /runner/ HTTP/1.1" 200 None
[20.09.2026 01:12:53] DEBUG · urllib3.connectionpool https://funpay.com:443 "GET /users/10794022/ HTTP/1.1" 200 None
[20.09.2026 01:12:56] DEBUG · urllib3.connectionpool https://funpay.com:443 "POST /runner/ HTTP/1.1" 200 None
[20.09.2026 01:12:56] DEBUG · urllib3.connectionpool https://funpay.com:443 "GET /users/10794022/ HTTP/1.1" 200 None
[20.09.2026 01:13:00] DEBUG · urllib3.connectionpool https://funpay.com:443 "GET /users/10794022/ HTTP/1.1" 200 None
[20.09.2026 01:13:00] DEBUG · urllib3.connectionpool https://funpay.com:443 "POST /runner/ HTTP/1.1" 200 None
[20.09.2026 01:13:03] DEBUG · urllib3.connectionpool Starting new HTTPS connection (1): api.github.com:443
[20.09.2026 01:13:03] DEBUG · urllib3.connectionpool https://funpay.com:443 "GET /users/10794022/ HTTP/1.1" 200 None
[20.09.2026 01:13:03] DEBUG · urllib3.connectionpool https://api.github.com:443 "GET /repos/alleexxeeyy/funpay-universal/releases HTTP/1.1" 200 5955
[20.09.2026 01:13:04] DEBUG · urllib3.connectionpool https://funpay.com:443 "POST /runner/ HTTP/1.1" 200 None
[20.09.2026 01:13:06] DEBUG · urllib3.connectionpool https://funpay.com:443 "GET /users/10794022/ HTTP/1.1" 200 None
[20.09.2026 01:13:08] DEBUG · urllib3.connectionpool https://funpay.com:443 "POST /runner/ HTTP/1.1" 200 None
[20.09.2026 01:13:10] DEBUG · urllib3.connectionpool https://funpay.com:443 "GET /users/10794022/ HTTP/1.1" 200 None
[20.09.2026 01:13:12] DEBUG · urllib3.connectionpool https://funpay.com:443 "POST /runner/ HTTP/1.1" 200 None
[20.09.2026 01:13:13] DEBUG · urllib3.connectionpool https://funpay.com:443 "GET /users/10794022/ HTTP/1.1" 200 None
[20.09.2026 01:13:16] DEBUG · urllib3.connectionpool https://funpay.com:443 "POST /runner/ HTTP/1.1" 200 None
[20.09.2026 01:13:16] DEBUG · urllib3.connectionpool https://funpay.com:443 "GET /users/10794022/ HTTP/1.1" 200 None
[20.09.2026 01:13:19] DEBUG · urllib3.connectionpool https://funpay.com:443 "GET /users/10794022/ HTTP/1.1" 200 None
[20.09.2026 01:13:20] DEBUG · urllib3.connectionpool https://funpay.com:443 "POST /runner/ HTTP/1.1" 200 None
[20.09.2026 01:13:23] DEBUG · urllib3.connectionpool https://funpay.com:443 "GET /users/10794022/ HTTP/1.1" 200 None
[20.09.2026 01:13:24] DEBUG · urllib3.connectionpool https://funpay.com:443 "POST /runner/ HTTP/1.1" 200 None
[20.09.2026 01:13:26] DEBUG · urllib3.connectionpool https://funpay.com:443 "GET /users/10794022/ HTTP/1.1" 200 None
[20.09.2026 01:13:28] DEBUG · urllib3.connectionpool https://funpay.com:443 "POST /runner/ HTTP/1.1" 200 None
[20.09.2026 01:13:29] DEBUG · urllib3.connectionpool https://funpay.com:443 "GET /users/10794022/ HTTP/1.1" 200 None
[20.09.2026 01:13:32] DEBUG · urllib3.connectionpool https://funpay.com:443 "POST /runner/ HTTP/1.1" 200 None
[20.09.2026 01:13:33] DEBUG · urllib3.connectionpool https://funpay.com:443 "GET /users/10794022/ HTTP/1.1" 200 None
[20.09.2026 01:13:36] DEBUG · urllib3.connectionpool https://funpay.com:443 "POST /runner/ HTTP/1.1" 200 None
[20.09.2026 01:13:36] DEBUG · urllib3.connectionpool https://funpay.com:443 "GET /users/10794022/ HTTP/1.1" 200 None
[20.09.2026 01:13:40] DEBUG · urllib3.connectionpool https://funpay.com:443 "GET /users/10794022/ HTTP/1.1" 200 None
[20.09.2026 01:13:40] DEBUG · urllib3.connectionpool https://funpay.com:443 "POST /runner/ HTTP/1.1" 200 None
[20.09.2026 01:13:43] DEBUG · urllib3.connectionpool https://funpay.com:443 "GET /users/10794022/ HTTP/1.1" 200 None
[20.09.2026 01:13:44] DEBUG · urllib3.connectionpool https://funpay.com:443 "POST /runner/ HTTP/1.1" 200 None
[20.09.2026 01:13:46] DEBUG · urllib3.connectionpool https://funpay.com:443 "GET /users/10794022/ HTTP/1.1" 200 None
[20.09.2026 01:13:48] DEBUG · urllib3.connectionpool https://funpay.com:443 "POST /runner/ HTTP/1.1" 200 None
[20.09.2026 01:13:49] DEBUG · urllib3.connectionpool https://funpay.com:443 "GET /users/10794022/ HTTP/1.1" 200 None
[20.09.2026 01:13:52] DEBUG · urllib3.connectionpool https://funpay.com:443 "POST /runner/ HTTP/1.1" 200 None
[20.09.2026 01:13:53] DEBUG · urllib3.connectionpool https://funpay.com:443 "GET /users/10794022/ HTTP/1.1" 200 None
[20.09.2026 01:13:56] DEBUG · urllib3.connectionpool https://funpay.com:443 "POST /runner/ HTTP/1.1" 200 None
[20.09.2026 01:13:56] DEBUG · urllib3.connectionpool https://funpay.com:443 "GET /users/10794022/ HTTP/1.1" 200 None
[20.09.2026 01:13:59] DEBUG · urllib3.connectionpool https://funpay.com:443 "GET /users/10794022/ HTTP/1.1" 200 None
[20.09.2026 01:14:00] DEBUG · urllib3.connectionpool https://funpay.com:443 "POST /runner/ HTTP/1.1" 200 None
[20.09.2026 01:14:03] DEBUG · urllib3.connectionpool https://funpay.com:443 "GET /users/10794022/ HTTP/1.1" 200 None
[20.09.2026 01:14:04] DEBUG · urllib3.connectionpool https://funpay.com:443 "POST /runner/ HTTP/1.1" 200 None
[20.09.2026 01:14:06] DEBUG · urllib3.connectionpool https://funpay.com:443 "GET /users/10794022/ HTTP/1.1" 200 None
[20.09.2026 01:14:08] DEBUG · urllib3.connectionpool https://funpay.com:443 "POST /runner/ HTTP/1.1" 200 None
[20.09.2026 01:14:10] DEBUG · urllib3.connectionpool https://funpay.com:443 "GET /users/10794022/ HTTP/1.1" 200 None
[20.09.2026 01:14:12] DEBUG · urllib3.connectionpool https://funpay.com:443 "POST /runner/ HTTP/1.1" 200 None
[20.09.2026 01:14:13] DEBUG · urllib3.connectionpool https://funpay.com:443 "GET /users/10794022/ HTTP/1.1" 200 None
[20.09.2026 01:14:16] DEBUG · urllib3.connectionpool https://funpay.com:443 "POST /runner/ HTTP/1.1" 200 None
[20.09.2026 01:14:16] DEBUG · urllib3.connectionpool https://funpay.com:443 "GET /users/10794022/ HTTP/1.1" 200 None
[20.09.2026 01:14:16] DEBUG · urllib3.connectionpool https://funpay.com:443 "POST /runner/ HTTP/1.1" 200 None
[20.09.2026 01:14:16] INFO · universal.funpay     Новое сообщение в чате с barabanjj22:
[20.09.2026 01:14:16] INFO · universal.funpay     │ barabanjj22:
[20.09.2026 01:14:16] INFO · universal.funpay     │ ghdbtn
[20.09.2026 01:14:16] INFO · universal.funpay     └────────────────────────────────────
[20.09.2026 01:14:16] WARNING · modules.apple_topup  🍎 Apple TopUp DEBUG: заказ найден по username fallback: order=KMJA88BG buyer='barabanjj22' saved_chat_id='users-10794022-21396664' incoming_chat_id=287190642 state=WAITING_REGION
[20.09.2026 01:14:16] INFO · modules.apple_topup  🍎 Apple TopUp DEBUG: команда покупателя: author='barabanjj22' command='ghdbtn' order=KMJA88BG state=WAITING_REGION incoming_chat_id=287190642 saved_chat_id='users-10794022-21396664'
[20.09.2026 01:14:19] DEBUG · urllib3.connectionpool https://funpay.com:443 "GET /users/10794022/ HTTP/1.1" 200 None
[20.09.2026 01:14:20] DEBUG · urllib3.connectionpool https://funpay.com:443 "POST /runner/ HTTP/1.1" 200 None
[20.09.2026 01:14:23] DEBUG · urllib3.connectionpool https://funpay.com:443 "GET /users/10794022/ HTTP/1.1" 200 None
[20.09.2026 01:14:24] DEBUG · urllib3.connectionpool https://funpay.com:443 "POST /runner/ HTTP/1.1" 200 None
[20.09.2026 01:14:26] DEBUG · urllib3.connectionpool https://funpay.com:443 "GET /users/10794022/ HTTP/1.1" 200 None
[20.09.2026 01:14:28] DEBUG · urllib3.connectionpool https://funpay.com:443 "POST /runner/ HTTP/1.1" 200 None
[20.09.2026 01:14:29] DEBUG · urllib3.connectionpool https://funpay.com:443 "GET /users/10794022/ HTTP/1.1" 200 None
[20.09.2026 01:14:32] DEBUG · urllib3.connectionpool https://funpay.com:443 "POST /runner/ HTTP/1.1" 200 None
[20.09.2026 01:14:32] DEBUG · urllib3.connectionpool https://funpay.com:443 "GET /users/10794022/ HTTP/1.1" 200 None
[20.09.2026 01:14:36] DEBUG · urllib3.connectionpool https://funpay.com:443 "GET /users/10794022/ HTTP/1.1" 200 None
[20.09.2026 01:14:36] DEBUG · urllib3.connectionpool https://funpay.com:443 "POST /runner/ HTTP/1.1" 200 None
[20.09.2026 01:14:39] DEBUG · urllib3.connectionpool https://funpay.com:443 "GET /users/10794022/ HTTP/1.1" 200 None
[20.09.2026 01:14:40] DEBUG · urllib3.connectionpool https://funpay.com:443 "POST /runner/ HTTP/1.1" 200 None
[20.09.2026 01:14:42] DEBUG · urllib3.connectionpool https://funpay.com:443 "GET /users/10794022/ HTTP/1.1" 200 None
[20.09.2026 01:14:44] DEBUG · urllib3.connectionpool https://funpay.com:443 "POST /runner/ HTTP/1.1" 200 None
[20.09.2026 01:14:45] DEBUG · urllib3.connectionpool https://funpay.com:443 "GET /users/10794022/ HTTP/1.1" 200 None
[20.09.2026 01:14:48] DEBUG · urllib3.connectionpool https://funpay.com:443 "POST /runner/ HTTP/1.1" 200 None
[20.09.2026 01:14:48] DEBUG · urllib3.connectionpool https://funpay.com:443 "GET /users/10794022/ HTTP/1.1" 200 None
[20.09.2026 01:14:52] DEBUG · urllib3.connectionpool https://funpay.com:443 "GET /users/10794022/ HTTP/1.1" 200 None
[20.09.2026 01:14:52] DEBUG · urllib3.connectionpool https://funpay.com:443 "POST /runner/ HTTP/1.1" 200 None
[20.09.2026 01:14:55] DEBUG · urllib3.connectionpool https://funpay.com:443 "GET /users/10794022/ HTTP/1.1" 200 None
[20.09.2026 01:14:56] DEBUG · urllib3.connectionpool https://funpay.com:443 "POST /runner/ HTTP/1.1" 200 None
[20.09.2026 01:14:58] DEBUG · urllib3.connectionpool https://funpay.com:443 "GET /users/10794022/ HTTP/1.1" 200 None
[20.09.2026 01:15:00] DEBUG · urllib3.connectionpool https://funpay.com:443 "POST /runner/ HTTP/1.1" 200 None
[20.09.2026 01:15:01] DEBUG · urllib3.connectionpool https://funpay.com:443 "GET /users/10794022/ HTTP/1.1" 200 None
[20.09.2026 01:15:04] DEBUG · urllib3.connectionpool https://funpay.com:443 "POST /runner/ HTTP/1.1" 200 None
[20.09.2026 01:15:05] DEBUG · urllib3.connectionpool https://funpay.com:443 "GET /users/10794022/ HTTP/1.1" 200 None
[20.09.2026 01:15:08] DEBUG · urllib3.connectionpool https://funpay.com:443 "POST /runner/ HTTP/1.1" 200 None
[20.09.2026 01:15:09] DEBUG · urllib3.connectionpool https://funpay.com:443 "GET /users/10794022/ HTTP/1.1" 200 None
[20.09.2026 01:15:12] DEBUG · urllib3.connectionpool https://funpay.com:443 "GET /users/10794022/ HTTP/1.1" 200 None
[20.09.2026 01:15:12] DEBUG · urllib3.connectionpool https://funpay.com:443 "POST /runner/ HTTP/1.1" 200 None
[20.09.2026 01:15:15] DEBUG · urllib3.connectionpool https://funpay.com:443 "GET /users/10794022/ HTTP/1.1" 200 None
[20.09.2026 01:15:16] DEBUG · urllib3.connectionpool https://funpay.com:443 "POST /runner/ HTTP/1.1" 200 None
[20.09.2026 01:15:19] DEBUG · urllib3.connectionpool https://funpay.com:443 "GET /users/10794022/ HTTP/1.1" 200 None
[20.09.2026 01:15:20] DEBUG · urllib3.connectionpool https://funpay.com:443 "POST /runner/ HTTP/1.1" 200 None
[20.09.2026 01:15:22] DEBUG · urllib3.connectionpool https://funpay.com:443 "GET /users/10794022/ HTTP/1.1" 200 None
[20.09.2026 01:15:24] DEBUG · urllib3.connectionpool https://funpay.com:443 "POST /runner/ HTTP/1.1" 200 None
[20.09.2026 01:15:26] DEBUG · urllib3.connectionpool https://funpay.com:443 "GET /users/10794022/ HTTP/1.1" 200 None
[20.09.2026 01:15:28] DEBUG · urllib3.connectionpool https://funpay.com:443 "POST /runner/ HTTP/1.1" 200 None
[20.09.2026 01:15:29] DEBUG · urllib3.connectionpool https://funpay.com:443 "GET /users/10794022/ HTTP/1.1" 200 None
[20.09.2026 01:15:32] DEBUG · urllib3.connectionpool https://funpay.com:443 "POST /runner/ HTTP/1.1" 200 None
[20.09.2026 01:15:32] DEBUG · urllib3.connectionpool https://funpay.com:443 "GET /users/10794022/ HTTP/1.1" 200 None
[20.09.2026 01:15:45] DEBUG · urllib3.connectionpool https://funpay.com:443 "GET /users/10794022/ HTTP/1.1" 200 None
[20.09.2026 01:15:46] DEBUG · urllib3.connectionpool https://funpay.com:443 "POST /runner/ HTTP/1.1" 200 None
[20.09.2026 01:15:46] DEBUG · urllib3.connectionpool https://funpay.com:443 "POST /runner/ HTTP/1.1" 200 None
[20.09.2026 01:15:48] DEBUG · urllib3.connectionpool https://funpay.com:443 "GET /users/10794022/ HTTP/1.1" 200 None
[20.09.2026 01:15:50] DEBUG · urllib3.connectionpool https://funpay.com:443 "POST /runner/ HTTP/1.1" 200 None
[20.09.2026 01:15:52] DEBUG · urllib3.connectionpool https://funpay.com:443 "GET /users/10794022/ HTTP/1.1" 200 None
[20.09.2026 01:15:54] DEBUG · urllib3.connectionpool https://funpay.com:443 "POST /runner/ HTTP/1.1" 200 None
[20.09.2026 01:15:55] DEBUG · urllib3.connectionpool https://funpay.com:443 "GET /users/10794022/ HTTP/1.1" 200 None
[20.09.2026 01:15:58] DEBUG · urllib3.connectionpool https://funpay.com:443 "POST /runner/ HTTP/1.1" 200 None
[20.09.2026 01:15:58] DEBUG · urllib3.connectionpool https://funpay.com:443 "GET /users/10794022/ HTTP/1.1" 200 None
[20.09.2026 01:16:02] DEBUG · urllib3.connectionpool https://funpay.com:443 "GET /users/10794022/ HTTP/1.1" 200 None
[20.09.2026 01:16:02] DEBUG · urllib3.connectionpool https://funpay.com:443 "POST /runner/ HTTP/1.1" 200 None
[20.09.2026 01:16:03] DEBUG · urllib3.connectionpool Starting new HTTPS connection (1): api.github.com:443
[20.09.2026 01:16:04] DEBUG · urllib3.connectionpool https://api.github.com:443 "GET /repos/alleexxeeyy/funpay-universal/releases HTTP/1.1" 200 5955
[20.09.2026 01:16:05] DEBUG · urllib3.connectionpool https://funpay.com:443 "GET /users/10794022/ HTTP/1.1" 200 None
[20.09.2026 01:16:06] DEBUG · urllib3.connectionpool https://funpay.com:443 "POST /runner/ HTTP/1.1" 200 None
[20.09.2026 01:16:08] DEBUG · urllib3.connectionpool https://funpay.com:443 "GET /users/10794022/ HTTP/1.1" 200 None
[20.09.2026 01:16:10] DEBUG · urllib3.connectionpool https://funpay.com:443 "POST /runner/ HTTP/1.1" 200 None
[20.09.2026 01:16:12] DEBUG · urllib3.connectionpool https://funpay.com:443 "GET /users/10794022/ HTTP/1.1" 200 None
[20.09.2026 01:16:12] DEBUG · urllib3.connectionpool https://funpay.com:443 "POST /lots/raise HTTP/1.1" 200 None
[20.09.2026 01:16:12] DEBUG · FunPayAPI.account    Ответ FunPay (поднятие категорий): {'error': False, 'msg': 'Ваши предложения подняты.', 'wait': 6745, 'unlock_at': '2026-09-20T00:08:37Z'}.
[20.09.2026 01:16:13] INFO · universal.funpay     Подняты категории: SoundCloud
[20.09.2026 01:16:14] DEBUG · urllib3.connectionpool https://funpay.com:443 "POST /runner/ HTTP/1.1" 200 None
[20.09.2026 01:16:16] DEBUG · urllib3.connectionpool https://funpay.com:443 "GET /users/10794022/ HTTP/1.1" 200 None
[20.09.2026 01:16:18] DEBUG · urllib3.connectionpool https://funpay.com:443 "POST /runner/ HTTP/1.1" 200 None
[20.09.2026 01:16:20] DEBUG · urllib3.connectionpool https://funpay.com:443 "GET /users/10794022/ HTTP/1.1" 200 None
[20.09.2026 01:16:22] DEBUG · urllib3.connectionpool https://funpay.com:443 "POST /runner/ HTTP/1.1" 200 None
[20.09.2026 01:16:23] DEBUG · urllib3.connectionpool https://funpay.com:443 "GET /users/10794022/ HTTP/1.1" 200 None
[20.09.2026 01:16:26] DEBUG · urllib3.connectionpool https://funpay.com:443 "POST /runner/ HTTP/1.1" 200 None
[20.09.2026 01:16:26] DEBUG · urllib3.connectionpool https://funpay.com:443 "GET /users/10794022/ HTTP/1.1" 200 None
[20.09.2026 01:16:29] DEBUG · urllib3.connectionpool https://funpay.com:443 "GET /users/10794022/ HTTP/1.1" 200 None
[20.09.2026 01:16:30] DEBUG · urllib3.connectionpool https://funpay.com:443 "POST /runner/ HTTP/1.1" 200 None
[20.09.2026 01:16:33] DEBUG · urllib3.connectionpool https://funpay.com:443 "GET /users/10794022/ HTTP/1.1" 200 None
[20.09.2026 01:16:34] DEBUG · urllib3.connectionpool https://funpay.com:443 "POST /runner/ HTTP/1.1" 200 None
[20.09.2026 01:16:36] DEBUG · urllib3.connectionpool https://funpay.com:443 "GET /users/10794022/ HTTP/1.1" 200 None
[20.09.2026 01:16:38] DEBUG · urllib3.connectionpool https://funpay.com:443 "POST /runner/ HTTP/1.1" 200 None
[20.09.2026 01:16:39] DEBUG · urllib3.connectionpool https://funpay.com:443 "GET /users/10794022/ HTTP/1.1" 200 None
[20.09.2026 01:16:42] DEBUG · urllib3.connectionpool https://funpay.com:443 "POST /runner/ HTTP/1.1" 200 None
[20.09.2026 01:16:43] DEBUG · urllib3.connectionpool https://funpay.com:443 "GET /users/10794022/ HTTP/1.1" 200 None
[20.09.2026 01:16:46] DEBUG · urllib3.connectionpool https://funpay.com:443 "POST /runner/ HTTP/1.1" 200 None
[20.09.2026 01:16:46] DEBUG · urllib3.connectionpool https://funpay.com:443 "GET /users/10794022/ HTTP/1.1" 200 None
[20.09.2026 01:16:49] DEBUG · urllib3.connectionpool https://funpay.com:443 "GET /users/10794022/ HTTP/1.1" 200 None
[20.09.2026 01:16:50] DEBUG · urllib3.connectionpool https://funpay.com:443 "POST /runner/ HTTP/1.1" 200 None
[20.09.2026 01:16:53] DEBUG · urllib3.connectionpool https://funpay.com:443 "GET /users/10794022/ HTTP/1.1" 200 None
[20.09.2026 01:16:54] DEBUG · urllib3.connectionpool https://funpay.com:443 "POST /runner/ HTTP/1.1" 200 None
[20.09.2026 01:16:56] DEBUG · urllib3.connectionpool https://funpay.com:443 "GET /users/10794022/ HTTP/1.1" 200 None
[20.09.2026 01:16:58] DEBUG · urllib3.connectionpool https://funpay.com:443 "POST /runner/ HTTP/1.1" 200 None
[20.09.2026 01:16:59] DEBUG · urllib3.connectionpool https://funpay.com:443 "GET /users/10794022/ HTTP/1.1" 200 None
[20.09.2026 01:17:02] DEBUG · urllib3.connectionpool https://funpay.com:443 "POST /runner/ HTTP/1.1" 200 None
[20.09.2026 01:17:02] DEBUG · urllib3.connectionpool https://funpay.com:443 "GET /users/10794022/ HTTP/1.1" 200 None
[20.09.2026 01:17:06] DEBUG · urllib3.connectionpool https://funpay.com:443 "GET /users/10794022/ HTTP/1.1" 200 None
[20.09.2026 01:17:06] DEBUG · urllib3.connectionpool https://funpay.com:443 "POST /runner/ HTTP/1.1" 200 None
[20.09.2026 01:17:09] DEBUG · urllib3.connectionpool https://funpay.com:443 "GET /users/10794022/ HTTP/1.1" 200 None
[20.09.2026 01:17:10] DEBUG · urllib3.connectionpool https://funpay.com:443 "POST /runner/ HTTP/1.1" 200 None
[20.09.2026 01:17:12] DEBUG · urllib3.connectionpool https://funpay.com:443 "GET /users/10794022/ HTTP/1.1" 200 None
[20.09.2026 01:17:14] DEBUG · urllib3.connectionpool https://funpay.com:443 "POST /runner/ HTTP/1.1" 200 None
[20.09.2026 01:17:16] DEBUG · urllib3.connectionpool https://funpay.com:443 "GET /users/10794022/ HTTP/1.1" 200 None
[20.09.2026 01:17:18] DEBUG · urllib3.connectionpool https://funpay.com:443 "POST /runner/ HTTP/1.1" 200 None
[20.09.2026 01:17:19] DEBUG · urllib3.connectionpool https://funpay.com:443 "GET /users/10794022/ HTTP/1.1" 200 None
[20.09.2026 01:17:22] DEBUG · urllib3.connectionpool https://funpay.com:443 "POST /runner/ HTTP/1.1" 200 None
[20.09.2026 01:17:23] DEBUG · urllib3.connectionpool https://funpay.com:443 "GET /users/10794022/ HTTP/1.1" 200 None
[20.09.2026 01:17:26] DEBUG · urllib3.connectionpool https://funpay.com:443 "POST /runner/ HTTP/1.1" 200 None
[20.09.2026 01:17:26] DEBUG · urllib3.connectionpool https://funpay.com:443 "GET /users/10794022/ HTTP/1.1" 200 None
[20.09.2026 01:17:26] DEBUG · urllib3.connectionpool https://funpay.com:443 "POST /runner/ HTTP/1.1" 200 None
[20.09.2026 01:17:26] INFO · universal.funpay     Новое сообщение в чате с Kotpotok:
[20.09.2026 01:17:26] INFO · universal.funpay     │ Kotpotok:
[20.09.2026 01:17:26] INFO · universal.funpay     │ Ничего страшного)
[20.09.2026 01:17:26] INFO · universal.funpay     └─────────────────────────────────
[20.09.2026 01:17:27] DEBUG · urllib3.connectionpool https://funpay.com:443 "POST /runner/ HTTP/1.1" 200 None
[20.09.2026 01:17:29] DEBUG · urllib3.connectionpool https://funpay.com:443 "GET /users/10794022/ HTTP/1.1" 200 None
[20.09.2026 01:17:30] DEBUG · urllib3.connectionpool https://funpay.com:443 "POST /runner/ HTTP/1.1" 200 None
[20.09.2026 01:17:30] INFO · universal.funpay     Новое сообщение в чате с Kotpotok:
[20.09.2026 01:17:30] INFO · universal.funpay     │ Slavikbebryan:
[20.09.2026 01:17:30] INFO · universal.funpay     │ 👋 Добро пожаловать, Kotpotok, в SlavikStore⚡️
[20.09.2026 01:17:30] INFO · universal.funpay     │
[20.09.2026 01:17:30] INFO · universal.funpay     │ Если вы готовы приобрести подписку и хотите увидеть актуальные цены:
[20.09.2026 01:17:30] INFO · universal.funpay     │ 👉 !ПРАЙС
[20.09.2026 01:17:30] INFO · universal.funpay     │
[20.09.2026 01:17:30] INFO · universal.funpay     │ 📖 Если у вас есть вопросы по оформлению подписки:
[20.09.2026 01:17:30] INFO · universal.funpay     │ 👉 !ИНСТРУКЦИЯ
[20.09.2026 01:17:30] INFO · universal.funpay     │
[20.09.2026 01:17:30] INFO · universal.funpay     │ 💬 Если у вас другой вопрос:
[20.09.2026 01:17:30] INFO · universal.funpay     │ 👉 !ПРОДАВЕЦ
[20.09.2026 01:17:30] INFO · universal.funpay     │
[20.09.2026 01:17:30] INFO · universal.funpay     │ ©️ 𝗙𝘂𝗻𝗣𝗮𝘆 𝗨𝗻𝗶𝘃𝗲𝗿𝘀𝗮𝗹
[20.09.2026 01:17:30] INFO · universal.funpay     └──────────────────────────────────────────────────────────────────────
[20.09.2026 01:17:30] DEBUG · modules.apple_topup  🍎 Apple TopUp DEBUG: сообщение собственного аккаунта пропущено: author='Slavikbebryan'
[20.09.2026 01:17:33] DEBUG · urllib3.connectionpool https://funpay.com:443 "GET /users/10794022/ HTTP/1.1" 200 None
[20.09.2026 01:17:34] DEBUG · urllib3.connectionpool https://funpay.com:443 "POST /runner/ HTTP/1.1" 200 None
[20.09.2026 01:17:57] DEBUG · urllib3.connectionpool Starting new HTTPS connection (1): api.github.com:443
[20.09.2026 01:17:57] DEBUG · urllib3.connectionpool https://api.github.com:443 "GET /repos/alleexxeeyy/funpay-universal/releases HTTP/1.1" 200 None
[20.09.2026 01:17:57] INFO · universal.updater    У вас установлена последняя версия: 1.18.2
[20.09.2026 01:17:57] INFO · universal            
[20.09.2026 01:17:57] DEBUG · urllib3.connectionpool Starting new HTTPS connection (1): funpay.com:443
[20.09.2026 01:17:58] DEBUG · urllib3.connectionpool https://funpay.com:443 "GET / HTTP/1.1" 200 None
[20.09.2026 01:17:59] INFO · universal            FunPay аккаунт успешно авторизован.
[20.09.2026 01:17:59] DEBUG · urllib3.connectionpool Starting new HTTPS connection (1): funpay.com:443
[20.09.2026 01:18:00] DEBUG · urllib3.connectionpool https://funpay.com:443 "GET / HTTP/1.1" 200 None
[20.09.2026 01:18:01] DEBUG · urllib3.connectionpool https://funpay.com:443 "GET /users/10794022/ HTTP/1.1" 200 None
[20.09.2026 01:18:01] DEBUG · urllib3.connectionpool Starting new HTTPS connection (1): api.telegram.org:443
[20.09.2026 01:18:02] DEBUG · urllib3.connectionpool https://api.telegram.org:443 "GET /bot8756373718:AAF7UShfdcPoSa4xL_OhGoEeELgqwJzepak/getMe HTTP/1.1" 200 416
[20.09.2026 01:18:02] INFO · universal            Telegram бот успешно работает.
[20.09.2026 01:18:02] INFO · universal            
[20.09.2026 01:18:02] DEBUG · asyncio              Using proactor: IocpProactor
[20.09.2026 01:18:02] INFO · universal.modules    Подключен 1 модуль: Apple TopUp 1.0.0
[20.09.2026 01:18:02] DEBUG · asyncio              Using proactor: IocpProactor
[20.09.2026 01:18:02] DEBUG · urllib3.connectionpool Starting new HTTPS connection (1): funpay.com:443
[20.09.2026 01:18:03] INFO · universal.telegram   
[20.09.2026 01:18:03] INFO · universal.telegram   Telegram бот @panel_funpay_bot запущен и активен
[20.09.2026 01:18:03] DEBUG · urllib3.connectionpool https://funpay.com:443 "GET / HTTP/1.1" 200 None
[20.09.2026 01:18:04] INFO · universal.funpay     
[20.09.2026 01:18:04] INFO · universal.funpay     FunPay бот запущен и активен
[20.09.2026 01:18:04] INFO · universal.funpay     
[20.09.2026 01:18:04] INFO · universal.funpay     ───────────────────────────────────────
[20.09.2026 01:18:04] INFO · universal.funpay     Информация об аккаунте:
[20.09.2026 01:18:04] INFO · universal.funpay      · ID: 10794022
[20.09.2026 01:18:04] INFO · universal.funpay      · Никнейм: Slavikbebryan
[20.09.2026 01:18:04] INFO · universal.funpay      · Баланс: 10713 RUB
[20.09.2026 01:18:04] INFO · universal.funpay      · Активные продажи: 3
[20.09.2026 01:18:04] INFO · universal.funpay      · Активные покупки: 0
[20.09.2026 01:18:04] INFO · universal.funpay     ───────────────────────────────────────
[20.09.2026 01:18:04] DEBUG · asyncio              Using proactor: IocpProactor
[20.09.2026 01:18:04] DEBUG · urllib3.connectionpool Starting new HTTPS connection (2): funpay.com:443
[20.09.2026 01:18:04] DEBUG · urllib3.connectionpool Starting new HTTPS connection (3): funpay.com:443
[20.09.2026 01:18:04] DEBUG · urllib3.connectionpool Starting new HTTPS connection (4): funpay.com:443
[20.09.2026 01:18:04] DEBUG · urllib3.connectionpool https://funpay.com:443 "GET / HTTP/1.1" 200 None
[20.09.2026 01:18:05] DEBUG · urllib3.connectionpool https://funpay.com:443 "GET /users/10794022/ HTTP/1.1" 200 None
[20.09.2026 01:18:05] DEBUG · urllib3.connectionpool https://funpay.com:443 "GET /users/10794022/ HTTP/1.1" 200 None
[20.09.2026 01:18:05] DEBUG · urllib3.connectionpool https://funpay.com:443 "POST /runner/ HTTP/1.1" 200 None
[20.09.2026 01:18:05] INFO · modules.apple_topup  🍎 Apple TopUp: незавершённых заказов для восстановления нет
[20.09.2026 01:18:05] DEBUG · asyncio              Using proactor: IocpProactor
[20.09.2026 01:18:05] DEBUG · urllib3.connectionpool https://funpay.com:443 "GET /orders/trade HTTP/1.1" 200 None
[20.09.2026 01:18:08] DEBUG · urllib3.connectionpool https://funpay.com:443 "POST /runner/ HTTP/1.1" 200 None
[20.09.2026 01:18:08] DEBUG · urllib3.connectionpool https://funpay.com:443 "GET /users/10794022/ HTTP/1.1" 200 None
[20.09.2026 01:18:11] DEBUG · urllib3.connectionpool https://funpay.com:443 "GET /users/10794022/ HTTP/1.1" 200 None
[20.09.2026 01:18:12] DEBUG · urllib3.connectionpool https://funpay.com:443 "POST /runner/ HTTP/1.1" 200 None
[20.09.2026 01:18:15] DEBUG · urllib3.connectionpool https://funpay.com:443 "GET /users/10794022/ HTTP/1.1" 200 None
[20.09.2026 01:18:16] DEBUG · urllib3.connectionpool https://funpay.com:443 "POST /runner/ HTTP/1.1" 200 None
[20.09.2026 01:18:18] DEBUG · urllib3.connectionpool https://funpay.com:443 "GET /users/10794022/ HTTP/1.1" 200 None
[20.09.2026 01:18:20] DEBUG · urllib3.connectionpool https://funpay.com:443 "POST /runner/ HTTP/1.1" 200 None
[20.09.2026 01:18:20] DEBUG · urllib3.connectionpool https://funpay.com:443 "POST /runner/ HTTP/1.1" 200 None
[20.09.2026 01:18:20] INFO · universal.funpay     Новое сообщение в чате с Kotpotok:
[20.09.2026 01:18:20] INFO · universal.funpay     │ Slavikbebryan:
[20.09.2026 01:18:20] INFO · universal.funpay     │ Сорян еще раз
[20.09.2026 01:18:20] INFO · universal.funpay     └─────────────────────────────────
[20.09.2026 01:18:20] DEBUG · modules.apple_topup  🍎 Apple TopUp DEBUG: сообщение собственного аккаунта пропущено: author='Slavikbebryan'
[20.09.2026 01:18:21] DEBUG · urllib3.connectionpool https://funpay.com:443 "GET /users/10794022/ HTTP/1.1" 200 None
[20.09.2026 01:18:24] DEBUG · urllib3.connectionpool https://funpay.com:443 "POST /runner/ HTTP/1.1" 200 None
[20.09.2026 01:18:24] DEBUG · urllib3.connectionpool https://funpay.com:443 "GET /users/10794022/ HTTP/1.1" 200 None
[20.09.2026 01:18:28] DEBUG · urllib3.connectionpool https://funpay.com:443 "GET /users/10794022/ HTTP/1.1" 200 None
[20.09.2026 01:18:28] DEBUG · urllib3.connectionpool https://funpay.com:443 "POST /runner/ HTTP/1.1" 200 None
[20.09.2026 01:18:31] DEBUG · urllib3.connectionpool https://funpay.com:443 "GET /users/10794022/ HTTP/1.1" 200 None
[20.09.2026 01:18:32] DEBUG · urllib3.connectionpool https://funpay.com:443 "POST /runner/ HTTP/1.1" 200 None
[20.09.2026 01:18:34] DEBUG · urllib3.connectionpool https://funpay.com:443 "GET /users/10794022/ HTTP/1.1" 200 None
[20.09.2026 01:18:36] DEBUG · urllib3.connectionpool https://funpay.com:443 "POST /runner/ HTTP/1.1" 200 None
[20.09.2026 01:18:38] DEBUG · urllib3.connectionpool https://funpay.com:443 "GET /users/10794022/ HTTP/1.1" 200 None
[20.09.2026 01:18:40] DEBUG · urllib3.connectionpool https://funpay.com:443 "POST /runner/ HTTP/1.1" 200 None
[20.09.2026 01:18:40] DEBUG · urllib3.connectionpool https://funpay.com:443 "POST /runner/ HTTP/1.1" 200 None
[20.09.2026 01:18:40] INFO · universal.funpay     Новое сообщение в чате с barabanjj22:
[20.09.2026 01:18:40] INFO · universal.funpay     │ barabanjj22:
[20.09.2026 01:18:40] INFO · universal.funpay     │ дарова
[20.09.2026 01:18:40] INFO · universal.funpay     └────────────────────────────────────
[20.09.2026 01:18:40] WARNING · modules.apple_topup  🍎 Apple TopUp DEBUG: заказ найден по username fallback: order=KMJA88BG buyer='barabanjj22' saved_chat_id='users-10794022-21396664' incoming_chat_id=287190642 state=WAITING_REGION
[20.09.2026 01:18:40] INFO · modules.apple_topup  🍎 Apple TopUp DEBUG: команда покупателя: author='barabanjj22' command='дарова' order=KMJA88BG state=WAITING_REGION incoming_chat_id=287190642 saved_chat_id='users-10794022-21396664'
[20.09.2026 01:18:41] DEBUG · urllib3.connectionpool https://funpay.com:443 "GET /users/10794022/ HTTP/1.1" 200 None
[20.09.2026 01:18:44] DEBUG · urllib3.connectionpool https://funpay.com:443 "POST /runner/ HTTP/1.1" 200 None
[20.09.2026 01:18:44] DEBUG · urllib3.connectionpool https://funpay.com:443 "GET /users/10794022/ HTTP/1.1" 200 None
[20.09.2026 01:18:47] DEBUG · urllib3.connectionpool https://funpay.com:443 "GET /users/10794022/ HTTP/1.1" 200 None
[20.09.2026 01:18:48] DEBUG · urllib3.connectionpool https://funpay.com:443 "POST /runner/ HTTP/1.1" 200 None
[20.09.2026 01:18:50] DEBUG · urllib3.connectionpool https://funpay.com:443 "GET /users/10794022/ HTTP/1.1" 200 None
[20.09.2026 01:18:52] DEBUG · urllib3.connectionpool https://funpay.com:443 "POST /runner/ HTTP/1.1" 200 None
[20.09.2026 01:18:54] DEBUG · urllib3.connectionpool https://funpay.com:443 "GET /users/10794022/ HTTP/1.1" 200 None
[20.09.2026 01:18:56] DEBUG · urllib3.connectionpool https://funpay.com:443 "POST /runner/ HTTP/1.1" 200 None
[20.09.2026 01:18:57] DEBUG · urllib3.connectionpool https://funpay.com:443 "GET /users/10794022/ HTTP/1.1" 200 None
[20.09.2026 01:19:00] DEBUG · urllib3.connectionpool https://funpay.com:443 "POST /runner/ HTTP/1.1" 200 None
[20.09.2026 01:19:00] DEBUG · urllib3.connectionpool https://funpay.com:443 "GET /users/10794022/ HTTP/1.1" 200 None
[20.09.2026 01:19:03] DEBUG · urllib3.connectionpool https://funpay.com:443 "GET /users/10794022/ HTTP/1.1" 200 None
[20.09.2026 01:19:04] DEBUG · urllib3.connectionpool https://funpay.com:443 "POST /runner/ HTTP/1.1" 200 None
[20.09.2026 01:20:09] DEBUG · urllib3.connectionpool Starting new HTTPS connection (1): api.github.com:443
[20.09.2026 01:20:10] DEBUG · urllib3.connectionpool https://api.github.com:443 "GET /repos/alleexxeeyy/funpay-universal/releases HTTP/1.1" 200 None
[20.09.2026 01:20:10] INFO · universal.updater    У вас установлена последняя версия: 1.18.2
[20.09.2026 01:20:10] INFO · universal            
[20.09.2026 01:20:10] DEBUG · urllib3.connectionpool Starting new HTTPS connection (1): funpay.com:443
[20.09.2026 01:20:10] DEBUG · urllib3.connectionpool https://funpay.com:443 "GET / HTTP/1.1" 200 None
[20.09.2026 01:20:11] INFO · universal            FunPay аккаунт успешно авторизован.
[20.09.2026 01:20:11] DEBUG · urllib3.connectionpool Starting new HTTPS connection (1): funpay.com:443
[20.09.2026 01:20:12] DEBUG · urllib3.connectionpool https://funpay.com:443 "GET / HTTP/1.1" 200 None
[20.09.2026 01:20:13] DEBUG · urllib3.connectionpool https://funpay.com:443 "GET /users/10794022/ HTTP/1.1" 200 None
[20.09.2026 01:20:13] DEBUG · urllib3.connectionpool Starting new HTTPS connection (1): api.telegram.org:443
[20.09.2026 01:20:13] DEBUG · urllib3.connectionpool https://api.telegram.org:443 "GET /bot8756373718:AAF7UShfdcPoSa4xL_OhGoEeELgqwJzepak/getMe HTTP/1.1" 200 416
[20.09.2026 01:20:13] INFO · universal            Telegram бот успешно работает.
[20.09.2026 01:20:13] INFO · universal            
[20.09.2026 01:20:13] DEBUG · asyncio              Using proactor: IocpProactor
[20.09.2026 01:20:13] INFO · universal.modules    Подключен 1 модуль: Apple TopUp 1.0.0
[20.09.2026 01:20:14] DEBUG · asyncio              Using proactor: IocpProactor
[20.09.2026 01:20:14] DEBUG · urllib3.connectionpool Starting new HTTPS connection (1): funpay.com:443
[20.09.2026 01:20:14] DEBUG · urllib3.connectionpool https://funpay.com:443 "GET / HTTP/1.1" 200 None
[20.09.2026 01:20:14] INFO · universal.telegram   
[20.09.2026 01:20:14] INFO · universal.telegram   Telegram бот @panel_funpay_bot запущен и активен
[20.09.2026 01:20:15] INFO · universal.funpay     
[20.09.2026 01:20:15] INFO · universal.funpay     FunPay бот запущен и активен
[20.09.2026 01:20:15] INFO · universal.funpay     
[20.09.2026 01:20:15] INFO · universal.funpay     ───────────────────────────────────────
[20.09.2026 01:20:15] INFO · universal.funpay     Информация об аккаунте:
[20.09.2026 01:20:15] INFO · universal.funpay      · ID: 10794022
[20.09.2026 01:20:15] INFO · universal.funpay      · Никнейм: Slavikbebryan
[20.09.2026 01:20:15] INFO · universal.funpay      · Баланс: 10713 RUB
[20.09.2026 01:20:15] INFO · universal.funpay      · Активные продажи: 3
[20.09.2026 01:20:15] INFO · universal.funpay      · Активные покупки: 0
[20.09.2026 01:20:15] INFO · universal.funpay     ───────────────────────────────────────
[20.09.2026 01:20:15] DEBUG · asyncio              Using proactor: IocpProactor
[20.09.2026 01:20:15] DEBUG · urllib3.connectionpool Starting new HTTPS connection (2): funpay.com:443
[20.09.2026 01:20:15] DEBUG · urllib3.connectionpool Starting new HTTPS connection (3): funpay.com:443
[20.09.2026 01:20:15] DEBUG · urllib3.connectionpool Starting new HTTPS connection (4): funpay.com:443
[20.09.2026 01:20:15] DEBUG · urllib3.connectionpool https://funpay.com:443 "GET / HTTP/1.1" 200 None
[20.09.2026 01:20:15] DEBUG · urllib3.connectionpool https://funpay.com:443 "POST /runner/ HTTP/1.1" 200 None
[20.09.2026 01:20:15] DEBUG · urllib3.connectionpool https://funpay.com:443 "GET /users/10794022/ HTTP/1.1" 200 None
[20.09.2026 01:20:16] DEBUG · urllib3.connectionpool https://funpay.com:443 "GET /users/10794022/ HTTP/1.1" 200 None
[20.09.2026 01:20:16] DEBUG · urllib3.connectionpool https://funpay.com:443 "GET /orders/trade HTTP/1.1" 200 None
[20.09.2026 01:20:16] INFO · modules.apple_topup  🍎 Apple TopUp: незавершённых заказов для восстановления нет
[20.09.2026 01:20:16] DEBUG · asyncio              Using proactor: IocpProactor
[20.09.2026 01:20:19] DEBUG · urllib3.connectionpool https://funpay.com:443 "GET /users/10794022/ HTTP/1.1" 200 None
[20.09.2026 01:20:19] DEBUG · urllib3.connectionpool https://funpay.com:443 "POST /runner/ HTTP/1.1" 200 None
[20.09.2026 01:20:22] DEBUG · urllib3.connectionpool https://funpay.com:443 "GET /users/10794022/ HTTP/1.1" 200 None
[20.09.2026 01:20:23] DEBUG · urllib3.connectionpool https://funpay.com:443 "POST /runner/ HTTP/1.1" 200 None
[20.09.2026 01:20:23] DEBUG · urllib3.connectionpool https://funpay.com:443 "POST /runner/ HTTP/1.1" 200 None
[20.09.2026 01:20:23] INFO · universal.funpay     Новое сообщение в чате с barabanjj22:
[20.09.2026 01:20:23] INFO · universal.funpay     │ barabanjj22:
[20.09.2026 01:20:23] INFO · universal.funpay     │ ghbdtn
[20.09.2026 01:20:23] INFO · universal.funpay     └────────────────────────────────────
[20.09.2026 01:20:23] WARNING · modules.apple_topup  🍎 Apple TopUp DEBUG: заказ найден по username fallback: order=YH1BBCBJ buyer='barabanjj22' saved_chat_id='users-10794022-21396664' incoming_chat_id=287190642 state=WAITING_CONFIRMATION
[20.09.2026 01:20:23] INFO · modules.apple_topup  🍎 Apple TopUp DEBUG: команда покупателя: author='barabanjj22' command='ghbdtn' order=YH1BBCBJ state=WAITING_CONFIRMATION incoming_chat_id=287190642 saved_chat_id='users-10794022-21396664'
[20.09.2026 01:20:25] DEBUG · urllib3.connectionpool https://funpay.com:443 "GET /users/10794022/ HTTP/1.1" 200 None
[20.09.2026 01:20:27] DEBUG · urllib3.connectionpool https://funpay.com:443 "POST /runner/ HTTP/1.1" 200 None
[20.09.2026 01:20:28] DEBUG · urllib3.connectionpool https://funpay.com:443 "GET /users/10794022/ HTTP/1.1" 200 None
[20.09.2026 01:20:31] DEBUG · urllib3.connectionpool https://funpay.com:443 "POST /runner/ HTTP/1.1" 200 None
[20.09.2026 01:20:32] DEBUG · urllib3.connectionpool https://funpay.com:443 "GET /users/10794022/ HTTP/1.1" 200 None
[20.09.2026 01:20:35] DEBUG · urllib3.connectionpool https://funpay.com:443 "GET /users/10794022/ HTTP/1.1" 200 None
[20.09.2026 01:20:35] DEBUG · urllib3.connectionpool https://funpay.com:443 "POST /runner/ HTTP/1.1" 200 None
[20.09.2026 01:20:38] DEBUG · urllib3.connectionpool https://funpay.com:443 "GET /users/10794022/ HTTP/1.1" 200 None
[20.09.2026 01:20:39] DEBUG · urllib3.connectionpool https://funpay.com:443 "POST /runner/ HTTP/1.1" 200 None
[20.09.2026 01:20:41] DEBUG · urllib3.connectionpool https://funpay.com:443 "GET /users/10794022/ HTTP/1.1" 200 None
[20.09.2026 01:20:43] DEBUG · urllib3.connectionpool https://funpay.com:443 "POST /runner/ HTTP/1.1" 200 None
[20.09.2026 01:20:45] DEBUG · urllib3.connectionpool https://funpay.com:443 "GET /users/10794022/ HTTP/1.1" 200 None
[20.09.2026 01:20:47] DEBUG · urllib3.connectionpool https://funpay.com:443 "POST /runner/ HTTP/1.1" 200 None
[20.09.2026 01:20:48] DEBUG · urllib3.connectionpool https://funpay.com:443 "GET /users/10794022/ HTTP/1.1" 200 None
[20.09.2026 01:20:51] DEBUG · urllib3.connectionpool https://funpay.com:443 "POST /runner/ HTTP/1.1" 200 None
[20.09.2026 01:20:51] DEBUG · urllib3.connectionpool https://funpay.com:443 "GET /users/10794022/ HTTP/1.1" 200 None
[20.09.2026 01:20:55] DEBUG · urllib3.connectionpool https://funpay.com:443 "GET /users/10794022/ HTTP/1.1" 200 None
[20.09.2026 01:20:55] DEBUG · urllib3.connectionpool https://funpay.com:443 "POST /runner/ HTTP/1.1" 200 None
[20.09.2026 01:20:58] DEBUG · urllib3.connectionpool https://funpay.com:443 "GET /users/10794022/ HTTP/1.1" 200 None
[20.09.2026 01:20:59] DEBUG · urllib3.connectionpool https://funpay.com:443 "POST /runner/ HTTP/1.1" 200 None
[20.09.2026 01:21:01] DEBUG · urllib3.connectionpool https://funpay.com:443 "GET /users/10794022/ HTTP/1.1" 200 None
[20.09.2026 01:21:03] DEBUG · urllib3.connectionpool https://funpay.com:443 "POST /runner/ HTTP/1.1" 200 None
[20.09.2026 01:21:04] DEBUG · urllib3.connectionpool https://funpay.com:443 "GET /users/10794022/ HTTP/1.1" 200 None
[20.09.2026 01:21:07] DEBUG · urllib3.connectionpool https://funpay.com:443 "POST /runner/ HTTP/1.1" 200 None
[20.09.2026 01:21:08] DEBUG · urllib3.connectionpool https://funpay.com:443 "GET /users/10794022/ HTTP/1.1" 200 None
[20.09.2026 01:21:11] DEBUG · urllib3.connectionpool https://funpay.com:443 "GET /users/10794022/ HTTP/1.1" 200 None
[20.09.2026 01:21:11] DEBUG · urllib3.connectionpool https://funpay.com:443 "POST /runner/ HTTP/1.1" 200 None
[20.09.2026 01:21:14] DEBUG · urllib3.connectionpool https://funpay.com:443 "GET /users/10794022/ HTTP/1.1" 200 None
[20.09.2026 01:21:15] DEBUG · urllib3.connectionpool https://funpay.com:443 "POST /runner/ HTTP/1.1" 200 None
[20.09.2026 01:21:18] DEBUG · urllib3.connectionpool https://funpay.com:443 "GET /users/10794022/ HTTP/1.1" 200 None
[20.09.2026 01:21:19] DEBUG · urllib3.connectionpool https://funpay.com:443 "POST /runner/ HTTP/1.1" 200 None
[20.09.2026 01:21:21] DEBUG · urllib3.connectionpool https://funpay.com:443 "GET /users/10794022/ HTTP/1.1" 200 None
[20.09.2026 01:21:23] DEBUG · urllib3.connectionpool https://funpay.com:443 "POST /runner/ HTTP/1.1" 200 None
[20.09.2026 01:21:24] DEBUG · urllib3.connectionpool https://funpay.com:443 "GET /users/10794022/ HTTP/1.1" 200 None
[20.09.2026 01:21:27] DEBUG · urllib3.connectionpool https://funpay.com:443 "POST /runner/ HTTP/1.1" 200 None
[20.09.2026 01:21:27] DEBUG · urllib3.connectionpool https://funpay.com:443 "GET /users/10794022/ HTTP/1.1" 200 None
[20.09.2026 01:21:31] DEBUG · urllib3.connectionpool https://funpay.com:443 "GET /users/10794022/ HTTP/1.1" 200 None
[20.09.2026 01:21:31] DEBUG · urllib3.connectionpool https://funpay.com:443 "POST /runner/ HTTP/1.1" 200 None
[20.09.2026 01:21:34] DEBUG · urllib3.connectionpool https://funpay.com:443 "GET /users/10794022/ HTTP/1.1" 200 None
[20.09.2026 01:21:35] DEBUG · urllib3.connectionpool https://funpay.com:443 "POST /runner/ HTTP/1.1" 200 None
[20.09.2026 01:21:37] DEBUG · urllib3.connectionpool https://funpay.com:443 "GET /users/10794022/ HTTP/1.1" 200 None
[20.09.2026 01:21:39] DEBUG · urllib3.connectionpool https://funpay.com:443 "POST /runner/ HTTP/1.1" 200 None
[20.09.2026 01:21:40] DEBUG · urllib3.connectionpool https://funpay.com:443 "GET /users/10794022/ HTTP/1.1" 200 None
[20.09.2026 01:21:43] DEBUG · urllib3.connectionpool https://funpay.com:443 "POST /runner/ HTTP/1.1" 200 None
[20.09.2026 01:21:44] DEBUG · urllib3.connectionpool https://funpay.com:443 "GET /users/10794022/ HTTP/1.1" 200 None
[20.09.2026 01:21:47] DEBUG · urllib3.connectionpool https://funpay.com:443 "POST /runner/ HTTP/1.1" 200 None
[20.09.2026 01:21:47] DEBUG · urllib3.connectionpool https://funpay.com:443 "GET /users/10794022/ HTTP/1.1" 200 None
[20.09.2026 01:21:50] DEBUG · urllib3.connectionpool https://funpay.com:443 "GET /users/10794022/ HTTP/1.1" 200 None
[20.09.2026 01:21:51] DEBUG · urllib3.connectionpool https://funpay.com:443 "POST /runner/ HTTP/1.1" 200 None
[20.09.2026 01:21:54] DEBUG · urllib3.connectionpool https://funpay.com:443 "GET /users/10794022/ HTTP/1.1" 200 None
[20.09.2026 01:21:55] DEBUG · urllib3.connectionpool https://funpay.com:443 "POST /runner/ HTTP/1.1" 200 None
[20.09.2026 01:21:57] DEBUG · urllib3.connectionpool https://funpay.com:443 "GET /users/10794022/ HTTP/1.1" 200 None
[20.09.2026 01:21:59] DEBUG · urllib3.connectionpool https://funpay.com:443 "POST /runner/ HTTP/1.1" 200 None
[20.09.2026 01:22:00] DEBUG · urllib3.connectionpool https://funpay.com:443 "GET /users/10794022/ HTTP/1.1" 200 None
[20.09.2026 01:22:03] DEBUG · urllib3.connectionpool https://funpay.com:443 "POST /runner/ HTTP/1.1" 200 None
[20.09.2026 01:22:03] DEBUG · urllib3.connectionpool https://funpay.com:443 "GET /users/10794022/ HTTP/1.1" 200 None
[20.09.2026 01:22:07] DEBUG · urllib3.connectionpool https://funpay.com:443 "GET /users/10794022/ HTTP/1.1" 200 None
[20.09.2026 01:22:07] DEBUG · urllib3.connectionpool https://funpay.com:443 "POST /runner/ HTTP/1.1" 200 None
[20.09.2026 01:22:10] DEBUG · urllib3.connectionpool https://funpay.com:443 "GET /users/10794022/ HTTP/1.1" 200 None
[20.09.2026 01:22:11] DEBUG · urllib3.connectionpool https://funpay.com:443 "POST /runner/ HTTP/1.1" 200 None
[20.09.2026 01:22:13] DEBUG · urllib3.connectionpool https://funpay.com:443 "GET /users/10794022/ HTTP/1.1" 200 None
[20.09.2026 01:22:15] DEBUG · urllib3.connectionpool https://funpay.com:443 "POST /runner/ HTTP/1.1" 200 None
[20.09.2026 01:22:16] DEBUG · urllib3.connectionpool https://funpay.com:443 "GET /users/10794022/ HTTP/1.1" 200 None
[20.09.2026 01:22:19] DEBUG · urllib3.connectionpool https://funpay.com:443 "POST /runner/ HTTP/1.1" 200 None
[20.09.2026 01:22:20] DEBUG · urllib3.connectionpool https://funpay.com:443 "GET /users/10794022/ HTTP/1.1" 200 None
[20.09.2026 01:22:23] DEBUG · urllib3.connectionpool https://funpay.com:443 "POST /runner/ HTTP/1.1" 200 None
[20.09.2026 01:22:23] DEBUG · urllib3.connectionpool https://funpay.com:443 "GET /users/10794022/ HTTP/1.1" 200 None
[20.09.2026 01:22:26] DEBUG · urllib3.connectionpool https://funpay.com:443 "GET /users/10794022/ HTTP/1.1" 200 None
[20.09.2026 01:22:27] DEBUG · urllib3.connectionpool https://funpay.com:443 "POST /runner/ HTTP/1.1" 200 None
[20.09.2026 01:22:30] DEBUG · urllib3.connectionpool https://funpay.com:443 "GET /users/10794022/ HTTP/1.1" 200 None
[20.09.2026 01:22:31] DEBUG · urllib3.connectionpool https://funpay.com:443 "POST /runner/ HTTP/1.1" 200 None
[20.09.2026 01:22:33] DEBUG · urllib3.connectionpool https://funpay.com:443 "GET /users/10794022/ HTTP/1.1" 200 None
[20.09.2026 01:22:35] DEBUG · urllib3.connectionpool https://funpay.com:443 "POST /runner/ HTTP/1.1" 200 None
[20.09.2026 01:22:36] DEBUG · urllib3.connectionpool https://funpay.com:443 "GET /users/10794022/ HTTP/1.1" 200 None
[20.09.2026 01:22:39] DEBUG · urllib3.connectionpool https://funpay.com:443 "POST /runner/ HTTP/1.1" 200 None
[20.09.2026 01:22:39] DEBUG · urllib3.connectionpool https://funpay.com:443 "GET /users/10794022/ HTTP/1.1" 200 None
[20.09.2026 01:22:43] DEBUG · urllib3.connectionpool https://funpay.com:443 "GET /users/10794022/ HTTP/1.1" 200 None
[20.09.2026 01:22:43] DEBUG · urllib3.connectionpool https://funpay.com:443 "POST /runner/ HTTP/1.1" 200 None
[20.09.2026 01:22:46] DEBUG · urllib3.connectionpool https://funpay.com:443 "GET /users/10794022/ HTTP/1.1" 200 None
[20.09.2026 01:22:47] DEBUG · urllib3.connectionpool https://funpay.com:443 "POST /runner/ HTTP/1.1" 200 None
[20.09.2026 01:22:56] DEBUG · urllib3.connectionpool Starting new HTTPS connection (1): api.github.com:443
[20.09.2026 01:22:57] DEBUG · urllib3.connectionpool https://api.github.com:443 "GET /repos/alleexxeeyy/funpay-universal/releases HTTP/1.1" 200 None
[20.09.2026 01:22:57] INFO · universal.updater    У вас установлена последняя версия: 1.18.2
[20.09.2026 01:22:57] INFO · universal            
[20.09.2026 01:22:57] DEBUG · urllib3.connectionpool Starting new HTTPS connection (1): funpay.com:443
[20.09.2026 01:22:57] DEBUG · urllib3.connectionpool https://funpay.com:443 "GET / HTTP/1.1" 200 None
[20.09.2026 01:22:58] INFO · universal            FunPay аккаунт успешно авторизован.
[20.09.2026 01:22:58] DEBUG · urllib3.connectionpool Starting new HTTPS connection (1): funpay.com:443
[20.09.2026 01:22:59] DEBUG · urllib3.connectionpool https://funpay.com:443 "GET / HTTP/1.1" 200 None
[20.09.2026 01:23:00] DEBUG · urllib3.connectionpool https://funpay.com:443 "GET /users/10794022/ HTTP/1.1" 200 None
[20.09.2026 01:23:00] DEBUG · urllib3.connectionpool Starting new HTTPS connection (1): api.telegram.org:443
[20.09.2026 01:23:01] DEBUG · urllib3.connectionpool https://api.telegram.org:443 "GET /bot8756373718:AAF7UShfdcPoSa4xL_OhGoEeELgqwJzepak/getMe HTTP/1.1" 200 416
[20.09.2026 01:23:01] INFO · universal            Telegram бот успешно работает.
[20.09.2026 01:23:01] INFO · universal            
[20.09.2026 01:23:01] DEBUG · asyncio              Using proactor: IocpProactor
[20.09.2026 01:23:01] INFO · universal.modules    Подключен 1 модуль: Apple TopUp 1.0.0
[20.09.2026 01:23:01] DEBUG · asyncio              Using proactor: IocpProactor
[20.09.2026 01:23:01] DEBUG · urllib3.connectionpool Starting new HTTPS connection (1): funpay.com:443
[20.09.2026 01:23:01] DEBUG · urllib3.connectionpool https://funpay.com:443 "GET / HTTP/1.1" 200 None
[20.09.2026 01:23:02] INFO · universal.telegram   
[20.09.2026 01:23:02] INFO · universal.telegram   Telegram бот @panel_funpay_bot запущен и активен
[20.09.2026 01:23:02] INFO · universal.funpay     
[20.09.2026 01:23:02] INFO · universal.funpay     FunPay бот запущен и активен
[20.09.2026 01:23:02] INFO · universal.funpay     
[20.09.2026 01:23:02] INFO · universal.funpay     ───────────────────────────────────────
[20.09.2026 01:23:02] INFO · universal.funpay     Информация об аккаунте:
[20.09.2026 01:23:02] INFO · universal.funpay      · ID: 10794022
[20.09.2026 01:23:02] INFO · universal.funpay      · Никнейм: Slavikbebryan
[20.09.2026 01:23:02] INFO · universal.funpay      · Баланс: 10713 RUB
[20.09.2026 01:23:02] INFO · universal.funpay      · Активные продажи: 3
[20.09.2026 01:23:02] INFO · universal.funpay      · Активные покупки: 0
[20.09.2026 01:23:02] INFO · universal.funpay     ───────────────────────────────────────
[20.09.2026 01:23:02] DEBUG · asyncio              Using proactor: IocpProactor
[20.09.2026 01:23:02] DEBUG · urllib3.connectionpool Starting new HTTPS connection (2): funpay.com:443
[20.09.2026 01:23:02] DEBUG · urllib3.connectionpool Starting new HTTPS connection (3): funpay.com:443
[20.09.2026 01:23:02] DEBUG · urllib3.connectionpool Starting new HTTPS connection (4): funpay.com:443
[20.09.2026 01:23:02] DEBUG · urllib3.connectionpool https://funpay.com:443 "GET / HTTP/1.1" 200 None
[20.09.2026 01:23:03] DEBUG · urllib3.connectionpool https://funpay.com:443 "GET /users/10794022/ HTTP/1.1" 200 None
[20.09.2026 01:23:03] DEBUG · urllib3.connectionpool https://funpay.com:443 "POST /runner/ HTTP/1.1" 200 None
[20.09.2026 01:23:03] DEBUG · urllib3.connectionpool https://funpay.com:443 "GET /users/10794022/ HTTP/1.1" 200 None
[20.09.2026 01:23:03] DEBUG · urllib3.connectionpool https://funpay.com:443 "GET /orders/trade HTTP/1.1" 200 None
[20.09.2026 01:23:03] INFO · modules.apple_topup  🍎 Apple TopUp: незавершённых заказов для восстановления нет
[20.09.2026 01:23:03] DEBUG · asyncio              Using proactor: IocpProactor
[20.09.2026 01:23:06] DEBUG · urllib3.connectionpool https://funpay.com:443 "GET /users/10794022/ HTTP/1.1" 200 None
[20.09.2026 01:23:06] DEBUG · urllib3.connectionpool https://funpay.com:443 "POST /runner/ HTTP/1.1" 200 None
[20.09.2026 01:23:09] DEBUG · urllib3.connectionpool https://funpay.com:443 "GET /users/10794022/ HTTP/1.1" 200 None
[20.09.2026 01:23:10] DEBUG · urllib3.connectionpool https://funpay.com:443 "POST /runner/ HTTP/1.1" 200 None
[20.09.2026 01:23:12] DEBUG · urllib3.connectionpool https://funpay.com:443 "GET /users/10794022/ HTTP/1.1" 200 None
[20.09.2026 01:23:14] DEBUG · urllib3.connectionpool https://funpay.com:443 "POST /runner/ HTTP/1.1" 200 None
[20.09.2026 01:23:14] DEBUG · urllib3.connectionpool https://funpay.com:443 "POST /runner/ HTTP/1.1" 200 None
[20.09.2026 01:23:15] INFO · universal.funpay     Новое сообщение в чате с barabanjj22:
[20.09.2026 01:23:15] INFO · universal.funpay     │ barabanjj22:
[20.09.2026 01:23:15] INFO · universal.funpay     │ Привет
[20.09.2026 01:23:15] INFO · universal.funpay     └────────────────────────────────────
[20.09.2026 01:23:15] DEBUG · urllib3.connectionpool https://funpay.com:443 "POST /runner/ HTTP/1.1" 200 None
[20.09.2026 01:23:16] DEBUG · urllib3.connectionpool https://funpay.com:443 "GET /users/10794022/ HTTP/1.1" 200 None
[20.09.2026 01:23:18] DEBUG · urllib3.connectionpool https://funpay.com:443 "POST /runner/ HTTP/1.1" 200 None
[20.09.2026 01:23:18] INFO · universal.funpay     Новое сообщение в чате с barabanjj22:
[20.09.2026 01:23:18] INFO · universal.funpay     │ Slavikbebryan:
[20.09.2026 01:23:18] INFO · universal.funpay     │ 👋 Добро пожаловать, barabanjj22, в SlavikStore⚡️
[20.09.2026 01:23:18] INFO · universal.funpay     │
[20.09.2026 01:23:18] INFO · universal.funpay     │ Если вы готовы приобрести подписку и хотите увидеть актуальные цены:
[20.09.2026 01:23:18] INFO · universal.funpay     │ 👉 !ПРАЙС
[20.09.2026 01:23:18] INFO · universal.funpay     │
[20.09.2026 01:23:18] INFO · universal.funpay     │ 📖 Если у вас есть вопросы по оформлению подписки:
[20.09.2026 01:23:18] INFO · universal.funpay     │ 👉 !ИНСТРУКЦИЯ
[20.09.2026 01:23:18] INFO · universal.funpay     │
[20.09.2026 01:23:18] INFO · universal.funpay     │ 💬 Если у вас другой вопрос:
[20.09.2026 01:23:18] INFO · universal.funpay     │ 👉 !ПРОДАВЕЦ
[20.09.2026 01:23:18] INFO · universal.funpay     │
[20.09.2026 01:23:18] INFO · universal.funpay     │ ©️ 𝗙𝘂𝗻𝗣𝗮𝘆 𝗨𝗻𝗶𝘃𝗲𝗿𝘀𝗮𝗹
[20.09.2026 01:23:18] INFO · universal.funpay     └──────────────────────────────────────────────────────────────────────
[20.09.2026 01:23:18] DEBUG · modules.apple_topup  🍎 Apple TopUp DEBUG: сообщение собственного аккаунта пропущено: author='Slavikbebryan'
[20.09.2026 01:23:19] DEBUG · urllib3.connectionpool https://funpay.com:443 "GET /users/10794022/ HTTP/1.1" 200 None
[20.09.2026 01:23:48] DEBUG · urllib3.connectionpool Starting new HTTPS connection (1): api.github.com:443
[20.09.2026 01:23:49] DEBUG · urllib3.connectionpool https://api.github.com:443 "GET /repos/alleexxeeyy/funpay-universal/releases HTTP/1.1" 200 5955
[20.09.2026 01:23:49] INFO · universal.updater    У вас установлена последняя версия: 1.18.2
[20.09.2026 01:23:49] INFO · universal            
[20.09.2026 01:23:49] DEBUG · urllib3.connectionpool Starting new HTTPS connection (1): funpay.com:443
[20.09.2026 01:23:49] DEBUG · urllib3.connectionpool https://funpay.com:443 "GET / HTTP/1.1" 200 None
[20.09.2026 01:23:51] INFO · universal            FunPay аккаунт успешно авторизован.
[20.09.2026 01:23:51] DEBUG · urllib3.connectionpool Starting new HTTPS connection (1): funpay.com:443
[20.09.2026 01:23:51] DEBUG · urllib3.connectionpool https://funpay.com:443 "GET / HTTP/1.1" 200 None
[20.09.2026 01:23:53] DEBUG · urllib3.connectionpool https://funpay.com:443 "GET /users/10794022/ HTTP/1.1" 200 None
[20.09.2026 01:23:53] DEBUG · urllib3.connectionpool Starting new HTTPS connection (1): api.telegram.org:443
[20.09.2026 01:23:53] DEBUG · urllib3.connectionpool https://api.telegram.org:443 "GET /bot8756373718:AAF7UShfdcPoSa4xL_OhGoEeELgqwJzepak/getMe HTTP/1.1" 200 416
[20.09.2026 01:23:53] INFO · universal            Telegram бот успешно работает.
[20.09.2026 01:23:53] INFO · universal            
[20.09.2026 01:23:53] DEBUG · asyncio              Using proactor: IocpProactor
[20.09.2026 01:23:53] INFO · universal.modules    Подключен 1 модуль: Apple TopUp 1.0.0
[20.09.2026 01:23:54] DEBUG · asyncio              Using proactor: IocpProactor
[20.09.2026 01:23:54] DEBUG · urllib3.connectionpool Starting new HTTPS connection (1): funpay.com:443
[20.09.2026 01:23:54] DEBUG · urllib3.connectionpool https://funpay.com:443 "GET / HTTP/1.1" 200 None
[20.09.2026 01:23:54] INFO · universal.telegram   
[20.09.2026 01:23:54] INFO · universal.telegram   Telegram бот @panel_funpay_bot запущен и активен
[20.09.2026 01:23:55] INFO · universal.funpay     
[20.09.2026 01:23:55] INFO · universal.funpay     FunPay бот запущен и активен
[20.09.2026 01:23:55] INFO · universal.funpay     
[20.09.2026 01:23:55] INFO · universal.funpay     ───────────────────────────────────────
[20.09.2026 01:23:55] INFO · universal.funpay     Информация об аккаунте:
[20.09.2026 01:23:55] INFO · universal.funpay      · ID: 10794022
[20.09.2026 01:23:55] INFO · universal.funpay      · Никнейм: Slavikbebryan
[20.09.2026 01:23:55] INFO · universal.funpay      · Баланс: 10713 RUB
[20.09.2026 01:23:55] INFO · universal.funpay      · Активные продажи: 3
[20.09.2026 01:23:55] INFO · universal.funpay      · Активные покупки: 0
[20.09.2026 01:23:55] INFO · universal.funpay     ───────────────────────────────────────
[20.09.2026 01:23:55] DEBUG · asyncio              Using proactor: IocpProactor
[20.09.2026 01:23:55] DEBUG · urllib3.connectionpool Starting new HTTPS connection (2): funpay.com:443
[20.09.2026 01:23:55] DEBUG · urllib3.connectionpool Starting new HTTPS connection (3): funpay.com:443
[20.09.2026 01:23:55] DEBUG · urllib3.connectionpool Starting new HTTPS connection (4): funpay.com:443
[20.09.2026 01:23:55] DEBUG · urllib3.connectionpool https://funpay.com:443 "GET / HTTP/1.1" 200 None
[20.09.2026 01:23:56] DEBUG · urllib3.connectionpool https://funpay.com:443 "POST /runner/ HTTP/1.1" 200 None
[20.09.2026 01:23:56] DEBUG · urllib3.connectionpool https://funpay.com:443 "GET /users/10794022/ HTTP/1.1" 200 None
[20.09.2026 01:23:56] DEBUG · urllib3.connectionpool https://funpay.com:443 "GET /orders/trade HTTP/1.1" 200 None
[20.09.2026 01:23:56] DEBUG · urllib3.connectionpool https://funpay.com:443 "GET /users/10794022/ HTTP/1.1" 200 None
[20.09.2026 01:23:56] INFO · modules.apple_topup  🍎 Apple TopUp: незавершённых заказов для восстановления нет
[20.09.2026 01:23:56] DEBUG · asyncio              Using proactor: IocpProactor
[20.09.2026 01:23:59] DEBUG · urllib3.connectionpool https://funpay.com:443 "GET /users/10794022/ HTTP/1.1" 200 None
[20.09.2026 01:23:59] DEBUG · urllib3.connectionpool https://funpay.com:443 "POST /runner/ HTTP/1.1" 200 None
[20.09.2026 01:24:00] DEBUG · urllib3.connectionpool https://funpay.com:443 "POST /runner/ HTTP/1.1" 200 None
[20.09.2026 01:24:00] INFO · universal.funpay     Новое сообщение в чате с barabanjj22:
[20.09.2026 01:24:00] INFO · universal.funpay     │ barabanjj22:
[20.09.2026 01:24:00] INFO · universal.funpay     │ ррр
[20.09.2026 01:24:00] INFO · universal.funpay     └────────────────────────────────────
[20.09.2026 01:24:00] DEBUG · urllib3.connectionpool https://funpay.com:443 "POST /runner/ HTTP/1.1" 200 None
[20.09.2026 01:24:03] DEBUG · urllib3.connectionpool https://funpay.com:443 "GET /users/10794022/ HTTP/1.1" 200 None
[20.09.2026 01:24:03] DEBUG · urllib3.connectionpool https://funpay.com:443 "POST /runner/ HTTP/1.1" 200 None
[20.09.2026 01:24:03] INFO · universal.funpay     Новое сообщение в чате с barabanjj22:
[20.09.2026 01:24:03] INFO · universal.funpay     │ Slavikbebryan:
[20.09.2026 01:24:03] INFO · universal.funpay     │ 👋 Добро пожаловать, barabanjj22, в SlavikStore⚡️
[20.09.2026 01:24:03] INFO · universal.funpay     │
[20.09.2026 01:24:03] INFO · universal.funpay     │ Если вы готовы приобрести подписку и хотите увидеть актуальные цены:
[20.09.2026 01:24:03] INFO · universal.funpay     │ 👉 !ПРАЙС
[20.09.2026 01:24:03] INFO · universal.funpay     │
[20.09.2026 01:24:03] INFO · universal.funpay     │ 📖 Если у вас есть вопросы по оформлению подписки:
[20.09.2026 01:24:03] INFO · universal.funpay     │ 👉 !ИНСТРУКЦИЯ
[20.09.2026 01:24:03] INFO · universal.funpay     │
[20.09.2026 01:24:03] INFO · universal.funpay     │ 💬 Если у вас другой вопрос:
[20.09.2026 01:24:03] INFO · universal.funpay     │ 👉 !ПРОДАВЕЦ
[20.09.2026 01:24:03] INFO · universal.funpay     │
[20.09.2026 01:24:03] INFO · universal.funpay     │ ©️ 𝗙𝘂𝗻𝗣𝗮𝘆 𝗨𝗻𝗶𝘃𝗲𝗿𝘀𝗮𝗹
[20.09.2026 01:24:03] INFO · universal.funpay     └──────────────────────────────────────────────────────────────────────
[20.09.2026 01:24:03] DEBUG · modules.apple_topup  🍎 Apple TopUp DEBUG: сообщение собственного аккаунта пропущено: author='Slavikbebryan'
[20.09.2026 01:24:06] DEBUG · urllib3.connectionpool https://funpay.com:443 "GET /users/10794022/ HTTP/1.1" 200 None
[20.09.2026 01:24:07] DEBUG · urllib3.connectionpool https://funpay.com:443 "POST /runner/ HTTP/1.1" 200 None
[20.09.2026 01:24:09] DEBUG · urllib3.connectionpool https://funpay.com:443 "GET /users/10794022/ HTTP/1.1" 200 None
[20.09.2026 01:24:11] DEBUG · urllib3.connectionpool https://funpay.com:443 "POST /runner/ HTTP/1.1" 200 None
[20.09.2026 01:24:13] DEBUG · urllib3.connectionpool https://funpay.com:443 "GET /users/10794022/ HTTP/1.1" 200 None
[20.09.2026 01:24:15] DEBUG · urllib3.connectionpool https://funpay.com:443 "POST /runner/ HTTP/1.1" 200 None
[20.09.2026 01:24:16] DEBUG · urllib3.connectionpool https://funpay.com:443 "GET /users/10794022/ HTTP/1.1" 200 None
[20.09.2026 01:24:19] DEBUG · urllib3.connectionpool https://funpay.com:443 "POST /runner/ HTTP/1.1" 200 None
[20.09.2026 01:24:19] DEBUG · urllib3.connectionpool https://funpay.com:443 "GET /users/10794022/ HTTP/1.1" 200 None
[20.09.2026 01:24:20] DEBUG · urllib3.connectionpool https://funpay.com:443 "POST /runner/ HTTP/1.1" 200 None
[20.09.2026 01:24:20] INFO · universal.funpay     Новое сообщение в чате с barabanjj22:
[20.09.2026 01:24:20] INFO · universal.funpay     │ barabanjj22:
[20.09.2026 01:24:20] INFO · universal.funpay     │ !инструкция
[20.09.2026 01:24:20] INFO · universal.funpay     └────────────────────────────────────
[20.09.2026 01:24:20] DEBUG · urllib3.connectionpool https://funpay.com:443 "POST /runner/ HTTP/1.1" 200 None
[20.09.2026 01:24:23] DEBUG · urllib3.connectionpool https://funpay.com:443 "GET /users/10794022/ HTTP/1.1" 200 None
[20.09.2026 01:24:23] DEBUG · urllib3.connectionpool https://funpay.com:443 "POST /runner/ HTTP/1.1" 200 None
[20.09.2026 01:24:23] INFO · universal.funpay     Новое сообщение в чате с barabanjj22:
[20.09.2026 01:24:23] INFO · universal.funpay     │ Slavikbebryan:
[20.09.2026 01:24:23] INFO · universal.funpay     │ 👋 Добро пожаловать, barabanjj22, в SlavikStore⚡️
[20.09.2026 01:24:23] INFO · universal.funpay     │
[20.09.2026 01:24:23] INFO · universal.funpay     │ Если вы готовы приобрести подписку и хотите увидеть актуальные цены:
[20.09.2026 01:24:23] INFO · universal.funpay     │ 👉 !ПРАЙС
[20.09.2026 01:24:23] INFO · universal.funpay     │
[20.09.2026 01:24:23] INFO · universal.funpay     │ 📖 Если у вас есть вопросы по оформлению подписки:
[20.09.2026 01:24:23] INFO · universal.funpay     │ 👉 !ИНСТРУКЦИЯ
[20.09.2026 01:24:23] INFO · universal.funpay     │
[20.09.2026 01:24:23] INFO · universal.funpay     │ 💬 Если у вас другой вопрос:
[20.09.2026 01:24:23] INFO · universal.funpay     │ 👉 !ПРОДАВЕЦ
[20.09.2026 01:24:23] INFO · universal.funpay     │
[20.09.2026 01:24:23] INFO · universal.funpay     │ ©️ 𝗙𝘂𝗻𝗣𝗮𝘆 𝗨𝗻𝗶𝘃𝗲𝗿𝘀𝗮𝗹
[20.09.2026 01:24:23] INFO · universal.funpay     └──────────────────────────────────────────────────────────────────────
[20.09.2026 01:24:23] DEBUG · modules.apple_topup  🍎 Apple TopUp DEBUG: сообщение собственного аккаунта пропущено: author='Slavikbebryan'
[20.09.2026 01:24:26] DEBUG · urllib3.connectionpool https://funpay.com:443 "GET /users/10794022/ HTTP/1.1" 200 None
[20.09.2026 01:24:27] DEBUG · urllib3.connectionpool https://funpay.com:443 "POST /runner/ HTTP/1.1" 200 None
[20.09.2026 01:24:29] DEBUG · urllib3.connectionpool https://funpay.com:443 "GET /users/10794022/ HTTP/1.1" 200 None
[20.09.2026 01:24:31] DEBUG · urllib3.connectionpool https://funpay.com:443 "POST /runner/ HTTP/1.1" 200 None
[20.09.2026 01:24:33] DEBUG · urllib3.connectionpool https://funpay.com:443 "GET /users/10794022/ HTTP/1.1" 200 None
[20.09.2026 01:24:35] DEBUG · urllib3.connectionpool https://funpay.com:443 "POST /runner/ HTTP/1.1" 200 None
[20.09.2026 01:24:36] DEBUG · urllib3.connectionpool https://funpay.com:443 "GET /users/10794022/ HTTP/1.1" 200 None
[20.09.2026 01:24:39] DEBUG · urllib3.connectionpool https://funpay.com:443 "POST /runner/ HTTP/1.1" 200 None
[20.09.2026 01:24:39] DEBUG · urllib3.connectionpool https://funpay.com:443 "GET /users/10794022/ HTTP/1.1" 200 None
[20.09.2026 01:24:43] DEBUG · urllib3.connectionpool https://funpay.com:443 "GET /users/10794022/ HTTP/1.1" 200 None
[20.09.2026 01:24:43] DEBUG · urllib3.connectionpool https://funpay.com:443 "POST /runner/ HTTP/1.1" 200 None
[20.09.2026 01:24:46] DEBUG · urllib3.connectionpool https://funpay.com:443 "GET /users/10794022/ HTTP/1.1" 200 None
[20.09.2026 01:24:47] DEBUG · urllib3.connectionpool https://funpay.com:443 "POST /runner/ HTTP/1.1" 200 None
[20.09.2026 01:24:49] DEBUG · urllib3.connectionpool https://funpay.com:443 "GET /users/10794022/ HTTP/1.1" 200 None
[20.09.2026 01:24:51] DEBUG · urllib3.connectionpool https://funpay.com:443 "POST /runner/ HTTP/1.1" 200 None
[20.09.2026 01:24:53] DEBUG · urllib3.connectionpool https://funpay.com:443 "GET /users/10794022/ HTTP/1.1" 200 None
[20.09.2026 01:24:55] DEBUG · urllib3.connectionpool https://funpay.com:443 "POST /runner/ HTTP/1.1" 200 None
[20.09.2026 01:24:56] DEBUG · urllib3.connectionpool https://funpay.com:443 "GET /users/10794022/ HTTP/1.1" 200 None
[20.09.2026 01:24:59] DEBUG · urllib3.connectionpool https://funpay.com:443 "GET /users/10794022/ HTTP/1.1" 200 None
[20.09.2026 01:24:59] DEBUG · urllib3.connectionpool https://funpay.com:443 "POST /runner/ HTTP/1.1" 200 None
[20.09.2026 01:25:02] DEBUG · urllib3.connectionpool https://funpay.com:443 "GET /users/10794022/ HTTP/1.1" 200 None
[20.09.2026 01:25:03] DEBUG · urllib3.connectionpool https://funpay.com:443 "POST /runner/ HTTP/1.1" 200 None
[20.09.2026 01:25:06] DEBUG · urllib3.connectionpool https://funpay.com:443 "GET /users/10794022/ HTTP/1.1" 200 None
[20.09.2026 01:25:07] DEBUG · urllib3.connectionpool https://funpay.com:443 "POST /runner/ HTTP/1.1" 200 None
[20.09.2026 01:25:09] DEBUG · urllib3.connectionpool https://funpay.com:443 "GET /users/10794022/ HTTP/1.1" 200 None
[20.09.2026 01:25:11] DEBUG · urllib3.connectionpool https://funpay.com:443 "POST /runner/ HTTP/1.1" 200 None
[20.09.2026 01:25:12] DEBUG · urllib3.connectionpool https://funpay.com:443 "GET /users/10794022/ HTTP/1.1" 200 None
[20.09.2026 01:25:15] DEBUG · urllib3.connectionpool https://funpay.com:443 "GET /users/10794022/ HTTP/1.1" 200 None
[20.09.2026 01:25:15] DEBUG · urllib3.connectionpool https://funpay.com:443 "POST /runner/ HTTP/1.1" 200 None
[20.09.2026 01:25:19] DEBUG · urllib3.connectionpool https://funpay.com:443 "GET /users/10794022/ HTTP/1.1" 200 None
[20.09.2026 01:25:19] DEBUG · urllib3.connectionpool https://funpay.com:443 "POST /runner/ HTTP/1.1" 200 None
[20.09.2026 01:25:22] DEBUG · urllib3.connectionpool https://funpay.com:443 "GET /users/10794022/ HTTP/1.1" 200 None
[20.09.2026 01:25:23] DEBUG · urllib3.connectionpool https://funpay.com:443 "POST /runner/ HTTP/1.1" 200 None
[20.09.2026 01:25:25] DEBUG · urllib3.connectionpool https://funpay.com:443 "GET /users/10794022/ HTTP/1.1" 200 None
[20.09.2026 01:25:27] DEBUG · urllib3.connectionpool https://funpay.com:443 "POST /runner/ HTTP/1.1" 200 None
[20.09.2026 01:25:29] DEBUG · urllib3.connectionpool https://funpay.com:443 "GET /users/10794022/ HTTP/1.1" 200 None
[20.09.2026 01:25:31] DEBUG · urllib3.connectionpool https://funpay.com:443 "POST /runner/ HTTP/1.1" 200 None
[20.09.2026 01:25:32] DEBUG · urllib3.connectionpool https://funpay.com:443 "GET /users/10794022/ HTTP/1.1" 200 None
[20.09.2026 01:25:35] DEBUG · urllib3.connectionpool https://funpay.com:443 "POST /runner/ HTTP/1.1" 200 None
[20.09.2026 01:25:35] DEBUG · urllib3.connectionpool https://funpay.com:443 "GET /users/10794022/ HTTP/1.1" 200 None
[20.09.2026 01:25:39] DEBUG · urllib3.connectionpool https://funpay.com:443 "GET /users/10794022/ HTTP/1.1" 200 None
[20.09.2026 01:25:39] DEBUG · urllib3.connectionpool https://funpay.com:443 "POST /runner/ HTTP/1.1" 200 None
[20.09.2026 01:25:42] DEBUG · urllib3.connectionpool https://funpay.com:443 "GET /users/10794022/ HTTP/1.1" 200 None
[20.09.2026 01:25:43] DEBUG · urllib3.connectionpool https://funpay.com:443 "POST /runner/ HTTP/1.1" 200 None
[20.09.2026 01:25:45] DEBUG · urllib3.connectionpool https://funpay.com:443 "GET /users/10794022/ HTTP/1.1" 200 None
[20.09.2026 01:25:47] DEBUG · urllib3.connectionpool https://funpay.com:443 "POST /runner/ HTTP/1.1" 200 None
[20.09.2026 01:25:49] DEBUG · urllib3.connectionpool https://funpay.com:443 "GET /users/10794022/ HTTP/1.1" 200 None
[20.09.2026 01:25:51] DEBUG · urllib3.connectionpool https://funpay.com:443 "POST /runner/ HTTP/1.1" 200 None
[20.09.2026 01:25:52] DEBUG · urllib3.connectionpool https://funpay.com:443 "GET /users/10794022/ HTTP/1.1" 200 None
[20.09.2026 01:25:55] DEBUG · urllib3.connectionpool https://funpay.com:443 "POST /runner/ HTTP/1.1" 200 None
[20.09.2026 01:25:55] DEBUG · urllib3.connectionpool https://funpay.com:443 "GET /users/10794022/ HTTP/1.1" 200 None
[20.09.2026 01:25:59] DEBUG · urllib3.connectionpool https://funpay.com:443 "GET /users/10794022/ HTTP/1.1" 200 None
[20.09.2026 01:25:59] DEBUG · urllib3.connectionpool https://funpay.com:443 "POST /runner/ HTTP/1.1" 200 None
[20.09.2026 01:26:02] DEBUG · urllib3.connectionpool https://funpay.com:443 "GET /users/10794022/ HTTP/1.1" 200 None
[20.09.2026 01:26:03] DEBUG · urllib3.connectionpool https://funpay.com:443 "POST /runner/ HTTP/1.1" 200 None
[20.09.2026 01:26:05] DEBUG · urllib3.connectionpool https://funpay.com:443 "GET /users/10794022/ HTTP/1.1" 200 None
[20.09.2026 01:26:07] DEBUG · urllib3.connectionpool https://funpay.com:443 "POST /runner/ HTTP/1.1" 200 None
[20.09.2026 01:26:08] DEBUG · urllib3.connectionpool https://funpay.com:443 "GET /users/10794022/ HTTP/1.1" 200 None
[20.09.2026 01:26:11] DEBUG · urllib3.connectionpool https://funpay.com:443 "POST /runner/ HTTP/1.1" 200 None
[20.09.2026 01:26:12] DEBUG · urllib3.connectionpool https://funpay.com:443 "GET /users/10794022/ HTTP/1.1" 200 None
[20.09.2026 01:26:15] DEBUG · urllib3.connectionpool https://funpay.com:443 "GET /users/10794022/ HTTP/1.1" 200 None
[20.09.2026 01:26:15] DEBUG · urllib3.connectionpool https://funpay.com:443 "POST /runner/ HTTP/1.1" 200 None
[20.09.2026 01:26:18] DEBUG · urllib3.connectionpool https://funpay.com:443 "GET /users/10794022/ HTTP/1.1" 200 None
[20.09.2026 01:26:19] DEBUG · urllib3.connectionpool https://funpay.com:443 "POST /runner/ HTTP/1.1" 200 None
[20.09.2026 01:26:22] DEBUG · urllib3.connectionpool https://funpay.com:443 "GET /users/10794022/ HTTP/1.1" 200 None
[20.09.2026 01:26:23] DEBUG · urllib3.connectionpool https://funpay.com:443 "POST /runner/ HTTP/1.1" 200 None
[20.09.2026 01:26:25] DEBUG · urllib3.connectionpool https://funpay.com:443 "GET /users/10794022/ HTTP/1.1" 200 None
[20.09.2026 01:26:27] DEBUG · urllib3.connectionpool https://funpay.com:443 "POST /runner/ HTTP/1.1" 200 None
[20.09.2026 01:26:28] DEBUG · urllib3.connectionpool https://funpay.com:443 "GET /users/10794022/ HTTP/1.1" 200 None
[20.09.2026 01:26:31] DEBUG · urllib3.connectionpool https://funpay.com:443 "POST /runner/ HTTP/1.1" 200 None
[20.09.2026 01:26:32] DEBUG · urllib3.connectionpool https://funpay.com:443 "GET /users/10794022/ HTTP/1.1" 200 None
[20.09.2026 01:26:35] DEBUG · urllib3.connectionpool https://funpay.com:443 "GET /users/10794022/ HTTP/1.1" 200 None
[20.09.2026 01:26:35] DEBUG · urllib3.connectionpool https://funpay.com:443 "POST /runner/ HTTP/1.1" 200 None
[20.09.2026 01:26:38] DEBUG · urllib3.connectionpool https://funpay.com:443 "GET /users/10794022/ HTTP/1.1" 200 None
[20.09.2026 01:26:39] DEBUG · urllib3.connectionpool https://funpay.com:443 "POST /runner/ HTTP/1.1" 200 None
[20.09.2026 01:26:42] DEBUG · urllib3.connectionpool https://funpay.com:443 "GET /users/10794022/ HTTP/1.1" 200 None
[20.09.2026 01:26:43] DEBUG · urllib3.connectionpool https://funpay.com:443 "POST /runner/ HTTP/1.1" 200 None
[20.09.2026 01:26:45] DEBUG · urllib3.connectionpool https://funpay.com:443 "GET /users/10794022/ HTTP/1.1" 200 None
[20.09.2026 01:26:47] DEBUG · urllib3.connectionpool https://funpay.com:443 "POST /runner/ HTTP/1.1" 200 None
[20.09.2026 01:26:48] DEBUG · urllib3.connectionpool https://funpay.com:443 "GET /users/10794022/ HTTP/1.1" 200 None
[20.09.2026 01:26:51] DEBUG · urllib3.connectionpool https://funpay.com:443 "POST /runner/ HTTP/1.1" 200 None
[20.09.2026 01:26:51] DEBUG · urllib3.connectionpool https://funpay.com:443 "GET /users/10794022/ HTTP/1.1" 200 None
[20.09.2026 01:26:55] DEBUG · urllib3.connectionpool https://funpay.com:443 "GET /users/10794022/ HTTP/1.1" 200 None
[20.09.2026 01:26:55] DEBUG · urllib3.connectionpool https://funpay.com:443 "POST /runner/ HTTP/1.1" 200 None
[20.09.2026 01:26:56] DEBUG · urllib3.connectionpool Starting new HTTPS connection (1): api.github.com:443
[20.09.2026 01:26:57] DEBUG · urllib3.connectionpool https://api.github.com:443 "GET /repos/alleexxeeyy/funpay-universal/releases HTTP/1.1" 200 None
[20.09.2026 01:26:58] DEBUG · urllib3.connectionpool https://funpay.com:443 "GET /users/10794022/ HTTP/1.1" 200 None
[20.09.2026 01:26:59] DEBUG · urllib3.connectionpool https://funpay.com:443 "POST /runner/ HTTP/1.1" 200 None
[20.09.2026 01:27:02] DEBUG · urllib3.connectionpool https://funpay.com:443 "GET /users/10794022/ HTTP/1.1" 200 None
[20.09.2026 01:27:03] DEBUG · urllib3.connectionpool https://funpay.com:443 "POST /runner/ HTTP/1.1" 200 None
[20.09.2026 01:27:05] DEBUG · urllib3.connectionpool https://funpay.com:443 "GET /users/10794022/ HTTP/1.1" 200 None
[20.09.2026 01:27:07] DEBUG · urllib3.connectionpool https://funpay.com:443 "POST /runner/ HTTP/1.1" 200 None
[20.09.2026 01:27:08] DEBUG · urllib3.connectionpool https://funpay.com:443 "GET /users/10794022/ HTTP/1.1" 200 None
[20.09.2026 01:27:11] DEBUG · urllib3.connectionpool https://funpay.com:443 "POST /runner/ HTTP/1.1" 200 None
[20.09.2026 01:27:12] DEBUG · urllib3.connectionpool https://funpay.com:443 "GET /users/10794022/ HTTP/1.1" 200 None
[20.09.2026 01:27:15] DEBUG · urllib3.connectionpool https://funpay.com:443 "GET /users/10794022/ HTTP/1.1" 200 None
[20.09.2026 01:27:15] DEBUG · urllib3.connectionpool https://funpay.com:443 "POST /runner/ HTTP/1.1" 200 None
[20.09.2026 01:27:18] DEBUG · urllib3.connectionpool https://funpay.com:443 "GET /users/10794022/ HTTP/1.1" 200 None
[20.09.2026 01:27:19] DEBUG · urllib3.connectionpool https://funpay.com:443 "POST /runner/ HTTP/1.1" 200 None
[20.09.2026 01:27:21] DEBUG · urllib3.connectionpool https://funpay.com:443 "GET /users/10794022/ HTTP/1.1" 200 None
[20.09.2026 01:27:23] DEBUG · urllib3.connectionpool https://funpay.com:443 "POST /runner/ HTTP/1.1" 200 None
[20.09.2026 01:27:25] DEBUG · urllib3.connectionpool https://funpay.com:443 "GET /users/10794022/ HTTP/1.1" 200 None
[20.09.2026 01:27:27] DEBUG · urllib3.connectionpool https://funpay.com:443 "POST /runner/ HTTP/1.1" 200 None
[20.09.2026 01:27:28] DEBUG · urllib3.connectionpool https://funpay.com:443 "GET /users/10794022/ HTTP/1.1" 200 None
[20.09.2026 01:27:31] DEBUG · urllib3.connectionpool https://funpay.com:443 "POST /runner/ HTTP/1.1" 200 None
[20.09.2026 01:27:31] DEBUG · urllib3.connectionpool https://funpay.com:443 "GET /users/10794022/ HTTP/1.1" 200 None
[20.09.2026 01:27:35] DEBUG · urllib3.connectionpool https://funpay.com:443 "GET /users/10794022/ HTTP/1.1" 200 None
[20.09.2026 01:27:35] DEBUG · urllib3.connectionpool https://funpay.com:443 "POST /runner/ HTTP/1.1" 200 None
[20.09.2026 01:27:38] DEBUG · urllib3.connectionpool https://funpay.com:443 "GET /users/10794022/ HTTP/1.1" 200 None
[20.09.2026 01:27:39] DEBUG · urllib3.connectionpool https://funpay.com:443 "POST /runner/ HTTP/1.1" 200 None
[20.09.2026 01:27:41] DEBUG · urllib3.connectionpool https://funpay.com:443 "GET /users/10794022/ HTTP/1.1" 200 None
[20.09.2026 01:27:43] DEBUG · urllib3.connectionpool https://funpay.com:443 "POST /runner/ HTTP/1.1" 200 None
[20.09.2026 01:27:45] DEBUG · urllib3.connectionpool https://funpay.com:443 "GET /users/10794022/ HTTP/1.1" 200 None
[20.09.2026 01:27:47] DEBUG · urllib3.connectionpool https://funpay.com:443 "POST /runner/ HTTP/1.1" 200 None
[20.09.2026 01:27:49] DEBUG · urllib3.connectionpool https://funpay.com:443 "GET /users/10794022/ HTTP/1.1" 200 None
[20.09.2026 01:27:51] DEBUG · urllib3.connectionpool https://funpay.com:443 "POST /runner/ HTTP/1.1" 200 None
[20.09.2026 01:27:52] DEBUG · urllib3.connectionpool https://funpay.com:443 "GET /users/10794022/ HTTP/1.1" 200 None
[20.09.2026 01:27:55] DEBUG · urllib3.connectionpool https://funpay.com:443 "POST /runner/ HTTP/1.1" 200 None
[20.09.2026 01:27:56] DEBUG · urllib3.connectionpool https://funpay.com:443 "GET /users/10794022/ HTTP/1.1" 200 None
[20.09.2026 01:27:59] DEBUG · urllib3.connectionpool https://funpay.com:443 "POST /runner/ HTTP/1.1" 200 None
[20.09.2026 01:27:59] DEBUG · urllib3.connectionpool https://funpay.com:443 "GET /users/10794022/ HTTP/1.1" 200 None
[20.09.2026 01:28:03] DEBUG · urllib3.connectionpool https://funpay.com:443 "GET /users/10794022/ HTTP/1.1" 200 None
[20.09.2026 01:28:03] DEBUG · urllib3.connectionpool https://funpay.com:443 "POST /runner/ HTTP/1.1" 200 None
[20.09.2026 01:28:06] DEBUG · urllib3.connectionpool https://funpay.com:443 "GET /users/10794022/ HTTP/1.1" 200 None
[20.09.2026 01:28:07] DEBUG · urllib3.connectionpool https://funpay.com:443 "POST /runner/ HTTP/1.1" 200 None
[20.09.2026 01:28:10] DEBUG · urllib3.connectionpool https://funpay.com:443 "GET /users/10794022/ HTTP/1.1" 200 None
[20.09.2026 01:28:11] DEBUG · urllib3.connectionpool https://funpay.com:443 "POST /runner/ HTTP/1.1" 200 None
[20.09.2026 01:28:13] DEBUG · urllib3.connectionpool https://funpay.com:443 "GET /users/10794022/ HTTP/1.1" 200 None
[20.09.2026 01:28:15] DEBUG · urllib3.connectionpool https://funpay.com:443 "POST /runner/ HTTP/1.1" 200 None
[20.09.2026 01:28:16] DEBUG · urllib3.connectionpool https://funpay.com:443 "GET /users/10794022/ HTTP/1.1" 200 None
[20.09.2026 01:28:19] DEBUG · urllib3.connectionpool https://funpay.com:443 "POST /runner/ HTTP/1.1" 200 None
[20.09.2026 01:28:20] DEBUG · urllib3.connectionpool https://funpay.com:443 "GET /users/10794022/ HTTP/1.1" 200 None
[20.09.2026 01:28:23] DEBUG · urllib3.connectionpool https://funpay.com:443 "GET /users/10794022/ HTTP/1.1" 200 None
[20.09.2026 01:28:23] DEBUG · urllib3.connectionpool https://funpay.com:443 "POST /runner/ HTTP/1.1" 200 None
[20.09.2026 01:28:26] DEBUG · urllib3.connectionpool https://funpay.com:443 "GET /users/10794022/ HTTP/1.1" 200 None
[20.09.2026 01:28:27] DEBUG · urllib3.connectionpool https://funpay.com:443 "POST /runner/ HTTP/1.1" 200 None
[20.09.2026 01:28:30] DEBUG · urllib3.connectionpool https://funpay.com:443 "GET /users/10794022/ HTTP/1.1" 200 None
[20.09.2026 01:28:31] DEBUG · urllib3.connectionpool https://funpay.com:443 "POST /runner/ HTTP/1.1" 200 None
[20.09.2026 01:28:33] DEBUG · urllib3.connectionpool https://funpay.com:443 "GET /users/10794022/ HTTP/1.1" 200 None
[20.09.2026 01:28:35] DEBUG · urllib3.connectionpool https://funpay.com:443 "POST /runner/ HTTP/1.1" 200 None
[20.09.2026 01:28:37] DEBUG · urllib3.connectionpool https://funpay.com:443 "GET /users/10794022/ HTTP/1.1" 200 None
[20.09.2026 01:28:39] DEBUG · urllib3.connectionpool https://funpay.com:443 "POST /runner/ HTTP/1.1" 200 None
[20.09.2026 01:28:40] DEBUG · urllib3.connectionpool https://funpay.com:443 "GET /users/10794022/ HTTP/1.1" 200 None
[20.09.2026 01:28:43] DEBUG · urllib3.connectionpool https://funpay.com:443 "POST /runner/ HTTP/1.1" 200 None
[20.09.2026 01:28:43] DEBUG · urllib3.connectionpool https://funpay.com:443 "GET /users/10794022/ HTTP/1.1" 200 None
[20.09.2026 01:28:47] DEBUG · urllib3.connectionpool https://funpay.com:443 "GET /users/10794022/ HTTP/1.1" 200 None
[20.09.2026 01:28:47] DEBUG · urllib3.connectionpool https://funpay.com:443 "POST /runner/ HTTP/1.1" 200 None
[20.09.2026 01:28:50] DEBUG · urllib3.connectionpool https://funpay.com:443 "GET /users/10794022/ HTTP/1.1" 200 None
[20.09.2026 01:28:51] DEBUG · urllib3.connectionpool https://funpay.com:443 "POST /runner/ HTTP/1.1" 200 None
[20.09.2026 01:28:53] DEBUG · urllib3.connectionpool https://funpay.com:443 "GET /users/10794022/ HTTP/1.1" 200 None
[20.09.2026 01:28:55] DEBUG · urllib3.connectionpool https://funpay.com:443 "POST /runner/ HTTP/1.1" 200 None
[20.09.2026 01:28:57] DEBUG · urllib3.connectionpool https://funpay.com:443 "GET /users/10794022/ HTTP/1.1" 200 None
[20.09.2026 01:28:59] DEBUG · urllib3.connectionpool https://funpay.com:443 "POST /runner/ HTTP/1.1" 200 None
[20.09.2026 01:29:00] DEBUG · urllib3.connectionpool https://funpay.com:443 "GET /users/10794022/ HTTP/1.1" 200 None
[20.09.2026 01:29:03] DEBUG · urllib3.connectionpool https://funpay.com:443 "POST /runner/ HTTP/1.1" 200 None
[20.09.2026 01:29:03] DEBUG · urllib3.connectionpool https://funpay.com:443 "GET /users/10794022/ HTTP/1.1" 200 None
[20.09.2026 01:29:07] DEBUG · urllib3.connectionpool https://funpay.com:443 "GET /users/10794022/ HTTP/1.1" 200 None
[20.09.2026 01:29:07] DEBUG · urllib3.connectionpool https://funpay.com:443 "POST /runner/ HTTP/1.1" 200 None
[20.09.2026 01:29:10] DEBUG · urllib3.connectionpool https://funpay.com:443 "GET /users/10794022/ HTTP/1.1" 200 None
[20.09.2026 01:29:11] DEBUG · urllib3.connectionpool https://funpay.com:443 "POST /runner/ HTTP/1.1" 200 None
[20.09.2026 01:29:13] DEBUG · urllib3.connectionpool https://funpay.com:443 "GET /users/10794022/ HTTP/1.1" 200 None
[20.09.2026 01:29:15] DEBUG · urllib3.connectionpool https://funpay.com:443 "POST /runner/ HTTP/1.1" 200 None
[20.09.2026 01:29:17] DEBUG · urllib3.connectionpool https://funpay.com:443 "GET /users/10794022/ HTTP/1.1" 200 None
[20.09.2026 01:29:19] DEBUG · urllib3.connectionpool https://funpay.com:443 "POST /runner/ HTTP/1.1" 200 None
[20.09.2026 01:29:21] DEBUG · urllib3.connectionpool https://funpay.com:443 "GET /users/10794022/ HTTP/1.1" 200 None
[20.09.2026 01:29:23] DEBUG · urllib3.connectionpool https://funpay.com:443 "POST /runner/ HTTP/1.1" 200 None
[20.09.2026 01:29:24] DEBUG · urllib3.connectionpool https://funpay.com:443 "GET /users/10794022/ HTTP/1.1" 200 None
[20.09.2026 01:29:27] DEBUG · urllib3.connectionpool https://funpay.com:443 "POST /runner/ HTTP/1.1" 200 None
[20.09.2026 01:29:28] DEBUG · urllib3.connectionpool https://funpay.com:443 "GET /users/10794022/ HTTP/1.1" 200 None
[20.09.2026 01:29:31] DEBUG · urllib3.connectionpool https://funpay.com:443 "GET /users/10794022/ HTTP/1.1" 200 None
[20.09.2026 01:29:31] DEBUG · urllib3.connectionpool https://funpay.com:443 "POST /runner/ HTTP/1.1" 200 None
[20.09.2026 01:29:35] DEBUG · urllib3.connectionpool https://funpay.com:443 "GET /users/10794022/ HTTP/1.1" 200 None
[20.09.2026 01:29:35] DEBUG · urllib3.connectionpool https://funpay.com:443 "POST /runner/ HTTP/1.1" 200 None
[20.09.2026 01:29:38] DEBUG · urllib3.connectionpool https://funpay.com:443 "GET /users/10794022/ HTTP/1.1" 200 None
[20.09.2026 01:29:39] DEBUG · urllib3.connectionpool https://funpay.com:443 "POST /runner/ HTTP/1.1" 200 None
[20.09.2026 01:29:41] DEBUG · urllib3.connectionpool https://funpay.com:443 "GET /users/10794022/ HTTP/1.1" 200 None
[20.09.2026 01:29:43] DEBUG · urllib3.connectionpool https://funpay.com:443 "POST /runner/ HTTP/1.1" 200 None
[20.09.2026 01:29:45] DEBUG · urllib3.connectionpool https://funpay.com:443 "GET /users/10794022/ HTTP/1.1" 200 None
[20.09.2026 01:29:47] DEBUG · urllib3.connectionpool https://funpay.com:443 "POST /runner/ HTTP/1.1" 200 None
[20.09.2026 01:29:48] DEBUG · urllib3.connectionpool https://funpay.com:443 "GET /users/10794022/ HTTP/1.1" 200 None
[20.09.2026 01:29:51] DEBUG · urllib3.connectionpool https://funpay.com:443 "POST /runner/ HTTP/1.1" 200 None
[20.09.2026 01:29:51] DEBUG · urllib3.connectionpool https://funpay.com:443 "GET /users/10794022/ HTTP/1.1" 200 None
[20.09.2026 01:29:55] DEBUG · urllib3.connectionpool https://funpay.com:443 "GET /users/10794022/ HTTP/1.1" 200 None
[20.09.2026 01:29:55] DEBUG · urllib3.connectionpool https://funpay.com:443 "POST /runner/ HTTP/1.1" 200 None
[20.09.2026 01:29:57] DEBUG · urllib3.connectionpool Starting new HTTPS connection (1): api.github.com:443
[20.09.2026 01:29:57] DEBUG · urllib3.connectionpool https://api.github.com:443 "GET /repos/alleexxeeyy/funpay-universal/releases HTTP/1.1" 200 None
[20.09.2026 01:29:58] DEBUG · urllib3.connectionpool https://funpay.com:443 "GET /users/10794022/ HTTP/1.1" 200 None
[20.09.2026 01:29:59] DEBUG · urllib3.connectionpool https://funpay.com:443 "POST /runner/ HTTP/1.1" 200 None
[20.09.2026 01:30:01] DEBUG · urllib3.connectionpool https://funpay.com:443 "GET /users/10794022/ HTTP/1.1" 200 None
[20.09.2026 01:30:16] DEBUG · urllib3.connectionpool Starting new HTTPS connection (1): api.github.com:443
[20.09.2026 01:30:16] DEBUG · urllib3.connectionpool https://api.github.com:443 "GET /repos/alleexxeeyy/funpay-universal/releases HTTP/1.1" 200 5955
[20.09.2026 01:30:16] INFO · universal.updater    У вас установлена последняя версия: 1.18.2
[20.09.2026 01:30:16] INFO · universal            
[20.09.2026 01:30:16] DEBUG · urllib3.connectionpool Starting new HTTPS connection (1): funpay.com:443
[20.09.2026 01:30:17] DEBUG · urllib3.connectionpool https://funpay.com:443 "GET / HTTP/1.1" 200 None
[20.09.2026 01:30:18] INFO · universal            FunPay аккаунт успешно авторизован.
[20.09.2026 01:30:18] DEBUG · urllib3.connectionpool Starting new HTTPS connection (1): funpay.com:443
[20.09.2026 01:30:18] DEBUG · urllib3.connectionpool https://funpay.com:443 "GET / HTTP/1.1" 200 None
[20.09.2026 01:30:19] DEBUG · urllib3.connectionpool https://funpay.com:443 "GET /users/10794022/ HTTP/1.1" 200 None
[20.09.2026 01:30:19] DEBUG · urllib3.connectionpool Starting new HTTPS connection (1): api.telegram.org:443
[20.09.2026 01:30:19] DEBUG · urllib3.connectionpool https://api.telegram.org:443 "GET /bot8756373718:AAF7UShfdcPoSa4xL_OhGoEeELgqwJzepak/getMe HTTP/1.1" 200 416
[20.09.2026 01:30:19] INFO · universal            Telegram бот успешно работает.
[20.09.2026 01:30:19] INFO · universal            
[20.09.2026 01:30:20] DEBUG · asyncio              Using proactor: IocpProactor
[20.09.2026 01:30:20] INFO · universal.modules    Подключен 1 модуль: Apple TopUp 1.0.0
[20.09.2026 01:30:20] DEBUG · asyncio              Using proactor: IocpProactor
[20.09.2026 01:30:20] DEBUG · urllib3.connectionpool Starting new HTTPS connection (1): funpay.com:443
[20.09.2026 01:30:20] DEBUG · urllib3.connectionpool https://funpay.com:443 "GET / HTTP/1.1" 200 None
[20.09.2026 01:30:21] INFO · universal.telegram   
[20.09.2026 01:30:21] INFO · universal.telegram   Telegram бот @panel_funpay_bot запущен и активен
[20.09.2026 01:30:21] INFO · universal.funpay     
[20.09.2026 01:30:21] INFO · universal.funpay     FunPay бот запущен и активен
[20.09.2026 01:30:21] INFO · universal.funpay     
[20.09.2026 01:30:21] INFO · universal.funpay     ───────────────────────────────────────
[20.09.2026 01:30:21] INFO · universal.funpay     Информация об аккаунте:
[20.09.2026 01:30:21] INFO · universal.funpay      · ID: 10794022
[20.09.2026 01:30:21] INFO · universal.funpay      · Никнейм: Slavikbebryan
[20.09.2026 01:30:21] INFO · universal.funpay      · Баланс: 10713 RUB
[20.09.2026 01:30:21] INFO · universal.funpay      · Активные продажи: 3
[20.09.2026 01:30:21] INFO · universal.funpay      · Активные покупки: 0
[20.09.2026 01:30:21] INFO · universal.funpay     ───────────────────────────────────────
[20.09.2026 01:30:21] DEBUG · asyncio              Using proactor: IocpProactor
[20.09.2026 01:30:21] DEBUG · urllib3.connectionpool Starting new HTTPS connection (2): funpay.com:443
[20.09.2026 01:30:21] DEBUG · urllib3.connectionpool Starting new HTTPS connection (3): funpay.com:443
[20.09.2026 01:30:21] DEBUG · urllib3.connectionpool Starting new HTTPS connection (4): funpay.com:443
[20.09.2026 01:30:21] DEBUG · urllib3.connectionpool https://funpay.com:443 "GET / HTTP/1.1" 200 None
[20.09.2026 01:30:22] DEBUG · urllib3.connectionpool https://funpay.com:443 "GET /users/10794022/ HTTP/1.1" 200 None
[20.09.2026 01:30:22] DEBUG · urllib3.connectionpool https://funpay.com:443 "GET /users/10794022/ HTTP/1.1" 200 None
[20.09.2026 01:30:22] DEBUG · urllib3.connectionpool https://funpay.com:443 "POST /runner/ HTTP/1.1" 200 None
[20.09.2026 01:30:22] INFO · modules.apple_topup  🍎 Apple TopUp: незавершённых заказов для восстановления нет
[20.09.2026 01:30:22] DEBUG · asyncio              Using proactor: IocpProactor
[20.09.2026 01:30:22] DEBUG · urllib3.connectionpool https://funpay.com:443 "GET /orders/trade HTTP/1.1" 200 None
[20.09.2026 01:30:25] DEBUG · urllib3.connectionpool https://funpay.com:443 "GET /users/10794022/ HTTP/1.1" 200 None
[20.09.2026 01:30:25] DEBUG · urllib3.connectionpool https://funpay.com:443 "POST /runner/ HTTP/1.1" 200 None
[20.09.2026 01:30:28] DEBUG · urllib3.connectionpool https://funpay.com:443 "GET /users/10794022/ HTTP/1.1" 200 None
[20.09.2026 01:30:29] DEBUG · urllib3.connectionpool https://funpay.com:443 "POST /runner/ HTTP/1.1" 200 None
[20.09.2026 01:30:30] DEBUG · urllib3.connectionpool https://funpay.com:443 "POST /runner/ HTTP/1.1" 200 None
[20.09.2026 01:30:30] INFO · universal.funpay     Новое сообщение в чате с barabanjj22:
[20.09.2026 01:30:30] INFO · universal.funpay     │ barabanjj22:
[20.09.2026 01:30:30] INFO · universal.funpay     │ дарова
[20.09.2026 01:30:30] INFO · universal.funpay     └────────────────────────────────────
[20.09.2026 01:30:30] DEBUG · urllib3.connectionpool https://funpay.com:443 "POST /runner/ HTTP/1.1" 200 None
[20.09.2026 01:30:31] DEBUG · urllib3.connectionpool https://funpay.com:443 "GET /users/10794022/ HTTP/1.1" 200 None
[20.09.2026 01:30:33] DEBUG · urllib3.connectionpool https://funpay.com:443 "POST /runner/ HTTP/1.1" 200 None
[20.09.2026 01:30:33] INFO · universal.funpay     Новое сообщение в чате с barabanjj22:
[20.09.2026 01:30:33] INFO · universal.funpay     │ Slavikbebryan:
[20.09.2026 01:30:33] INFO · universal.funpay     │ 👋 Добро пожаловать, barabanjj22, в SlavikStore⚡️
[20.09.2026 01:30:33] INFO · universal.funpay     │
[20.09.2026 01:30:33] INFO · universal.funpay     │ Если вы готовы приобрести подписку и хотите увидеть актуальные цены:
[20.09.2026 01:30:33] INFO · universal.funpay     │ 👉 !ПРАЙС
[20.09.2026 01:30:33] INFO · universal.funpay     │
[20.09.2026 01:30:33] INFO · universal.funpay     │ 📖 Если у вас есть вопросы по оформлению подписки:
[20.09.2026 01:30:33] INFO · universal.funpay     │ 👉 !ИНСТРУКЦИЯ
[20.09.2026 01:30:33] INFO · universal.funpay     │
[20.09.2026 01:30:33] INFO · universal.funpay     │ 💬 Если у вас другой вопрос:
[20.09.2026 01:30:33] INFO · universal.funpay     │ 👉 !ПРОДАВЕЦ
[20.09.2026 01:30:33] INFO · universal.funpay     │
[20.09.2026 01:30:33] INFO · universal.funpay     │ ©️ 𝗙𝘂𝗻𝗣𝗮𝘆 𝗨𝗻𝗶𝘃𝗲𝗿𝘀𝗮𝗹
[20.09.2026 01:30:33] INFO · universal.funpay     └──────────────────────────────────────────────────────────────────────
[20.09.2026 01:30:33] DEBUG · modules.apple_topup  🍎 Apple TopUp DEBUG: сообщение собственного аккаунта пропущено: author='Slavikbebryan'
[20.09.2026 01:30:35] DEBUG · urllib3.connectionpool https://funpay.com:443 "GET /users/10794022/ HTTP/1.1" 200 None
[20.09.2026 01:30:37] DEBUG · urllib3.connectionpool https://funpay.com:443 "POST /runner/ HTTP/1.1" 200 None
[20.09.2026 01:30:38] DEBUG · urllib3.connectionpool https://funpay.com:443 "GET /users/10794022/ HTTP/1.1" 200 None
[20.09.2026 01:30:41] DEBUG · urllib3.connectionpool https://funpay.com:443 "GET /users/10794022/ HTTP/1.1" 200 None
[20.09.2026 01:30:41] DEBUG · urllib3.connectionpool https://funpay.com:443 "POST /runner/ HTTP/1.1" 200 None
[20.09.2026 01:30:41] DEBUG · urllib3.connectionpool https://funpay.com:443 "POST /runner/ HTTP/1.1" 200 None
[20.09.2026 01:30:41] INFO · universal.funpay     Новое сообщение в чате с barabanjj22:
[20.09.2026 01:30:41] INFO · universal.funpay     │ barabanjj22:
[20.09.2026 01:30:41] INFO · universal.funpay     │ !инструкция
[20.09.2026 01:30:41] INFO · universal.funpay     └────────────────────────────────────
[20.09.2026 01:30:42] DEBUG · urllib3.connectionpool https://funpay.com:443 "POST /runner/ HTTP/1.1" 200 None
[20.09.2026 01:30:44] DEBUG · urllib3.connectionpool https://funpay.com:443 "GET /users/10794022/ HTTP/1.1" 200 None
[20.09.2026 01:30:45] DEBUG · urllib3.connectionpool https://funpay.com:443 "POST /runner/ HTTP/1.1" 200 None
[20.09.2026 01:30:45] INFO · universal.funpay     Новое сообщение в чате с barabanjj22:
[20.09.2026 01:30:45] INFO · universal.funpay     │ Slavikbebryan:
[20.09.2026 01:30:45] INFO · universal.funpay     │ 👋 Добро пожаловать, barabanjj22, в SlavikStore⚡️
[20.09.2026 01:30:45] INFO · universal.funpay     │
[20.09.2026 01:30:45] INFO · universal.funpay     │ Если вы готовы приобрести подписку и хотите увидеть актуальные цены:
[20.09.2026 01:30:45] INFO · universal.funpay     │ 👉 !ПРАЙС
[20.09.2026 01:30:45] INFO · universal.funpay     │
[20.09.2026 01:30:45] INFO · universal.funpay     │ 📖 Если у вас есть вопросы по оформлению подписки:
[20.09.2026 01:30:45] INFO · universal.funpay     │ 👉 !ИНСТРУКЦИЯ
[20.09.2026 01:30:45] INFO · universal.funpay     │
[20.09.2026 01:30:45] INFO · universal.funpay     │ 💬 Если у вас другой вопрос:
[20.09.2026 01:30:45] INFO · universal.funpay     │ 👉 !ПРОДАВЕЦ
[20.09.2026 01:30:45] INFO · universal.funpay     │
[20.09.2026 01:30:45] INFO · universal.funpay     │ ©️ 𝗙𝘂𝗻𝗣𝗮𝘆 𝗨𝗻𝗶𝘃𝗲𝗿𝘀𝗮𝗹
[20.09.2026 01:30:45] INFO · universal.funpay     └──────────────────────────────────────────────────────────────────────
[20.09.2026 01:30:45] DEBUG · modules.apple_topup  🍎 Apple TopUp DEBUG: сообщение собственного аккаунта пропущено: author='Slavikbebryan'
[20.09.2026 01:30:48] DEBUG · urllib3.connectionpool https://funpay.com:443 "GET /users/10794022/ HTTP/1.1" 200 None
[20.09.2026 01:30:49] DEBUG · urllib3.connectionpool https://funpay.com:443 "POST /runner/ HTTP/1.1" 200 None
[20.09.2026 01:30:51] DEBUG · urllib3.connectionpool https://funpay.com:443 "GET /users/10794022/ HTTP/1.1" 200 None
[20.09.2026 01:30:53] DEBUG · urllib3.connectionpool https://funpay.com:443 "POST /runner/ HTTP/1.1" 200 None
[20.09.2026 01:30:54] DEBUG · urllib3.connectionpool https://funpay.com:443 "GET /users/10794022/ HTTP/1.1" 200 None
[20.09.2026 01:30:57] DEBUG · urllib3.connectionpool https://funpay.com:443 "POST /runner/ HTTP/1.1" 200 None
[20.09.2026 01:30:57] DEBUG · urllib3.connectionpool https://funpay.com:443 "GET /users/10794022/ HTTP/1.1" 200 None
[20.09.2026 01:31:01] DEBUG · urllib3.connectionpool https://funpay.com:443 "GET /users/10794022/ HTTP/1.1" 200 None
[20.09.2026 01:31:01] DEBUG · urllib3.connectionpool https://funpay.com:443 "POST /runner/ HTTP/1.1" 200 None
[20.09.2026 01:31:02] DEBUG · urllib3.connectionpool https://funpay.com:443 "POST /runner/ HTTP/1.1" 200 None
[20.09.2026 01:31:02] INFO · universal.funpay     Новое сообщение в чате с barabanjj22:
[20.09.2026 01:31:02] INFO · universal.funpay     │ barabanjj22:
[20.09.2026 01:31:02] INFO · universal.funpay     │ !ИНСТРУКЦИЯ
[20.09.2026 01:31:02] INFO · universal.funpay     └────────────────────────────────────
[20.09.2026 01:31:02] DEBUG · urllib3.connectionpool https://funpay.com:443 "POST /runner/ HTTP/1.1" 200 None
[20.09.2026 01:31:04] DEBUG · urllib3.connectionpool https://funpay.com:443 "GET /users/10794022/ HTTP/1.1" 200 None
[20.09.2026 01:31:06] DEBUG · urllib3.connectionpool https://funpay.com:443 "POST /runner/ HTTP/1.1" 200 None
[20.09.2026 01:31:06] INFO · universal.funpay     Новое сообщение в чате с barabanjj22:
[20.09.2026 01:31:06] INFO · universal.funpay     │ Slavikbebryan:
[20.09.2026 01:31:06] INFO · universal.funpay     │ 👋 Добро пожаловать, barabanjj22, в SlavikStore⚡️
[20.09.2026 01:31:06] INFO · universal.funpay     │
[20.09.2026 01:31:06] INFO · universal.funpay     │ Если вы готовы приобрести подписку и хотите увидеть актуальные цены:
[20.09.2026 01:31:06] INFO · universal.funpay     │ 👉 !ПРАЙС
[20.09.2026 01:31:06] INFO · universal.funpay     │
[20.09.2026 01:31:06] INFO · universal.funpay     │ 📖 Если у вас есть вопросы по оформлению подписки:
[20.09.2026 01:31:06] INFO · universal.funpay     │ 👉 !ИНСТРУКЦИЯ
[20.09.2026 01:31:06] INFO · universal.funpay     │
[20.09.2026 01:31:06] INFO · universal.funpay     │ 💬 Если у вас другой вопрос:
[20.09.2026 01:31:06] INFO · universal.funpay     │ 👉 !ПРОДАВЕЦ
[20.09.2026 01:31:06] INFO · universal.funpay     │
[20.09.2026 01:31:06] INFO · universal.funpay     │ ©️ 𝗙𝘂𝗻𝗣𝗮𝘆 𝗨𝗻𝗶𝘃𝗲𝗿𝘀𝗮𝗹
[20.09.2026 01:31:06] INFO · universal.funpay     └──────────────────────────────────────────────────────────────────────
[20.09.2026 01:31:06] DEBUG · modules.apple_topup  🍎 Apple TopUp DEBUG: сообщение собственного аккаунта пропущено: author='Slavikbebryan'
[20.09.2026 01:31:07] DEBUG · urllib3.connectionpool https://funpay.com:443 "GET /users/10794022/ HTTP/1.1" 200 None
[20.09.2026 01:31:09] DEBUG · urllib3.connectionpool https://funpay.com:443 "POST /runner/ HTTP/1.1" 200 None
[20.09.2026 01:31:11] DEBUG · urllib3.connectionpool https://funpay.com:443 "GET /users/10794022/ HTTP/1.1" 200 None
[20.09.2026 01:31:13] DEBUG · urllib3.connectionpool https://funpay.com:443 "POST /runner/ HTTP/1.1" 200 None
[20.09.2026 01:31:14] DEBUG · urllib3.connectionpool https://funpay.com:443 "GET /users/10794022/ HTTP/1.1" 200 None
[20.09.2026 01:31:17] DEBUG · urllib3.connectionpool https://funpay.com:443 "POST /runner/ HTTP/1.1" 200 None
[20.09.2026 01:31:17] DEBUG · urllib3.connectionpool https://funpay.com:443 "GET /users/10794022/ HTTP/1.1" 200 None
[20.09.2026 01:31:18] DEBUG · urllib3.connectionpool https://funpay.com:443 "POST /runner/ HTTP/1.1" 200 None
[20.09.2026 01:31:18] INFO · universal.funpay     Новое сообщение в чате с barabanjj22:
[20.09.2026 01:31:18] INFO · universal.funpay     │ barabanjj22:
[20.09.2026 01:31:18] INFO · universal.funpay     │ !ПРАЙС
[20.09.2026 01:31:18] INFO · universal.funpay     └────────────────────────────────────
[20.09.2026 01:31:18] DEBUG · urllib3.connectionpool https://funpay.com:443 "POST /runner/ HTTP/1.1" 200 None
[20.09.2026 01:31:18] DEBUG · urllib3.connectionpool https://funpay.com:443 "POST /runner/ HTTP/1.1" 200 None
[20.09.2026 01:31:18] DEBUG · urllib3.connectionpool https://funpay.com:443 "POST /runner/ HTTP/1.1" 200 None
[20.09.2026 01:31:18] ERROR · universal.funpay     Не удалось отправить сообщение «📋 АКТУАЛЬНЫЙ ПРАЙС 📋  🔥 ТАРИФЫ GO:  1️⃣ 1 месяц — 90 ₽ 2️⃣ 3 месяца — 250 ₽ 3️⃣ 6 месяцев — 450 ₽ 4️⃣ 12 месяцев — 950 ₽  🔥 ТАРИФЫ GO+:  5️⃣ 1 месяц — 130 ₽ 6️⃣ 3 месяца — 400 ₽ 7️⃣ 6 месяцев — 750 ₽ 8️⃣ 12 месяцев — 1450 ₽  💬 Напишите номер нужного тарифа (например: 1)  ⚠️ ВНИМАНИЕ! Это итоговая стоимость на FunPay. Заплатите ровно столько, сколько указано выше.  📋 !МЕНЮ — вернуться в главное меню.  ©️ 𝗙𝘂𝗻𝗣𝗮𝘆 𝗨𝗻𝗶𝘃𝗲𝗿𝘀𝗮𝗹 ©️ 𝗙𝘂𝗻𝗣𝗮𝘆 𝗨𝗻𝗶𝘃𝗲𝗿𝘀𝗮𝗹 ©️ 𝗙𝘂𝗻𝗣𝗮𝘆 𝗨𝗻𝗶𝘃𝗲𝗿𝘀𝗮𝗹» в чат 287190642 
[20.09.2026 01:31:21] DEBUG · urllib3.connectionpool https://funpay.com:443 "GET /users/10794022/ HTTP/1.1" 200 None
[20.09.2026 01:31:21] DEBUG · urllib3.connectionpool https://funpay.com:443 "POST /runner/ HTTP/1.1" 200 None
[20.09.2026 01:31:24] DEBUG · urllib3.connectionpool https://funpay.com:443 "GET /users/10794022/ HTTP/1.1" 200 None
[20.09.2026 01:31:25] DEBUG · urllib3.connectionpool https://funpay.com:443 "POST /runner/ HTTP/1.1" 200 None
[20.09.2026 01:31:27] DEBUG · urllib3.connectionpool https://funpay.com:443 "GET /users/10794022/ HTTP/1.1" 200 None
[20.09.2026 01:31:29] DEBUG · urllib3.connectionpool https://funpay.com:443 "POST /runner/ HTTP/1.1" 200 None
[20.09.2026 01:31:31] DEBUG · urllib3.connectionpool https://funpay.com:443 "GET /users/10794022/ HTTP/1.1" 200 None
[20.09.2026 01:31:33] DEBUG · urllib3.connectionpool https://funpay.com:443 "POST /runner/ HTTP/1.1" 200 None
[20.09.2026 01:31:34] DEBUG · urllib3.connectionpool https://funpay.com:443 "GET /users/10794022/ HTTP/1.1" 200 None
[20.09.2026 01:31:37] DEBUG · urllib3.connectionpool https://funpay.com:443 "GET /users/10794022/ HTTP/1.1" 200 None
[20.09.2026 01:31:37] DEBUG · urllib3.connectionpool https://funpay.com:443 "POST /runner/ HTTP/1.1" 200 None
[20.09.2026 01:31:41] DEBUG · urllib3.connectionpool https://funpay.com:443 "GET /users/10794022/ HTTP/1.1" 200 None
[20.09.2026 01:31:41] DEBUG · urllib3.connectionpool https://funpay.com:443 "POST /runner/ HTTP/1.1" 200 None
[20.09.2026 01:31:44] DEBUG · urllib3.connectionpool https://funpay.com:443 "GET /users/10794022/ HTTP/1.1" 200 None
[20.09.2026 01:31:45] DEBUG · urllib3.connectionpool https://funpay.com:443 "POST /runner/ HTTP/1.1" 200 None
[20.09.2026 01:31:47] DEBUG · urllib3.connectionpool https://funpay.com:443 "GET /users/10794022/ HTTP/1.1" 200 None
[20.09.2026 01:31:49] DEBUG · urllib3.connectionpool https://funpay.com:443 "POST /runner/ HTTP/1.1" 200 None
[20.09.2026 01:31:51] DEBUG · urllib3.connectionpool https://funpay.com:443 "GET /users/10794022/ HTTP/1.1" 200 None
[20.09.2026 01:31:53] DEBUG · urllib3.connectionpool https://funpay.com:443 "POST /runner/ HTTP/1.1" 200 None
[20.09.2026 01:31:55] DEBUG · urllib3.connectionpool https://funpay.com:443 "GET /users/10794022/ HTTP/1.1" 200 None
[20.09.2026 01:31:57] DEBUG · urllib3.connectionpool https://funpay.com:443 "POST /runner/ HTTP/1.1" 200 None
[20.09.2026 01:31:58] DEBUG · urllib3.connectionpool https://funpay.com:443 "GET /users/10794022/ HTTP/1.1" 200 None
[20.09.2026 01:32:01] DEBUG · urllib3.connectionpool https://funpay.com:443 "POST /runner/ HTTP/1.1" 200 None
[20.09.2026 01:32:02] DEBUG · urllib3.connectionpool https://funpay.com:443 "GET /users/10794022/ HTTP/1.1" 200 None
[20.09.2026 01:32:05] DEBUG · urllib3.connectionpool https://funpay.com:443 "GET /users/10794022/ HTTP/1.1" 200 None
[20.09.2026 01:32:05] DEBUG · urllib3.connectionpool https://funpay.com:443 "POST /runner/ HTTP/1.1" 200 None
[20.09.2026 01:32:08] DEBUG · urllib3.connectionpool https://funpay.com:443 "GET /users/10794022/ HTTP/1.1" 200 None
[20.09.2026 01:32:09] DEBUG · urllib3.connectionpool https://funpay.com:443 "POST /runner/ HTTP/1.1" 200 None
[20.09.2026 01:32:12] DEBUG · urllib3.connectionpool https://funpay.com:443 "GET /users/10794022/ HTTP/1.1" 200 None
[20.09.2026 01:32:13] DEBUG · urllib3.connectionpool https://funpay.com:443 "POST /runner/ HTTP/1.1" 200 None
[20.09.2026 01:32:15] DEBUG · urllib3.connectionpool https://funpay.com:443 "GET /users/10794022/ HTTP/1.1" 200 None
[20.09.2026 01:32:17] DEBUG · urllib3.connectionpool https://funpay.com:443 "POST /runner/ HTTP/1.1" 200 None
[20.09.2026 01:32:19] DEBUG · urllib3.connectionpool https://funpay.com:443 "GET /users/10794022/ HTTP/1.1" 200 None
[20.09.2026 01:32:21] DEBUG · urllib3.connectionpool https://funpay.com:443 "POST /runner/ HTTP/1.1" 200 None
[20.09.2026 01:32:22] DEBUG · urllib3.connectionpool https://funpay.com:443 "GET /users/10794022/ HTTP/1.1" 200 None
[20.09.2026 01:32:25] DEBUG · urllib3.connectionpool https://funpay.com:443 "POST /runner/ HTTP/1.1" 200 None
[20.09.2026 01:32:26] DEBUG · urllib3.connectionpool https://funpay.com:443 "GET /users/10794022/ HTTP/1.1" 200 None
[20.09.2026 01:32:29] DEBUG · urllib3.connectionpool https://funpay.com:443 "GET /users/10794022/ HTTP/1.1" 200 None
[20.09.2026 01:32:29] DEBUG · urllib3.connectionpool https://funpay.com:443 "POST /runner/ HTTP/1.1" 200 None
[20.09.2026 01:32:32] DEBUG · urllib3.connectionpool https://funpay.com:443 "GET /users/10794022/ HTTP/1.1" 200 None
[20.09.2026 01:32:33] DEBUG · urllib3.connectionpool https://funpay.com:443 "POST /runner/ HTTP/1.1" 200 None
[20.09.2026 01:32:36] DEBUG · urllib3.connectionpool https://funpay.com:443 "GET /users/10794022/ HTTP/1.1" 200 None
[20.09.2026 01:32:37] DEBUG · urllib3.connectionpool https://funpay.com:443 "POST /runner/ HTTP/1.1" 200 None
[20.09.2026 01:32:39] DEBUG · urllib3.connectionpool https://funpay.com:443 "GET /users/10794022/ HTTP/1.1" 200 None
[20.09.2026 01:32:41] DEBUG · urllib3.connectionpool https://funpay.com:443 "POST /runner/ HTTP/1.1" 200 None
[20.09.2026 01:32:42] DEBUG · urllib3.connectionpool https://funpay.com:443 "GET /users/10794022/ HTTP/1.1" 200 None
[20.09.2026 01:32:45] DEBUG · urllib3.connectionpool https://funpay.com:443 "POST /runner/ HTTP/1.1" 200 None
[20.09.2026 01:32:46] DEBUG · urllib3.connectionpool https://funpay.com:443 "GET /users/10794022/ HTTP/1.1" 200 None
[20.09.2026 01:32:49] DEBUG · urllib3.connectionpool Resetting dropped connection: funpay.com
[20.09.2026 01:32:49] DEBUG · urllib3.connectionpool https://funpay.com:443 "GET /users/10794022/ HTTP/1.1" 200 None
[20.09.2026 01:32:50] DEBUG · urllib3.connectionpool https://funpay.com:443 "POST /runner/ HTTP/1.1" 200 None
[20.09.2026 01:32:53] DEBUG · urllib3.connectionpool https://funpay.com:443 "GET /users/10794022/ HTTP/1.1" 200 None
[20.09.2026 01:32:53] DEBUG · urllib3.connectionpool https://funpay.com:443 "POST /runner/ HTTP/1.1" 200 None
[20.09.2026 01:32:56] DEBUG · urllib3.connectionpool https://funpay.com:443 "GET /users/10794022/ HTTP/1.1" 200 None
[20.09.2026 01:32:57] DEBUG · urllib3.connectionpool https://funpay.com:443 "POST /runner/ HTTP/1.1" 200 None
[20.09.2026 01:32:59] DEBUG · urllib3.connectionpool https://funpay.com:443 "GET /users/10794022/ HTTP/1.1" 200 None
[20.09.2026 01:33:01] DEBUG · urllib3.connectionpool https://funpay.com:443 "POST /runner/ HTTP/1.1" 200 None
[20.09.2026 01:33:02] DEBUG · urllib3.connectionpool https://funpay.com:443 "GET /users/10794022/ HTTP/1.1" 200 None
[20.09.2026 01:33:05] DEBUG · urllib3.connectionpool https://funpay.com:443 "POST /runner/ HTTP/1.1" 200 None
[20.09.2026 01:33:06] DEBUG · urllib3.connectionpool https://funpay.com:443 "GET /users/10794022/ HTTP/1.1" 200 None
[20.09.2026 01:33:09] DEBUG · urllib3.connectionpool https://funpay.com:443 "GET /users/10794022/ HTTP/1.1" 200 None
[20.09.2026 01:33:09] DEBUG · urllib3.connectionpool https://funpay.com:443 "POST /runner/ HTTP/1.1" 200 None
[20.09.2026 01:33:12] DEBUG · urllib3.connectionpool https://funpay.com:443 "GET /users/10794022/ HTTP/1.1" 200 None
[20.09.2026 01:33:13] DEBUG · urllib3.connectionpool https://funpay.com:443 "POST /runner/ HTTP/1.1" 200 None
[20.09.2026 01:33:16] DEBUG · urllib3.connectionpool https://funpay.com:443 "GET /users/10794022/ HTTP/1.1" 200 None
[20.09.2026 01:33:17] DEBUG · urllib3.connectionpool https://funpay.com:443 "POST /runner/ HTTP/1.1" 200 None
[20.09.2026 01:33:19] DEBUG · urllib3.connectionpool https://funpay.com:443 "GET /users/10794022/ HTTP/1.1" 200 None
[20.09.2026 01:33:21] DEBUG · urllib3.connectionpool https://funpay.com:443 "POST /runner/ HTTP/1.1" 200 None
[20.09.2026 01:33:22] DEBUG · urllib3.connectionpool Starting new HTTPS connection (1): api.github.com:443
[20.09.2026 01:33:22] DEBUG · urllib3.connectionpool https://funpay.com:443 "GET /users/10794022/ HTTP/1.1" 200 None
[20.09.2026 01:33:23] DEBUG · urllib3.connectionpool https://api.github.com:443 "GET /repos/alleexxeeyy/funpay-universal/releases HTTP/1.1" 200 None
[20.09.2026 01:33:25] DEBUG · urllib3.connectionpool https://funpay.com:443 "POST /runner/ HTTP/1.1" 200 None
[20.09.2026 01:33:25] DEBUG · urllib3.connectionpool https://funpay.com:443 "GET /users/10794022/ HTTP/1.1" 200 None
[20.09.2026 01:33:29] DEBUG · urllib3.connectionpool https://funpay.com:443 "GET /users/10794022/ HTTP/1.1" 200 None
[20.09.2026 01:33:29] DEBUG · urllib3.connectionpool https://funpay.com:443 "POST /runner/ HTTP/1.1" 200 None
[20.09.2026 01:33:32] DEBUG · urllib3.connectionpool https://funpay.com:443 "GET /users/10794022/ HTTP/1.1" 200 None
[20.09.2026 01:33:33] DEBUG · urllib3.connectionpool https://funpay.com:443 "POST /runner/ HTTP/1.1" 200 None
[20.09.2026 01:33:35] DEBUG · urllib3.connectionpool https://funpay.com:443 "GET /users/10794022/ HTTP/1.1" 200 None
[20.09.2026 01:33:37] DEBUG · urllib3.connectionpool https://funpay.com:443 "POST /runner/ HTTP/1.1" 200 None
[20.09.2026 01:33:39] DEBUG · urllib3.connectionpool https://funpay.com:443 "GET /users/10794022/ HTTP/1.1" 200 None
[20.09.2026 01:33:41] DEBUG · urllib3.connectionpool https://funpay.com:443 "POST /runner/ HTTP/1.1" 200 None
[20.09.2026 01:33:42] DEBUG · urllib3.connectionpool https://funpay.com:443 "GET /users/10794022/ HTTP/1.1" 200 None
[20.09.2026 01:33:45] DEBUG · urllib3.connectionpool https://funpay.com:443 "POST /runner/ HTTP/1.1" 200 None
[20.09.2026 01:33:45] DEBUG · urllib3.connectionpool https://funpay.com:443 "GET /users/10794022/ HTTP/1.1" 200 None
[20.09.2026 01:33:49] DEBUG · urllib3.connectionpool https://funpay.com:443 "GET /users/10794022/ HTTP/1.1" 200 None
[20.09.2026 01:33:49] DEBUG · urllib3.connectionpool https://funpay.com:443 "POST /runner/ HTTP/1.1" 200 None
[20.09.2026 01:33:52] DEBUG · urllib3.connectionpool https://funpay.com:443 "GET /users/10794022/ HTTP/1.1" 200 None
[20.09.2026 01:33:53] DEBUG · urllib3.connectionpool https://funpay.com:443 "POST /runner/ HTTP/1.1" 200 None
[20.09.2026 01:33:55] DEBUG · urllib3.connectionpool https://funpay.com:443 "GET /users/10794022/ HTTP/1.1" 200 None
[20.09.2026 01:33:57] DEBUG · urllib3.connectionpool https://funpay.com:443 "POST /runner/ HTTP/1.1" 200 None
[20.09.2026 01:33:59] DEBUG · urllib3.connectionpool https://funpay.com:443 "GET /users/10794022/ HTTP/1.1" 200 None
[20.09.2026 01:34:01] DEBUG · urllib3.connectionpool https://funpay.com:443 "POST /runner/ HTTP/1.1" 200 None
[20.09.2026 01:34:02] DEBUG · urllib3.connectionpool https://funpay.com:443 "GET /users/10794022/ HTTP/1.1" 200 None
[20.09.2026 01:34:05] DEBUG · urllib3.connectionpool https://funpay.com:443 "GET /users/10794022/ HTTP/1.1" 200 None
[20.09.2026 01:34:05] DEBUG · urllib3.connectionpool https://funpay.com:443 "POST /runner/ HTTP/1.1" 200 None
[20.09.2026 01:34:08] DEBUG · urllib3.connectionpool https://funpay.com:443 "GET /users/10794022/ HTTP/1.1" 200 None
[20.09.2026 01:34:09] DEBUG · urllib3.connectionpool https://funpay.com:443 "POST /runner/ HTTP/1.1" 200 None
[20.09.2026 01:34:12] DEBUG · urllib3.connectionpool https://funpay.com:443 "GET /users/10794022/ HTTP/1.1" 200 None
[20.09.2026 01:34:13] DEBUG · urllib3.connectionpool https://funpay.com:443 "POST /runner/ HTTP/1.1" 200 None
[20.09.2026 01:34:15] DEBUG · urllib3.connectionpool https://funpay.com:443 "GET /users/10794022/ HTTP/1.1" 200 None
[20.09.2026 01:34:17] DEBUG · urllib3.connectionpool https://funpay.com:443 "POST /runner/ HTTP/1.1" 200 None
[20.09.2026 01:34:18] DEBUG · urllib3.connectionpool https://funpay.com:443 "GET /users/10794022/ HTTP/1.1" 200 None
[20.09.2026 01:34:21] DEBUG · urllib3.connectionpool https://funpay.com:443 "POST /runner/ HTTP/1.1" 200 None
[20.09.2026 01:34:22] DEBUG · urllib3.connectionpool https://funpay.com:443 "GET /users/10794022/ HTTP/1.1" 200 None
[20.09.2026 01:34:25] DEBUG · urllib3.connectionpool https://funpay.com:443 "GET /users/10794022/ HTTP/1.1" 200 None
[20.09.2026 01:34:25] DEBUG · urllib3.connectionpool https://funpay.com:443 "POST /runner/ HTTP/1.1" 200 None
[20.09.2026 01:34:28] DEBUG · urllib3.connectionpool https://funpay.com:443 "GET /users/10794022/ HTTP/1.1" 200 None
[20.09.2026 01:34:29] DEBUG · urllib3.connectionpool https://funpay.com:443 "POST /runner/ HTTP/1.1" 200 None
[20.09.2026 01:34:32] DEBUG · urllib3.connectionpool https://funpay.com:443 "GET /users/10794022/ HTTP/1.1" 200 None
[20.09.2026 01:34:33] DEBUG · urllib3.connectionpool https://funpay.com:443 "POST /runner/ HTTP/1.1" 200 None
[20.09.2026 01:34:35] DEBUG · urllib3.connectionpool https://funpay.com:443 "GET /users/10794022/ HTTP/1.1" 200 None
[20.09.2026 01:34:37] DEBUG · urllib3.connectionpool https://funpay.com:443 "POST /runner/ HTTP/1.1" 200 None
[20.09.2026 01:34:38] DEBUG · urllib3.connectionpool https://funpay.com:443 "GET /users/10794022/ HTTP/1.1" 200 None
[20.09.2026 01:34:41] DEBUG · urllib3.connectionpool https://funpay.com:443 "POST /runner/ HTTP/1.1" 200 None
[20.09.2026 01:34:41] DEBUG · urllib3.connectionpool https://funpay.com:443 "GET /users/10794022/ HTTP/1.1" 200 None
[20.09.2026 01:34:45] DEBUG · urllib3.connectionpool https://funpay.com:443 "GET /users/10794022/ HTTP/1.1" 200 None
[20.09.2026 01:34:45] DEBUG · urllib3.connectionpool https://funpay.com:443 "POST /runner/ HTTP/1.1" 200 None
[20.09.2026 01:34:48] DEBUG · urllib3.connectionpool https://funpay.com:443 "GET /users/10794022/ HTTP/1.1" 200 None
[20.09.2026 01:34:49] DEBUG · urllib3.connectionpool https://funpay.com:443 "POST /runner/ HTTP/1.1" 200 None
[20.09.2026 01:34:52] DEBUG · urllib3.connectionpool https://funpay.com:443 "GET /users/10794022/ HTTP/1.1" 200 None
[20.09.2026 01:34:53] DEBUG · urllib3.connectionpool https://funpay.com:443 "POST /runner/ HTTP/1.1" 200 None
[20.09.2026 01:34:55] DEBUG · urllib3.connectionpool https://funpay.com:443 "GET /users/10794022/ HTTP/1.1" 200 None
[20.09.2026 01:35:38] DEBUG · urllib3.connectionpool Starting new HTTPS connection (1): api.github.com:443
[20.09.2026 01:35:39] DEBUG · urllib3.connectionpool https://api.github.com:443 "GET /repos/alleexxeeyy/funpay-universal/releases HTTP/1.1" 200 None
[20.09.2026 01:35:39] INFO · universal.updater    У вас установлена последняя версия: 1.18.2
[20.09.2026 01:35:39] INFO · universal            
[20.09.2026 01:35:39] DEBUG · urllib3.connectionpool Starting new HTTPS connection (1): funpay.com:443
[20.09.2026 01:35:39] DEBUG · urllib3.connectionpool https://funpay.com:443 "GET / HTTP/1.1" 200 None
[20.09.2026 01:35:40] INFO · universal            FunPay аккаунт успешно авторизован.
[20.09.2026 01:35:40] DEBUG · urllib3.connectionpool Starting new HTTPS connection (1): funpay.com:443
[20.09.2026 01:35:41] DEBUG · urllib3.connectionpool https://funpay.com:443 "GET / HTTP/1.1" 200 None
[20.09.2026 01:35:42] DEBUG · urllib3.connectionpool https://funpay.com:443 "GET /users/10794022/ HTTP/1.1" 200 None
[20.09.2026 01:35:42] DEBUG · urllib3.connectionpool Starting new HTTPS connection (1): api.telegram.org:443
[20.09.2026 01:35:42] DEBUG · urllib3.connectionpool https://api.telegram.org:443 "GET /bot8756373718:AAF7UShfdcPoSa4xL_OhGoEeELgqwJzepak/getMe HTTP/1.1" 200 416
[20.09.2026 01:35:42] INFO · universal            Telegram бот успешно работает.
[20.09.2026 01:35:42] INFO · universal            
[20.09.2026 01:35:42] DEBUG · asyncio              Using proactor: IocpProactor
[20.09.2026 01:35:42] INFO · universal.modules    Подключен 1 модуль: Apple TopUp 1.0.0
[20.09.2026 01:35:43] DEBUG · asyncio              Using proactor: IocpProactor
[20.09.2026 01:35:43] DEBUG · urllib3.connectionpool Starting new HTTPS connection (1): funpay.com:443
[20.09.2026 01:35:44] DEBUG · urllib3.connectionpool https://funpay.com:443 "GET / HTTP/1.1" 200 None
[20.09.2026 01:35:44] INFO · universal.telegram   
[20.09.2026 01:35:44] INFO · universal.telegram   Telegram бот @panel_funpay_bot запущен и активен
[20.09.2026 01:35:44] INFO · universal.funpay     
[20.09.2026 01:35:44] INFO · universal.funpay     FunPay бот запущен и активен
[20.09.2026 01:35:44] INFO · universal.funpay     
[20.09.2026 01:35:44] INFO · universal.funpay     ───────────────────────────────────────
[20.09.2026 01:35:44] INFO · universal.funpay     Информация об аккаунте:
[20.09.2026 01:35:44] INFO · universal.funpay      · ID: 10794022
[20.09.2026 01:35:44] INFO · universal.funpay      · Никнейм: Slavikbebryan
[20.09.2026 01:35:44] INFO · universal.funpay      · Баланс: 10713 RUB
[20.09.2026 01:35:44] INFO · universal.funpay      · Активные продажи: 3
[20.09.2026 01:35:44] INFO · universal.funpay      · Активные покупки: 0
[20.09.2026 01:35:44] INFO · universal.funpay     ───────────────────────────────────────
[20.09.2026 01:35:44] DEBUG · asyncio              Using proactor: IocpProactor
[20.09.2026 01:35:44] DEBUG · urllib3.connectionpool Starting new HTTPS connection (2): funpay.com:443
[20.09.2026 01:35:44] DEBUG · urllib3.connectionpool Starting new HTTPS connection (3): funpay.com:443
[20.09.2026 01:35:44] DEBUG · urllib3.connectionpool Starting new HTTPS connection (4): funpay.com:443
[20.09.2026 01:35:44] DEBUG · urllib3.connectionpool https://funpay.com:443 "GET / HTTP/1.1" 200 None
[20.09.2026 01:35:45] DEBUG · urllib3.connectionpool https://funpay.com:443 "POST /runner/ HTTP/1.1" 200 None
[20.09.2026 01:35:45] DEBUG · urllib3.connectionpool https://funpay.com:443 "GET /users/10794022/ HTTP/1.1" 200 None
[20.09.2026 01:35:45] DEBUG · urllib3.connectionpool https://funpay.com:443 "GET /users/10794022/ HTTP/1.1" 200 None
[20.09.2026 01:35:45] INFO · modules.apple_topup  🍎 Apple TopUp: незавершённых заказов для восстановления нет
[20.09.2026 01:35:45] DEBUG · asyncio              Using proactor: IocpProactor
[20.09.2026 01:35:45] DEBUG · urllib3.connectionpool https://funpay.com:443 "GET /orders/trade HTTP/1.1" 200 None
[20.09.2026 01:35:48] DEBUG · urllib3.connectionpool https://funpay.com:443 "GET /users/10794022/ HTTP/1.1" 200 None
[20.09.2026 01:35:48] DEBUG · urllib3.connectionpool https://funpay.com:443 "POST /runner/ HTTP/1.1" 200 None
[20.09.2026 01:35:51] DEBUG · urllib3.connectionpool https://funpay.com:443 "GET /users/10794022/ HTTP/1.1" 200 None
[20.09.2026 01:35:52] DEBUG · urllib3.connectionpool https://funpay.com:443 "POST /runner/ HTTP/1.1" 200 None
[20.09.2026 01:35:53] DEBUG · urllib3.connectionpool https://funpay.com:443 "POST /runner/ HTTP/1.1" 200 None
[20.09.2026 01:35:53] INFO · universal.funpay     Новое сообщение в чате с barabanjj22:
[20.09.2026 01:35:53] INFO · universal.funpay     │ barabanjj22:
[20.09.2026 01:35:53] INFO · universal.funpay     │ дарова
[20.09.2026 01:35:53] INFO · universal.funpay     └────────────────────────────────────
[20.09.2026 01:35:53] DEBUG · urllib3.connectionpool https://funpay.com:443 "POST /runner/ HTTP/1.1" 200 None
[20.09.2026 01:35:55] DEBUG · urllib3.connectionpool https://funpay.com:443 "GET /users/10794022/ HTTP/1.1" 200 None
[20.09.2026 01:35:56] DEBUG · urllib3.connectionpool https://funpay.com:443 "POST /runner/ HTTP/1.1" 200 None
[20.09.2026 01:35:57] INFO · universal.funpay     Новое сообщение в чате с barabanjj22:
[20.09.2026 01:35:57] INFO · universal.funpay     │ Slavikbebryan:
[20.09.2026 01:35:57] INFO · universal.funpay     │ 👋 Добро пожаловать, barabanjj22, в SlavikStore⚡️
[20.09.2026 01:35:57] INFO · universal.funpay     │
[20.09.2026 01:35:57] INFO · universal.funpay     │ Если вы готовы приобрести подписку и хотите увидеть актуальные цены:
[20.09.2026 01:35:57] INFO · universal.funpay     │ 👉 !ПРАЙС
[20.09.2026 01:35:57] INFO · universal.funpay     │
[20.09.2026 01:35:57] INFO · universal.funpay     │ 📖 Если у вас есть вопросы по оформлению подписки:
[20.09.2026 01:35:57] INFO · universal.funpay     │ 👉 !ИНСТРУКЦИЯ
[20.09.2026 01:35:57] INFO · universal.funpay     │
[20.09.2026 01:35:57] INFO · universal.funpay     │ 💬 Если у вас другой вопрос:
[20.09.2026 01:35:57] INFO · universal.funpay     │ 👉 !ПРОДАВЕЦ
[20.09.2026 01:35:57] INFO · universal.funpay     │
[20.09.2026 01:35:57] INFO · universal.funpay     │ ©️ 𝗙𝘂𝗻𝗣𝗮𝘆 𝗨𝗻𝗶𝘃𝗲𝗿𝘀𝗮𝗹
[20.09.2026 01:35:57] INFO · universal.funpay     └──────────────────────────────────────────────────────────────────────
[20.09.2026 01:35:57] DEBUG · modules.apple_topup  🍎 Apple TopUp DEBUG: сообщение собственного аккаунта пропущено: author='Slavikbebryan'
[20.09.2026 01:35:58] DEBUG · urllib3.connectionpool https://funpay.com:443 "GET /users/10794022/ HTTP/1.1" 200 None
[20.09.2026 01:36:00] DEBUG · urllib3.connectionpool https://funpay.com:443 "POST /runner/ HTTP/1.1" 200 None
[20.09.2026 01:36:01] DEBUG · urllib3.connectionpool https://funpay.com:443 "POST /runner/ HTTP/1.1" 200 None
[20.09.2026 01:36:01] INFO · universal.funpay     Новое сообщение в чате с barabanjj22:
[20.09.2026 01:36:01] INFO · universal.funpay     │ barabanjj22:
[20.09.2026 01:36:01] INFO · universal.funpay     │ !ИНСТРУКЦИЯ
[20.09.2026 01:36:01] INFO · universal.funpay     └────────────────────────────────────
[20.09.2026 01:36:01] DEBUG · urllib3.connectionpool https://funpay.com:443 "POST /runner/ HTTP/1.1" 200 None
[20.09.2026 01:36:01] DEBUG · urllib3.connectionpool https://funpay.com:443 "GET /users/10794022/ HTTP/1.1" 200 None
[20.09.2026 01:36:04] DEBUG · urllib3.connectionpool https://funpay.com:443 "POST /runner/ HTTP/1.1" 200 None
[20.09.2026 01:36:04] DEBUG · urllib3.connectionpool https://funpay.com:443 "GET /users/10794022/ HTTP/1.1" 200 None
[20.09.2026 01:36:05] INFO · universal.funpay     Новое сообщение в чате с barabanjj22:
[20.09.2026 01:36:05] INFO · universal.funpay     │ Slavikbebryan:
[20.09.2026 01:36:05] INFO · universal.funpay     │ 👋 Добро пожаловать, barabanjj22, в SlavikStore⚡️
[20.09.2026 01:36:05] INFO · universal.funpay     │
[20.09.2026 01:36:05] INFO · universal.funpay     │ Если вы готовы приобрести подписку и хотите увидеть актуальные цены:
[20.09.2026 01:36:05] INFO · universal.funpay     │ 👉 !ПРАЙС
[20.09.2026 01:36:05] INFO · universal.funpay     │
[20.09.2026 01:36:05] INFO · universal.funpay     │ 📖 Если у вас есть вопросы по оформлению подписки:
[20.09.2026 01:36:05] INFO · universal.funpay     │ 👉 !ИНСТРУКЦИЯ
[20.09.2026 01:36:05] INFO · universal.funpay     │
[20.09.2026 01:36:05] INFO · universal.funpay     │ 💬 Если у вас другой вопрос:
[20.09.2026 01:36:05] INFO · universal.funpay     │ 👉 !ПРОДАВЕЦ
[20.09.2026 01:36:05] INFO · universal.funpay     │
[20.09.2026 01:36:05] INFO · universal.funpay     │ ©️ 𝗙𝘂𝗻𝗣𝗮𝘆 𝗨𝗻𝗶𝘃𝗲𝗿𝘀𝗮𝗹
[20.09.2026 01:36:05] INFO · universal.funpay     └──────────────────────────────────────────────────────────────────────
[20.09.2026 01:36:05] DEBUG · modules.apple_topup  🍎 Apple TopUp DEBUG: сообщение собственного аккаунта пропущено: author='Slavikbebryan'
[20.09.2026 01:36:08] DEBUG · urllib3.connectionpool https://funpay.com:443 "GET /users/10794022/ HTTP/1.1" 200 None
[20.09.2026 01:36:08] DEBUG · urllib3.connectionpool https://funpay.com:443 "POST /runner/ HTTP/1.1" 200 None
[20.09.2026 01:36:11] DEBUG · urllib3.connectionpool https://funpay.com:443 "GET /users/10794022/ HTTP/1.1" 200 None
[20.09.2026 01:36:12] DEBUG · urllib3.connectionpool https://funpay.com:443 "POST /runner/ HTTP/1.1" 200 None
[20.09.2026 01:36:14] DEBUG · urllib3.connectionpool https://funpay.com:443 "GET /users/10794022/ HTTP/1.1" 200 None
[20.09.2026 01:36:16] DEBUG · urllib3.connectionpool https://funpay.com:443 "POST /runner/ HTTP/1.1" 200 None
[20.09.2026 01:36:17] DEBUG · urllib3.connectionpool https://funpay.com:443 "POST /runner/ HTTP/1.1" 200 None
[20.09.2026 01:36:17] INFO · universal.funpay     Новое сообщение в чате с barabanjj22:
[20.09.2026 01:36:17] INFO · universal.funpay     │ barabanjj22:
[20.09.2026 01:36:17] INFO · universal.funpay     │ !ПРАЙС
[20.09.2026 01:36:17] INFO · universal.funpay     └────────────────────────────────────
[20.09.2026 01:36:17] DEBUG · urllib3.connectionpool https://funpay.com:443 "POST /runner/ HTTP/1.1" 200 None
[20.09.2026 01:36:17] DEBUG · urllib3.connectionpool https://funpay.com:443 "POST /runner/ HTTP/1.1" 200 None
[20.09.2026 01:36:17] DEBUG · urllib3.connectionpool https://funpay.com:443 "GET /users/10794022/ HTTP/1.1" 200 None
[20.09.2026 01:36:18] DEBUG · urllib3.connectionpool https://funpay.com:443 "POST /runner/ HTTP/1.1" 200 None
[20.09.2026 01:36:18] ERROR · universal.funpay     Не удалось отправить сообщение «📋 АКТУАЛЬНЫЙ ПРАЙС 📋  🔥 ТАРИФЫ GO:  1️⃣ 1 месяц — 90 ₽ 2️⃣ 3 месяца — 250 ₽ 3️⃣ 6 месяцев — 450 ₽ 4️⃣ 12 месяцев — 950 ₽  🔥 ТАРИФЫ GO+:  5️⃣ 1 месяц — 130 ₽ 6️⃣ 3 месяца — 400 ₽ 7️⃣ 6 месяцев — 750 ₽ 8️⃣ 12 месяцев — 1450 ₽  💬 Напишите номер нужного тарифа (например: 1)  ⚠️ ВНИМАНИЕ! Это итоговая стоимость на FunPay. Заплатите ровно столько, сколько указано выше.  📋 !МЕНЮ — вернуться в главное меню.  ©️ 𝗙𝘂𝗻𝗣𝗮𝘆 𝗨𝗻𝗶𝘃𝗲𝗿𝘀𝗮𝗹» в чат 287190642 
[20.09.2026 01:36:20] DEBUG · urllib3.connectionpool https://funpay.com:443 "POST /runner/ HTTP/1.1" 200 None
[20.09.2026 01:36:21] DEBUG · urllib3.connectionpool https://funpay.com:443 "GET /users/10794022/ HTTP/1.1" 200 None
[20.09.2026 01:36:24] DEBUG · urllib3.connectionpool https://funpay.com:443 "GET /users/10794022/ HTTP/1.1" 200 None
[20.09.2026 01:36:24] DEBUG · urllib3.connectionpool https://funpay.com:443 "POST /runner/ HTTP/1.1" 200 None
[20.09.2026 01:36:27] DEBUG · urllib3.connectionpool https://funpay.com:443 "GET /users/10794022/ HTTP/1.1" 200 None
[20.09.2026 01:36:28] DEBUG · urllib3.connectionpool https://funpay.com:443 "POST /runner/ HTTP/1.1" 200 None
[20.09.2026 01:36:30] DEBUG · urllib3.connectionpool https://funpay.com:443 "GET /users/10794022/ HTTP/1.1" 200 None
[20.09.2026 01:36:32] DEBUG · urllib3.connectionpool https://funpay.com:443 "POST /runner/ HTTP/1.1" 200 None
[20.09.2026 01:36:34] DEBUG · urllib3.connectionpool https://funpay.com:443 "GET /users/10794022/ HTTP/1.1" 200 None
[20.09.2026 01:36:36] DEBUG · urllib3.connectionpool https://funpay.com:443 "POST /runner/ HTTP/1.1" 200 None
[20.09.2026 01:36:37] DEBUG · urllib3.connectionpool https://funpay.com:443 "GET /users/10794022/ HTTP/1.1" 200 None
[20.09.2026 01:36:40] DEBUG · urllib3.connectionpool https://funpay.com:443 "POST /runner/ HTTP/1.1" 200 None
[20.09.2026 01:36:40] DEBUG · urllib3.connectionpool https://funpay.com:443 "GET /users/10794022/ HTTP/1.1" 200 None
[20.09.2026 01:36:44] DEBUG · urllib3.connectionpool https://funpay.com:443 "GET /users/10794022/ HTTP/1.1" 200 None
[20.09.2026 01:36:44] DEBUG · urllib3.connectionpool https://funpay.com:443 "POST /runner/ HTTP/1.1" 200 None
[20.09.2026 01:36:47] DEBUG · urllib3.connectionpool https://funpay.com:443 "GET /users/10794022/ HTTP/1.1" 200 None
[20.09.2026 01:36:48] DEBUG · urllib3.connectionpool https://funpay.com:443 "POST /runner/ HTTP/1.1" 200 None
[20.09.2026 01:36:50] DEBUG · urllib3.connectionpool https://funpay.com:443 "GET /users/10794022/ HTTP/1.1" 200 None
[20.09.2026 01:36:52] DEBUG · urllib3.connectionpool https://funpay.com:443 "POST /runner/ HTTP/1.1" 200 None
[20.09.2026 01:36:53] DEBUG · urllib3.connectionpool https://funpay.com:443 "GET /users/10794022/ HTTP/1.1" 200 None
[20.09.2026 01:36:56] DEBUG · urllib3.connectionpool https://funpay.com:443 "POST /runner/ HTTP/1.1" 200 None
[20.09.2026 01:36:57] DEBUG · urllib3.connectionpool https://funpay.com:443 "GET /users/10794022/ HTTP/1.1" 200 None
[20.09.2026 01:37:00] DEBUG · urllib3.connectionpool https://funpay.com:443 "GET /users/10794022/ HTTP/1.1" 200 None
[20.09.2026 01:37:00] DEBUG · urllib3.connectionpool https://funpay.com:443 "POST /runner/ HTTP/1.1" 200 None
[20.09.2026 01:37:03] DEBUG · urllib3.connectionpool https://funpay.com:443 "GET /users/10794022/ HTTP/1.1" 200 None
[20.09.2026 01:37:04] DEBUG · urllib3.connectionpool https://funpay.com:443 "POST /runner/ HTTP/1.1" 200 None
[20.09.2026 01:37:07] DEBUG · urllib3.connectionpool https://funpay.com:443 "GET /users/10794022/ HTTP/1.1" 200 None
[20.09.2026 01:37:08] DEBUG · urllib3.connectionpool https://funpay.com:443 "POST /runner/ HTTP/1.1" 200 None
[20.09.2026 01:37:10] DEBUG · urllib3.connectionpool https://funpay.com:443 "GET /users/10794022/ HTTP/1.1" 200 None
[20.09.2026 01:37:12] DEBUG · urllib3.connectionpool https://funpay.com:443 "POST /runner/ HTTP/1.1" 200 None
[20.09.2026 01:37:13] DEBUG · urllib3.connectionpool https://funpay.com:443 "GET /users/10794022/ HTTP/1.1" 200 None
[20.09.2026 01:37:16] DEBUG · urllib3.connectionpool https://funpay.com:443 "GET /users/10794022/ HTTP/1.1" 200 None
[20.09.2026 01:37:17] DEBUG · urllib3.connectionpool https://funpay.com:443 "POST /runner/ HTTP/1.1" 200 None
[20.09.2026 01:37:20] DEBUG · urllib3.connectionpool https://funpay.com:443 "GET /users/10794022/ HTTP/1.1" 200 None
[20.09.2026 01:37:20] DEBUG · urllib3.connectionpool https://funpay.com:443 "POST /runner/ HTTP/1.1" 200 None
[20.09.2026 01:37:23] DEBUG · urllib3.connectionpool https://funpay.com:443 "GET /users/10794022/ HTTP/1.1" 200 None
[20.09.2026 01:37:24] DEBUG · urllib3.connectionpool https://funpay.com:443 "POST /runner/ HTTP/1.1" 200 None
[20.09.2026 01:37:26] DEBUG · urllib3.connectionpool https://funpay.com:443 "GET /users/10794022/ HTTP/1.1" 200 None
[20.09.2026 01:37:28] DEBUG · urllib3.connectionpool https://funpay.com:443 "POST /runner/ HTTP/1.1" 200 None
[20.09.2026 01:37:30] DEBUG · urllib3.connectionpool https://funpay.com:443 "GET /users/10794022/ HTTP/1.1" 200 None
[20.09.2026 01:37:32] DEBUG · urllib3.connectionpool https://funpay.com:443 "POST /runner/ HTTP/1.1" 200 None
[20.09.2026 01:37:33] DEBUG · urllib3.connectionpool https://funpay.com:443 "GET /users/10794022/ HTTP/1.1" 200 None
[20.09.2026 01:37:36] DEBUG · urllib3.connectionpool https://funpay.com:443 "GET /users/10794022/ HTTP/1.1" 200 None
[20.09.2026 01:37:36] DEBUG · urllib3.connectionpool https://funpay.com:443 "POST /runner/ HTTP/1.1" 200 None
[20.09.2026 01:37:39] DEBUG · urllib3.connectionpool https://funpay.com:443 "GET /users/10794022/ HTTP/1.1" 200 None
[20.09.2026 01:37:40] DEBUG · urllib3.connectionpool https://funpay.com:443 "POST /runner/ HTTP/1.1" 200 None
[20.09.2026 01:37:43] DEBUG · urllib3.connectionpool https://funpay.com:443 "GET /users/10794022/ HTTP/1.1" 200 None
[20.09.2026 01:37:44] DEBUG · urllib3.connectionpool https://funpay.com:443 "POST /runner/ HTTP/1.1" 200 None
[20.09.2026 01:37:46] DEBUG · urllib3.connectionpool https://funpay.com:443 "GET /users/10794022/ HTTP/1.1" 200 None
[20.09.2026 01:37:48] DEBUG · urllib3.connectionpool https://funpay.com:443 "POST /runner/ HTTP/1.1" 200 None
[20.09.2026 01:37:49] DEBUG · urllib3.connectionpool https://funpay.com:443 "GET /users/10794022/ HTTP/1.1" 200 None
[20.09.2026 01:37:52] DEBUG · urllib3.connectionpool https://funpay.com:443 "GET /users/10794022/ HTTP/1.1" 200 None
[20.09.2026 01:37:52] DEBUG · urllib3.connectionpool https://funpay.com:443 "POST /runner/ HTTP/1.1" 200 None
[20.09.2026 01:37:56] DEBUG · urllib3.connectionpool https://funpay.com:443 "GET /users/10794022/ HTTP/1.1" 200 None
[20.09.2026 01:37:56] DEBUG · urllib3.connectionpool https://funpay.com:443 "POST /runner/ HTTP/1.1" 200 None
[20.09.2026 01:37:59] DEBUG · urllib3.connectionpool https://funpay.com:443 "GET /users/10794022/ HTTP/1.1" 200 None
[20.09.2026 01:38:00] DEBUG · urllib3.connectionpool https://funpay.com:443 "POST /runner/ HTTP/1.1" 200 None
[20.09.2026 01:38:02] DEBUG · urllib3.connectionpool https://funpay.com:443 "GET /users/10794022/ HTTP/1.1" 200 None
[20.09.2026 01:38:04] DEBUG · urllib3.connectionpool https://funpay.com:443 "POST /runner/ HTTP/1.1" 200 None
[20.09.2026 01:38:06] DEBUG · urllib3.connectionpool https://funpay.com:443 "GET /users/10794022/ HTTP/1.1" 200 None
[20.09.2026 01:38:08] DEBUG · urllib3.connectionpool https://funpay.com:443 "POST /runner/ HTTP/1.1" 200 None
[20.09.2026 01:38:09] DEBUG · urllib3.connectionpool https://funpay.com:443 "GET /users/10794022/ HTTP/1.1" 200 None
[20.09.2026 01:38:12] DEBUG · urllib3.connectionpool https://funpay.com:443 "GET /users/10794022/ HTTP/1.1" 200 None
[20.09.2026 01:38:12] DEBUG · urllib3.connectionpool https://funpay.com:443 "POST /runner/ HTTP/1.1" 200 None
[20.09.2026 01:39:05] DEBUG · urllib3.connectionpool Starting new HTTPS connection (1): api.github.com:443
[20.09.2026 01:39:06] DEBUG · urllib3.connectionpool https://api.github.com:443 "GET /repos/alleexxeeyy/funpay-universal/releases HTTP/1.1" 200 None
[20.09.2026 01:39:06] INFO · universal.updater    У вас установлена последняя версия: 1.18.2
[20.09.2026 01:39:06] INFO · universal            
[20.09.2026 01:39:06] DEBUG · urllib3.connectionpool Starting new HTTPS connection (1): funpay.com:443
[20.09.2026 01:39:07] DEBUG · urllib3.connectionpool https://funpay.com:443 "GET / HTTP/1.1" 200 None
[20.09.2026 01:39:08] INFO · universal            FunPay аккаунт успешно авторизован.
[20.09.2026 01:39:08] DEBUG · urllib3.connectionpool Starting new HTTPS connection (1): funpay.com:443
[20.09.2026 01:39:09] DEBUG · urllib3.connectionpool https://funpay.com:443 "GET / HTTP/1.1" 200 None
[20.09.2026 01:39:10] DEBUG · urllib3.connectionpool https://funpay.com:443 "GET /users/10794022/ HTTP/1.1" 200 None
[20.09.2026 01:39:10] DEBUG · urllib3.connectionpool Starting new HTTPS connection (1): api.telegram.org:443
[20.09.2026 01:39:10] DEBUG · urllib3.connectionpool https://api.telegram.org:443 "GET /bot8756373718:AAF7UShfdcPoSa4xL_OhGoEeELgqwJzepak/getMe HTTP/1.1" 200 416
[20.09.2026 01:39:10] INFO · universal            Telegram бот успешно работает.
[20.09.2026 01:39:10] INFO · universal            
[20.09.2026 01:39:10] DEBUG · asyncio              Using proactor: IocpProactor
[20.09.2026 01:39:10] INFO · universal.modules    Подключен 1 модуль: Apple TopUp 1.0.0
[20.09.2026 01:39:10] DEBUG · asyncio              Using proactor: IocpProactor
[20.09.2026 01:39:10] DEBUG · urllib3.connectionpool Starting new HTTPS connection (1): funpay.com:443
[20.09.2026 01:39:11] DEBUG · urllib3.connectionpool https://funpay.com:443 "GET / HTTP/1.1" 200 None
[20.09.2026 01:39:12] INFO · universal.telegram   
[20.09.2026 01:39:12] INFO · universal.telegram   Telegram бот @panel_funpay_bot запущен и активен
[20.09.2026 01:39:12] INFO · universal.funpay     
[20.09.2026 01:39:12] INFO · universal.funpay     FunPay бот запущен и активен
[20.09.2026 01:39:12] INFO · universal.funpay     
[20.09.2026 01:39:12] INFO · universal.funpay     ───────────────────────────────────────
[20.09.2026 01:39:12] INFO · universal.funpay     Информация об аккаунте:
[20.09.2026 01:39:12] INFO · universal.funpay      · ID: 10794022
[20.09.2026 01:39:12] INFO · universal.funpay      · Никнейм: Slavikbebryan
[20.09.2026 01:39:12] INFO · universal.funpay      · Баланс: 10713 RUB
[20.09.2026 01:39:12] INFO · universal.funpay      · Активные продажи: 3
[20.09.2026 01:39:12] INFO · universal.funpay      · Активные покупки: 0
[20.09.2026 01:39:12] INFO · universal.funpay     ───────────────────────────────────────
[20.09.2026 01:39:12] DEBUG · asyncio              Using proactor: IocpProactor
[20.09.2026 01:39:12] DEBUG · urllib3.connectionpool Starting new HTTPS connection (2): funpay.com:443
[20.09.2026 01:39:12] DEBUG · urllib3.connectionpool Starting new HTTPS connection (3): funpay.com:443
[20.09.2026 01:39:12] DEBUG · urllib3.connectionpool Starting new HTTPS connection (4): funpay.com:443
[20.09.2026 01:39:12] DEBUG · urllib3.connectionpool https://funpay.com:443 "GET / HTTP/1.1" 200 None
[20.09.2026 01:39:12] DEBUG · urllib3.connectionpool https://funpay.com:443 "GET /users/10794022/ HTTP/1.1" 200 None
[20.09.2026 01:39:13] DEBUG · urllib3.connectionpool https://funpay.com:443 "POST /runner/ HTTP/1.1" 200 None
[20.09.2026 01:39:13] DEBUG · urllib3.connectionpool https://funpay.com:443 "GET /users/10794022/ HTTP/1.1" 200 None
[20.09.2026 01:39:13] DEBUG · urllib3.connectionpool https://funpay.com:443 "GET /orders/trade HTTP/1.1" 200 None
[20.09.2026 01:39:13] INFO · modules.apple_topup  🍎 Apple TopUp: незавершённых заказов для восстановления нет
[20.09.2026 01:39:13] DEBUG · asyncio              Using proactor: IocpProactor
[20.09.2026 01:39:16] DEBUG · urllib3.connectionpool https://funpay.com:443 "GET /users/10794022/ HTTP/1.1" 200 None
[20.09.2026 01:39:16] DEBUG · urllib3.connectionpool https://funpay.com:443 "POST /runner/ HTTP/1.1" 200 None
[20.09.2026 01:39:19] DEBUG · urllib3.connectionpool https://funpay.com:443 "GET /users/10794022/ HTTP/1.1" 200 None
[20.09.2026 01:39:20] DEBUG · urllib3.connectionpool https://funpay.com:443 "POST /runner/ HTTP/1.1" 200 None
[20.09.2026 01:39:22] DEBUG · urllib3.connectionpool https://funpay.com:443 "GET /users/10794022/ HTTP/1.1" 200 None
[20.09.2026 01:39:24] DEBUG · urllib3.connectionpool https://funpay.com:443 "POST /runner/ HTTP/1.1" 200 None
[20.09.2026 01:39:24] DEBUG · urllib3.connectionpool https://funpay.com:443 "POST /runner/ HTTP/1.1" 200 None
[20.09.2026 01:39:24] INFO · universal.funpay     Новое сообщение в чате с barabanjj22:
[20.09.2026 01:39:24] INFO · universal.funpay     │ barabanjj22:
[20.09.2026 01:39:24] INFO · universal.funpay     │ дарова
[20.09.2026 01:39:24] INFO · universal.funpay     └────────────────────────────────────
[20.09.2026 01:39:25] DEBUG · urllib3.connectionpool https://funpay.com:443 "POST /runner/ HTTP/1.1" 200 None
[20.09.2026 01:39:26] DEBUG · urllib3.connectionpool https://funpay.com:443 "GET /users/10794022/ HTTP/1.1" 200 None
[20.09.2026 01:39:28] DEBUG · urllib3.connectionpool https://funpay.com:443 "POST /runner/ HTTP/1.1" 200 None
[20.09.2026 01:39:28] INFO · universal.funpay     Новое сообщение в чате с barabanjj22:
[20.09.2026 01:39:28] INFO · universal.funpay     │ Slavikbebryan:
[20.09.2026 01:39:28] INFO · universal.funpay     │ 👋 Добро пожаловать, barabanjj22, в SlavikStore⚡️
[20.09.2026 01:39:28] INFO · universal.funpay     │
[20.09.2026 01:39:28] INFO · universal.funpay     │ Если вы готовы приобрести подписку и хотите увидеть актуальные цены:
[20.09.2026 01:39:28] INFO · universal.funpay     │ 👉 !ПРАЙС
[20.09.2026 01:39:28] INFO · universal.funpay     │
[20.09.2026 01:39:28] INFO · universal.funpay     │ 📖 Если у вас есть вопросы по оформлению подписки:
[20.09.2026 01:39:28] INFO · universal.funpay     │ 👉 !ИНСТРУКЦИЯ
[20.09.2026 01:39:28] INFO · universal.funpay     │
[20.09.2026 01:39:28] INFO · universal.funpay     │ 💬 Если у вас другой вопрос:
[20.09.2026 01:39:28] INFO · universal.funpay     │ 👉 !ПРОДАВЕЦ
[20.09.2026 01:39:28] INFO · universal.funpay     │
[20.09.2026 01:39:28] INFO · universal.funpay     │ ©️ 𝗙𝘂𝗻𝗣𝗮𝘆 𝗨𝗻𝗶𝘃𝗲𝗿𝘀𝗮𝗹
[20.09.2026 01:39:28] INFO · universal.funpay     └──────────────────────────────────────────────────────────────────────
[20.09.2026 01:39:28] DEBUG · modules.apple_topup  🍎 Apple TopUp DEBUG: сообщение собственного аккаунта пропущено: author='Slavikbebryan'
[20.09.2026 01:39:29] DEBUG · urllib3.connectionpool https://funpay.com:443 "GET /users/10794022/ HTTP/1.1" 200 None
[20.09.2026 01:39:32] DEBUG · urllib3.connectionpool https://funpay.com:443 "GET /users/10794022/ HTTP/1.1" 200 None
[20.09.2026 01:39:32] DEBUG · urllib3.connectionpool https://funpay.com:443 "POST /runner/ HTTP/1.1" 200 None
[20.09.2026 01:39:35] DEBUG · urllib3.connectionpool https://funpay.com:443 "GET /users/10794022/ HTTP/1.1" 200 None
[20.09.2026 01:39:36] DEBUG · urllib3.connectionpool https://funpay.com:443 "POST /runner/ HTTP/1.1" 200 None
[20.09.2026 01:39:37] DEBUG · urllib3.connectionpool https://funpay.com:443 "POST /runner/ HTTP/1.1" 200 None
[20.09.2026 01:39:37] INFO · universal.funpay     Новое сообщение в чате с barabanjj22:
[20.09.2026 01:39:37] INFO · universal.funpay     │ barabanjj22:
[20.09.2026 01:39:37] INFO · universal.funpay     │ !инструкция
[20.09.2026 01:39:37] INFO · universal.funpay     └────────────────────────────────────
[20.09.2026 01:39:37] DEBUG · urllib3.connectionpool https://funpay.com:443 "POST /runner/ HTTP/1.1" 200 None
[20.09.2026 01:39:39] DEBUG · urllib3.connectionpool https://funpay.com:443 "GET /users/10794022/ HTTP/1.1" 200 None
[20.09.2026 01:39:40] DEBUG · urllib3.connectionpool https://funpay.com:443 "POST /runner/ HTTP/1.1" 200 None
[20.09.2026 01:39:40] INFO · universal.funpay     Новое сообщение в чате с barabanjj22:
[20.09.2026 01:39:40] INFO · universal.funpay     │ Slavikbebryan:
[20.09.2026 01:39:40] INFO · universal.funpay     │ 👋 Добро пожаловать, barabanjj22, в SlavikStore⚡️
[20.09.2026 01:39:40] INFO · universal.funpay     │
[20.09.2026 01:39:40] INFO · universal.funpay     │ Если вы готовы приобрести подписку и хотите увидеть актуальные цены:
[20.09.2026 01:39:40] INFO · universal.funpay     │ 👉 !ПРАЙС
[20.09.2026 01:39:40] INFO · universal.funpay     │
[20.09.2026 01:39:40] INFO · universal.funpay     │ 📖 Если у вас есть вопросы по оформлению подписки:
[20.09.2026 01:39:40] INFO · universal.funpay     │ 👉 !ИНСТРУКЦИЯ
[20.09.2026 01:39:40] INFO · universal.funpay     │
[20.09.2026 01:39:40] INFO · universal.funpay     │ 💬 Если у вас другой вопрос:
[20.09.2026 01:39:40] INFO · universal.funpay     │ 👉 !ПРОДАВЕЦ
[20.09.2026 01:39:40] INFO · universal.funpay     │
[20.09.2026 01:39:40] INFO · universal.funpay     │ ©️ 𝗙𝘂𝗻𝗣𝗮𝘆 𝗨𝗻𝗶𝘃𝗲𝗿𝘀𝗮𝗹
[20.09.2026 01:39:40] INFO · universal.funpay     └──────────────────────────────────────────────────────────────────────
[20.09.2026 01:39:40] DEBUG · modules.apple_topup  🍎 Apple TopUp DEBUG: сообщение собственного аккаунта пропущено: author='Slavikbebryan'
[20.09.2026 01:39:42] DEBUG · urllib3.connectionpool https://funpay.com:443 "GET /users/10794022/ HTTP/1.1" 200 None
[20.09.2026 01:39:44] DEBUG · urllib3.connectionpool https://funpay.com:443 "POST /runner/ HTTP/1.1" 200 None
[20.09.2026 01:39:45] DEBUG · urllib3.connectionpool https://funpay.com:443 "GET /users/10794022/ HTTP/1.1" 200 None
[20.09.2026 01:39:48] DEBUG · urllib3.connectionpool https://funpay.com:443 "POST /runner/ HTTP/1.1" 200 None
[20.09.2026 01:39:48] DEBUG · urllib3.connectionpool https://funpay.com:443 "GET /users/10794022/ HTTP/1.1" 200 None
[20.09.2026 01:39:52] DEBUG · urllib3.connectionpool https://funpay.com:443 "GET /users/10794022/ HTTP/1.1" 200 None
[20.09.2026 01:39:52] DEBUG · urllib3.connectionpool https://funpay.com:443 "POST /runner/ HTTP/1.1" 200 None
[20.09.2026 01:39:52] DEBUG · urllib3.connectionpool https://funpay.com:443 "POST /runner/ HTTP/1.1" 200 None
[20.09.2026 01:39:52] INFO · universal.funpay     Новое сообщение в чате с barabanjj22:
[20.09.2026 01:39:52] INFO · universal.funpay     │ barabanjj22:
[20.09.2026 01:39:52] INFO · universal.funpay     │ !ПРАЙС
[20.09.2026 01:39:52] INFO · universal.funpay     └────────────────────────────────────
[20.09.2026 01:39:53] DEBUG · urllib3.connectionpool https://funpay.com:443 "POST /runner/ HTTP/1.1" 200 None
[20.09.2026 01:39:53] DEBUG · urllib3.connectionpool https://funpay.com:443 "POST /runner/ HTTP/1.1" 200 None
[20.09.2026 01:39:53] DEBUG · urllib3.connectionpool https://funpay.com:443 "POST /runner/ HTTP/1.1" 200 None
[20.09.2026 01:39:53] ERROR · universal.funpay     Не удалось отправить сообщение «📋 АКТУАЛЬНЫЙ ПРАЙС 📋  🔥 ТАРИФЫ GO:  1️⃣ 1 месяц — 90 ₽ 2️⃣ 3 месяца — 250 ₽ 3️⃣ 6 месяцев — 450 ₽ 4️⃣ 12 месяцев — 950 ₽  🔥 ТАРИФЫ GO+:  5️⃣ 1 месяц — 130 ₽ 6️⃣ 3 месяца — 400 ₽ 7️⃣ 6 месяцев — 750 ₽ 8️⃣ 12 месяцев — 1450 ₽  💬 Напишите номер нужного тарифа (например: 1)  ⚠️ ВНИМАНИЕ! Это итоговая стоимость на FunPay. Заплатите ровно столько, сколько указано выше.  📋 !МЕНЮ — вернуться в главное меню.  ©️ 𝗙𝘂𝗻𝗣𝗮𝘆 𝗨𝗻𝗶𝘃𝗲𝗿𝘀𝗮𝗹» в чат 287190642 
[20.09.2026 01:39:55] DEBUG · urllib3.connectionpool https://funpay.com:443 "GET /users/10794022/ HTTP/1.1" 200 None
[20.09.2026 01:39:56] DEBUG · urllib3.connectionpool https://funpay.com:443 "POST /runner/ HTTP/1.1" 200 None
[20.09.2026 01:39:58] DEBUG · urllib3.connectionpool https://funpay.com:443 "GET /users/10794022/ HTTP/1.1" 200 None
[20.09.2026 01:40:00] DEBUG · urllib3.connectionpool https://funpay.com:443 "POST /runner/ HTTP/1.1" 200 None
[20.09.2026 01:40:01] DEBUG · urllib3.connectionpool https://funpay.com:443 "GET /users/10794022/ HTTP/1.1" 200 None
[20.09.2026 01:40:04] DEBUG · urllib3.connectionpool https://funpay.com:443 "POST /runner/ HTTP/1.1" 200 None
[20.09.2026 01:40:05] DEBUG · urllib3.connectionpool https://funpay.com:443 "GET /users/10794022/ HTTP/1.1" 200 None
[20.09.2026 01:40:08] DEBUG · urllib3.connectionpool https://funpay.com:443 "POST /runner/ HTTP/1.1" 200 None
[20.09.2026 01:40:08] DEBUG · urllib3.connectionpool https://funpay.com:443 "GET /users/10794022/ HTTP/1.1" 200 None
[20.09.2026 01:40:11] DEBUG · urllib3.connectionpool https://funpay.com:443 "GET /users/10794022/ HTTP/1.1" 200 None
[20.09.2026 01:40:12] DEBUG · urllib3.connectionpool https://funpay.com:443 "POST /runner/ HTTP/1.1" 200 None
[20.09.2026 01:40:15] DEBUG · urllib3.connectionpool https://funpay.com:443 "GET /users/10794022/ HTTP/1.1" 200 None
[20.09.2026 01:40:16] DEBUG · urllib3.connectionpool https://funpay.com:443 "POST /runner/ HTTP/1.1" 200 None
[20.09.2026 01:40:18] DEBUG · urllib3.connectionpool https://funpay.com:443 "GET /users/10794022/ HTTP/1.1" 200 None
[20.09.2026 01:40:20] DEBUG · urllib3.connectionpool https://funpay.com:443 "POST /runner/ HTTP/1.1" 200 None
[20.09.2026 01:40:21] DEBUG · urllib3.connectionpool https://funpay.com:443 "GET /users/10794022/ HTTP/1.1" 200 None
[20.09.2026 01:40:24] DEBUG · urllib3.connectionpool https://funpay.com:443 "POST /runner/ HTTP/1.1" 200 None
[20.09.2026 01:40:25] DEBUG · urllib3.connectionpool https://funpay.com:443 "GET /users/10794022/ HTTP/1.1" 200 None
[20.09.2026 01:40:28] DEBUG · urllib3.connectionpool https://funpay.com:443 "POST /runner/ HTTP/1.1" 200 None
[20.09.2026 01:40:29] DEBUG · urllib3.connectionpool https://funpay.com:443 "GET /users/10794022/ HTTP/1.1" 200 None
[20.09.2026 01:40:32] DEBUG · urllib3.connectionpool https://funpay.com:443 "GET /users/10794022/ HTTP/1.1" 200 None
[20.09.2026 01:40:32] DEBUG · urllib3.connectionpool https://funpay.com:443 "POST /runner/ HTTP/1.1" 200 None
[20.09.2026 01:40:35] DEBUG · urllib3.connectionpool https://funpay.com:443 "GET /users/10794022/ HTTP/1.1" 200 None
[20.09.2026 01:40:36] DEBUG · urllib3.connectionpool https://funpay.com:443 "POST /runner/ HTTP/1.1" 200 None
[20.09.2026 01:40:39] DEBUG · urllib3.connectionpool https://funpay.com:443 "GET /users/10794022/ HTTP/1.1" 200 None
[20.09.2026 01:40:40] DEBUG · urllib3.connectionpool https://funpay.com:443 "POST /runner/ HTTP/1.1" 200 None
[20.09.2026 01:40:42] DEBUG · urllib3.connectionpool https://funpay.com:443 "GET /users/10794022/ HTTP/1.1" 200 None
[20.09.2026 01:40:44] DEBUG · urllib3.connectionpool https://funpay.com:443 "POST /runner/ HTTP/1.1" 200 None
[20.09.2026 01:40:45] DEBUG · urllib3.connectionpool https://funpay.com:443 "GET /users/10794022/ HTTP/1.1" 200 None
[20.09.2026 01:40:48] DEBUG · urllib3.connectionpool https://funpay.com:443 "POST /runner/ HTTP/1.1" 200 None
[20.09.2026 01:40:49] DEBUG · urllib3.connectionpool https://funpay.com:443 "GET /users/10794022/ HTTP/1.1" 200 None
[20.09.2026 01:40:52] DEBUG · urllib3.connectionpool https://funpay.com:443 "GET /users/10794022/ HTTP/1.1" 200 None
[20.09.2026 01:40:52] DEBUG · urllib3.connectionpool https://funpay.com:443 "POST /runner/ HTTP/1.1" 200 None
[20.09.2026 01:40:55] DEBUG · urllib3.connectionpool https://funpay.com:443 "GET /users/10794022/ HTTP/1.1" 200 None
[20.09.2026 01:40:56] DEBUG · urllib3.connectionpool https://funpay.com:443 "POST /runner/ HTTP/1.1" 200 None
[20.09.2026 01:40:59] DEBUG · urllib3.connectionpool https://funpay.com:443 "GET /users/10794022/ HTTP/1.1" 200 None
[20.09.2026 01:41:00] DEBUG · urllib3.connectionpool https://funpay.com:443 "POST /runner/ HTTP/1.1" 200 None
[20.09.2026 01:41:02] DEBUG · urllib3.connectionpool https://funpay.com:443 "GET /users/10794022/ HTTP/1.1" 200 None
[20.09.2026 01:41:04] DEBUG · urllib3.connectionpool https://funpay.com:443 "POST /runner/ HTTP/1.1" 200 None
[20.09.2026 01:41:05] DEBUG · urllib3.connectionpool https://funpay.com:443 "GET /users/10794022/ HTTP/1.1" 200 None
[20.09.2026 01:41:08] DEBUG · urllib3.connectionpool https://funpay.com:443 "POST /runner/ HTTP/1.1" 200 None
[20.09.2026 01:41:09] DEBUG · urllib3.connectionpool https://funpay.com:443 "GET /users/10794022/ HTTP/1.1" 200 None
[20.09.2026 01:41:12] DEBUG · urllib3.connectionpool https://funpay.com:443 "GET /users/10794022/ HTTP/1.1" 200 None
[20.09.2026 01:41:12] DEBUG · urllib3.connectionpool https://funpay.com:443 "POST /runner/ HTTP/1.1" 200 None
[20.09.2026 01:41:15] DEBUG · urllib3.connectionpool https://funpay.com:443 "GET /users/10794022/ HTTP/1.1" 200 None
[20.09.2026 01:41:16] DEBUG · urllib3.connectionpool https://funpay.com:443 "POST /runner/ HTTP/1.1" 200 None
[20.09.2026 01:41:18] DEBUG · urllib3.connectionpool https://funpay.com:443 "GET /users/10794022/ HTTP/1.1" 200 None
[20.09.2026 01:41:20] DEBUG · urllib3.connectionpool https://funpay.com:443 "POST /runner/ HTTP/1.1" 200 None
[20.09.2026 01:41:22] DEBUG · urllib3.connectionpool https://funpay.com:443 "GET /users/10794022/ HTTP/1.1" 200 None
[20.09.2026 01:41:24] DEBUG · urllib3.connectionpool https://funpay.com:443 "POST /runner/ HTTP/1.1" 200 None
[20.09.2026 01:41:25] DEBUG · urllib3.connectionpool https://funpay.com:443 "GET /users/10794022/ HTTP/1.1" 200 None
[20.09.2026 01:41:28] DEBUG · urllib3.connectionpool https://funpay.com:443 "POST /runner/ HTTP/1.1" 200 None
[20.09.2026 01:41:29] DEBUG · urllib3.connectionpool https://funpay.com:443 "GET /users/10794022/ HTTP/1.1" 200 None
[20.09.2026 01:41:32] DEBUG · urllib3.connectionpool https://funpay.com:443 "GET /users/10794022/ HTTP/1.1" 200 None
[20.09.2026 01:41:32] DEBUG · urllib3.connectionpool https://funpay.com:443 "POST /runner/ HTTP/1.1" 200 None
[20.09.2026 01:41:36] DEBUG · urllib3.connectionpool https://funpay.com:443 "GET /users/10794022/ HTTP/1.1" 200 None
[20.09.2026 01:41:36] DEBUG · urllib3.connectionpool https://funpay.com:443 "POST /runner/ HTTP/1.1" 200 None
[20.09.2026 01:41:39] DEBUG · urllib3.connectionpool https://funpay.com:443 "GET /users/10794022/ HTTP/1.1" 200 None
[20.09.2026 01:41:40] DEBUG · urllib3.connectionpool https://funpay.com:443 "POST /runner/ HTTP/1.1" 200 None
[20.09.2026 09:19:48] DEBUG · urllib3.connectionpool Starting new HTTPS connection (1): api.github.com:443
[20.09.2026 09:19:48] DEBUG · urllib3.connectionpool https://api.github.com:443 "GET /repos/alleexxeeyy/funpay-universal/releases HTTP/1.1" 200 5955
[20.09.2026 09:19:48] INFO · universal.updater    У вас установлена последняя версия: 1.18.2
[20.09.2026 09:19:48] INFO · universal            
[20.09.2026 09:19:48] DEBUG · urllib3.connectionpool Starting new HTTPS connection (1): funpay.com:443
[20.09.2026 09:19:49] DEBUG · urllib3.connectionpool https://funpay.com:443 "GET / HTTP/1.1" 200 None
[20.09.2026 09:19:50] INFO · universal            FunPay аккаунт успешно авторизован.
[20.09.2026 09:19:50] DEBUG · urllib3.connectionpool Starting new HTTPS connection (1): funpay.com:443
[20.09.2026 09:19:50] DEBUG · urllib3.connectionpool https://funpay.com:443 "GET / HTTP/1.1" 200 None
[20.09.2026 09:19:51] DEBUG · urllib3.connectionpool https://funpay.com:443 "GET /users/10794022/ HTTP/1.1" 200 None
[20.09.2026 09:19:51] DEBUG · urllib3.connectionpool Starting new HTTPS connection (1): api.telegram.org:443
[20.09.2026 09:19:51] DEBUG · urllib3.connectionpool https://api.telegram.org:443 "GET /bot8756373718:AAF7UShfdcPoSa4xL_OhGoEeELgqwJzepak/getMe HTTP/1.1" 200 416
[20.09.2026 09:19:51] INFO · universal            Telegram бот успешно работает.
[20.09.2026 09:19:51] INFO · universal            
[20.09.2026 09:19:51] DEBUG · asyncio              Using proactor: IocpProactor
[20.09.2026 09:19:51] INFO · universal.modules    Подключен 1 модуль: Apple TopUp 1.0.0
[20.09.2026 09:19:52] DEBUG · asyncio              Using proactor: IocpProactor
[20.09.2026 09:19:52] DEBUG · urllib3.connectionpool Starting new HTTPS connection (1): funpay.com:443
[20.09.2026 09:19:52] DEBUG · urllib3.connectionpool https://funpay.com:443 "GET / HTTP/1.1" 200 None
[20.09.2026 09:19:53] INFO · universal.telegram   
[20.09.2026 09:19:53] INFO · universal.telegram   Telegram бот @panel_funpay_bot запущен и активен
[20.09.2026 09:19:53] INFO · universal.funpay     
[20.09.2026 09:19:53] INFO · universal.funpay     FunPay бот запущен и активен
[20.09.2026 09:19:53] INFO · universal.funpay     
[20.09.2026 09:19:53] INFO · universal.funpay     ───────────────────────────────────────
[20.09.2026 09:19:53] INFO · universal.funpay     Информация об аккаунте:
[20.09.2026 09:19:53] INFO · universal.funpay      · ID: 10794022
[20.09.2026 09:19:53] INFO · universal.funpay      · Никнейм: Slavikbebryan
[20.09.2026 09:19:53] INFO · universal.funpay      · Баланс: 10713 RUB
[20.09.2026 09:19:53] INFO · universal.funpay      · Активные продажи: 5
[20.09.2026 09:19:53] INFO · universal.funpay      · Активные покупки: 0
[20.09.2026 09:19:53] INFO · universal.funpay     ───────────────────────────────────────
[20.09.2026 09:19:53] DEBUG · asyncio              Using proactor: IocpProactor
[20.09.2026 09:19:53] DEBUG · urllib3.connectionpool Starting new HTTPS connection (2): funpay.com:443
[20.09.2026 09:19:53] DEBUG · urllib3.connectionpool Starting new HTTPS connection (3): funpay.com:443
[20.09.2026 09:19:53] DEBUG · urllib3.connectionpool Starting new HTTPS connection (4): funpay.com:443
[20.09.2026 09:19:53] DEBUG · urllib3.connectionpool https://funpay.com:443 "GET / HTTP/1.1" 200 None
[20.09.2026 09:19:54] DEBUG · urllib3.connectionpool https://funpay.com:443 "GET /users/10794022/ HTTP/1.1" 200 None
[20.09.2026 09:19:54] DEBUG · urllib3.connectionpool https://funpay.com:443 "POST /lots/raise HTTP/1.1" 200 None
[20.09.2026 09:19:54] DEBUG · FunPayAPI.account    Ответ FunPay (поднятие категорий): {'error': True, 'msg': 'Подождите 3 часа.', 'wait': 11075, 'unlock_at': '2026-09-20T09:24:31Z'}.
[20.09.2026 09:19:54] WARNING · universal.funpay     Категорию «Прочее» можно будет поднять через 11075 сек.
[20.09.2026 09:19:54] DEBUG · urllib3.connectionpool https://funpay.com:443 "POST /runner/ HTTP/1.1" 200 None
[20.09.2026 09:19:54] DEBUG · urllib3.connectionpool https://funpay.com:443 "POST /lots/raise HTTP/1.1" 200 None
[20.09.2026 09:19:54] DEBUG · FunPayAPI.account    Ответ FunPay (поднятие категорий): {'error': True, 'msg': 'Подождите час.', 'wait': 5352, 'unlock_at': '2026-09-20T07:49:08Z'}.
[20.09.2026 09:19:54] WARNING · universal.funpay     Категорию «Аккаунты» можно будет поднять через 5352 сек.
[20.09.2026 09:19:54] DEBUG · urllib3.connectionpool https://funpay.com:443 "GET /users/10794022/ HTTP/1.1" 200 None
[20.09.2026 09:19:54] INFO · modules.apple_topup  🍎 Apple TopUp: незавершённых заказов для восстановления нет
[20.09.2026 09:19:54] DEBUG · asyncio              Using proactor: IocpProactor
[20.09.2026 09:19:54] DEBUG · urllib3.connectionpool https://funpay.com:443 "POST /lots/raise HTTP/1.1" 200 None
[20.09.2026 09:19:54] DEBUG · FunPayAPI.account    Ответ FunPay (поднятие категорий): {'error': True, 'msg': 'Подождите 2 часа.', 'wait': 8054, 'unlock_at': '2026-09-20T08:34:10Z'}.
[20.09.2026 09:19:54] WARNING · universal.funpay     Категорию «Промокоды» можно будет поднять через 8054 сек.
[20.09.2026 09:19:54] DEBUG · urllib3.connectionpool https://funpay.com:443 "GET /orders/trade HTTP/1.1" 200 None
[20.09.2026 09:19:54] DEBUG · urllib3.connectionpool https://funpay.com:443 "POST /lots/raise HTTP/1.1" 200 None
[20.09.2026 09:19:54] DEBUG · FunPayAPI.account    Ответ FunPay (поднятие категорий): {'error': True, 'msg': 'Подождите 2 часа.', 'wait': 8054, 'unlock_at': '2026-09-20T08:34:10Z'}.
[20.09.2026 09:19:54] WARNING · universal.funpay     Категорию «Прочее» можно будет поднять через 8054 сек.
[20.09.2026 09:19:55] DEBUG · urllib3.connectionpool https://funpay.com:443 "POST /lots/raise HTTP/1.1" 200 None
[20.09.2026 09:19:55] DEBUG · FunPayAPI.account    Ответ FunPay (поднятие категорий): {'error': True, 'msg': 'Подождите 25 минут.', 'wait': 1518, 'unlock_at': '2026-09-20T06:45:14Z'}.
[20.09.2026 09:19:55] WARNING · universal.funpay     Категорию «Прочее» можно будет поднять через 1518 сек.
[20.09.2026 09:19:55] DEBUG · urllib3.connectionpool https://funpay.com:443 "POST /lots/raise HTTP/1.1" 200 None
[20.09.2026 09:19:55] DEBUG · FunPayAPI.account    Ответ FunPay (поднятие категорий): {'error': True, 'msg': 'Подождите 3 часа.', 'wait': 11086, 'unlock_at': '2026-09-20T09:24:42Z'}.
[20.09.2026 09:19:55] WARNING · universal.funpay     Категорию «Услуги» можно будет поднять через 11086 сек.
[20.09.2026 09:19:55] DEBUG · urllib3.connectionpool https://funpay.com:443 "POST /lots/raise HTTP/1.1" 200 None
[20.09.2026 09:19:55] DEBUG · FunPayAPI.account    Ответ FunPay (поднятие категорий): {'error': True, 'msg': 'Подождите 3 часа.', 'wait': 11090, 'unlock_at': '2026-09-20T09:24:47Z'}.
[20.09.2026 09:19:55] WARNING · universal.funpay     Категорию «Прочее» можно будет поднять через 11090 сек.
[20.09.2026 09:19:55] DEBUG · urllib3.connectionpool https://funpay.com:443 "POST /lots/raise HTTP/1.1" 200 None
[20.09.2026 09:19:55] DEBUG · FunPayAPI.account    Ответ FunPay (поднятие категорий): {'error': True, 'msg': 'Подождите 2 часа.', 'wait': 6694, 'unlock_at': '2026-09-20T08:11:31Z'}.
[20.09.2026 09:19:55] WARNING · universal.funpay     Категорию «Аккаунты» можно будет поднять через 6694 сек.
[20.09.2026 09:19:55] DEBUG · urllib3.connectionpool https://funpay.com:443 "POST /lots/raise HTTP/1.1" 200 None
[20.09.2026 09:19:55] DEBUG · FunPayAPI.account    Ответ FunPay (поднятие категорий): {'error': True, 'msg': 'Подождите 11 минут.', 'wait': 633, 'unlock_at': '2026-09-20T06:30:30Z'}.
[20.09.2026 09:19:55] WARNING · universal.funpay     Категорию «Гайды» можно будет поднять через 633 сек.
[20.09.2026 09:19:55] DEBUG · urllib3.connectionpool https://funpay.com:443 "POST /lots/raise HTTP/1.1" 200 None
[20.09.2026 09:19:55] DEBUG · FunPayAPI.account    Ответ FunPay (поднятие категорий): {'error': True, 'msg': 'Подождите 11 минут.', 'wait': 633, 'unlock_at': '2026-09-20T06:30:30Z'}.
[20.09.2026 09:19:55] WARNING · universal.funpay     Категорию «Конфиги» можно будет поднять через 633 сек.
[20.09.2026 09:19:55] DEBUG · urllib3.connectionpool https://funpay.com:443 "POST /lots/raise HTTP/1.1" 200 None
[20.09.2026 09:19:55] DEBUG · FunPayAPI.account    Ответ FunPay (поднятие категорий): {'error': True, 'msg': 'Подождите 11 минут.', 'wait': 633, 'unlock_at': '2026-09-20T06:30:30Z'}.
[20.09.2026 09:19:55] WARNING · universal.funpay     Категорию «Ресурс-паки» можно будет поднять через 633 сек.
[20.09.2026 09:19:56] DEBUG · urllib3.connectionpool https://funpay.com:443 "POST /lots/raise HTTP/1.1" 429 162
[20.09.2026 09:19:56] DEBUG · universal.utils      https://funpay.com/lots/raise — 429. Пробую отправить запрос снова через 5.0 сек.
[20.09.2026 09:19:57] DEBUG · urllib3.connectionpool https://funpay.com:443 "POST /runner/ HTTP/1.1" 200 None
[20.09.2026 09:20:01] DEBUG · urllib3.connectionpool https://funpay.com:443 "POST /runner/ HTTP/1.1" 200 None
[20.09.2026 09:20:02] DEBUG · urllib3.connectionpool https://funpay.com:443 "POST /lots/raise HTTP/1.1" 200 None
[20.09.2026 09:20:02] DEBUG · FunPayAPI.account    Ответ FunPay (поднятие категорий): {'error': True, 'msg': 'Подождите 3 часа.', 'wait': 11088, 'unlock_at': '2026-09-20T09:24:51Z'}.
[20.09.2026 09:20:02] WARNING · universal.funpay     Категорию «Шаблоны» можно будет поднять через 11088 сек.
[20.09.2026 09:20:02] DEBUG · urllib3.connectionpool https://funpay.com:443 "POST /lots/raise HTTP/1.1" 200 None
[20.09.2026 09:20:02] DEBUG · FunPayAPI.account    Ответ FunPay (поднятие категорий): {'error': True, 'msg': 'Подождите час.', 'wait': 4677, 'unlock_at': '2026-09-20T07:38:00Z'}.
[20.09.2026 09:20:02] WARNING · universal.funpay     Категорию «Подписка» можно будет поднять через 4677 сек.
[20.09.2026 09:20:02] DEBUG · urllib3.connectionpool https://funpay.com:443 "POST /lots/raise HTTP/1.1" 429 162
[20.09.2026 09:20:02] DEBUG · universal.utils      https://funpay.com/lots/raise — 429. Пробую отправить запрос снова через 5.0 сек.
[20.09.2026 09:20:05] DEBUG · urllib3.connectionpool https://funpay.com:443 "POST /runner/ HTTP/1.1" 200 None
[20.09.2026 09:20:08] DEBUG · urllib3.connectionpool https://funpay.com:443 "POST /lots/raise HTTP/1.1" 200 None
[20.09.2026 09:20:08] DEBUG · FunPayAPI.account    Ответ FunPay (поднятие категорий): {'error': True, 'msg': 'Подождите 2 часа.', 'wait': 8727, 'unlock_at': '2026-09-20T08:45:36Z'}.
[20.09.2026 09:20:08] WARNING · universal.funpay     Категорию «Услуги» можно будет поднять через 8727 сек.
[20.09.2026 09:20:08] DEBUG · urllib3.connectionpool https://funpay.com:443 "POST /lots/raise HTTP/1.1" 200 None
[20.09.2026 09:20:08] DEBUG · FunPayAPI.account    Ответ FunPay (поднятие категорий): {'error': True, 'msg': 'Подождите 3 часа.', 'wait': 11089, 'unlock_at': '2026-09-20T09:24:59Z'}.
[20.09.2026 09:20:08] WARNING · universal.funpay     Категорию «Прочее» можно будет поднять через 11089 сек.
[20.09.2026 09:20:09] DEBUG · urllib3.connectionpool https://funpay.com:443 "POST /runner/ HTTP/1.1" 200 None
[20.09.2026 09:20:11] DEBUG · urllib3.connectionpool https://funpay.com:443 "GET /users/10794022/ HTTP/1.1" 200 None
[20.09.2026 09:20:13] DEBUG · urllib3.connectionpool https://funpay.com:443 "POST /runner/ HTTP/1.1" 200 None
[20.09.2026 09:20:15] DEBUG · urllib3.connectionpool https://funpay.com:443 "GET /users/10794022/ HTTP/1.1" 200 None
[20.09.2026 09:20:17] DEBUG · urllib3.connectionpool https://funpay.com:443 "POST /runner/ HTTP/1.1" 200 None
[20.09.2026 09:20:18] DEBUG · urllib3.connectionpool https://funpay.com:443 "GET /users/10794022/ HTTP/1.1" 200 None
[20.09.2026 09:20:21] DEBUG · urllib3.connectionpool https://funpay.com:443 "GET /users/10794022/ HTTP/1.1" 200 None
[20.09.2026 09:20:21] DEBUG · urllib3.connectionpool https://funpay.com:443 "POST /runner/ HTTP/1.1" 200 None
[20.09.2026 09:20:24] DEBUG · urllib3.connectionpool https://funpay.com:443 "GET /users/10794022/ HTTP/1.1" 200 None
[20.09.2026 09:20:25] DEBUG · urllib3.connectionpool https://funpay.com:443 "POST /runner/ HTTP/1.1" 200 None
[20.09.2026 09:20:28] DEBUG · urllib3.connectionpool https://funpay.com:443 "GET /users/10794022/ HTTP/1.1" 200 None
[20.09.2026 09:20:30] DEBUG · urllib3.connectionpool https://funpay.com:443 "POST /runner/ HTTP/1.1" 200 None
[20.09.2026 09:20:30] DEBUG · urllib3.connectionpool https://funpay.com:443 "POST /runner/ HTTP/1.1" 200 None
[20.09.2026 09:20:30] INFO · universal.funpay     Новое сообщение в чате с barabanjj22:
[20.09.2026 09:20:30] INFO · universal.funpay     │ barabanjj22:
[20.09.2026 09:20:30] INFO · universal.funpay     │ дарова
[20.09.2026 09:20:30] INFO · universal.funpay     └────────────────────────────────────
[20.09.2026 09:20:30] DEBUG · urllib3.connectionpool https://funpay.com:443 "POST /runner/ HTTP/1.1" 200 None
[20.09.2026 09:20:31] DEBUG · urllib3.connectionpool https://funpay.com:443 "GET /users/10794022/ HTTP/1.1" 200 None
[20.09.2026 09:20:33] DEBUG · urllib3.connectionpool https://funpay.com:443 "POST /runner/ HTTP/1.1" 200 None
[20.09.2026 09:20:34] INFO · universal.funpay     Новое сообщение в чате с barabanjj22:
[20.09.2026 09:20:34] INFO · universal.funpay     │ Slavikbebryan:
[20.09.2026 09:20:34] INFO · universal.funpay     │ 👋 Добро пожаловать, barabanjj22, в SlavikStore⚡️
[20.09.2026 09:20:34] INFO · universal.funpay     │
[20.09.2026 09:20:34] INFO · universal.funpay     │ Если вы готовы приобрести подписку и хотите увидеть актуальные цены:
[20.09.2026 09:20:34] INFO · universal.funpay     │ 👉 !ПРАЙС
[20.09.2026 09:20:34] INFO · universal.funpay     │
[20.09.2026 09:20:34] INFO · universal.funpay     │ 📖 Если у вас есть вопросы по оформлению подписки:
[20.09.2026 09:20:34] INFO · universal.funpay     │ 👉 !ИНСТРУКЦИЯ
[20.09.2026 09:20:34] INFO · universal.funpay     │
[20.09.2026 09:20:34] INFO · universal.funpay     │ 💬 Если у вас другой вопрос:
[20.09.2026 09:20:34] INFO · universal.funpay     │ 👉 !ПРОДАВЕЦ
[20.09.2026 09:20:34] INFO · universal.funpay     │
[20.09.2026 09:20:34] INFO · universal.funpay     │ ©️ 𝗙𝘂𝗻𝗣𝗮𝘆 𝗨𝗻𝗶𝘃𝗲𝗿𝘀𝗮𝗹
[20.09.2026 09:20:34] INFO · universal.funpay     └──────────────────────────────────────────────────────────────────────
[20.09.2026 09:20:34] DEBUG · modules.apple_topup  🍎 Apple TopUp DEBUG: сообщение собственного аккаунта пропущено: author='Slavikbebryan'
[20.09.2026 09:20:34] DEBUG · urllib3.connectionpool https://funpay.com:443 "GET /users/10794022/ HTTP/1.1" 200 None
[20.09.2026 09:20:37] DEBUG · urllib3.connectionpool https://funpay.com:443 "POST /runner/ HTTP/1.1" 200 None
[20.09.2026 09:20:38] DEBUG · urllib3.connectionpool https://funpay.com:443 "GET /users/10794022/ HTTP/1.1" 200 None
[20.09.2026 09:20:38] DEBUG · urllib3.connectionpool https://funpay.com:443 "POST /runner/ HTTP/1.1" 200 None
[20.09.2026 09:20:38] INFO · universal.funpay     Новое сообщение в чате с barabanjj22:
[20.09.2026 09:20:38] INFO · universal.funpay     │ barabanjj22:
[20.09.2026 09:20:38] INFO · universal.funpay     │ !ПРАЙС
[20.09.2026 09:20:38] INFO · universal.funpay     └────────────────────────────────────
[20.09.2026 09:20:38] DEBUG · urllib3.connectionpool https://funpay.com:443 "POST /runner/ HTTP/1.1" 200 None
[20.09.2026 09:20:38] WARNING · universal.funpay     FunPay отклонил сообщение в чат 287190642: Слишком много строк.
[20.09.2026 09:20:41] DEBUG · urllib3.connectionpool https://funpay.com:443 "GET /users/10794022/ HTTP/1.1" 200 None
[20.09.2026 09:20:41] DEBUG · urllib3.connectionpool https://funpay.com:443 "POST /runner/ HTTP/1.1" 200 None
[20.09.2026 09:20:41] WARNING · universal.funpay     FunPay отклонил сообщение в чат 287190642: Слишком много строк.
[20.09.2026 09:20:44] DEBUG · urllib3.connectionpool https://funpay.com:443 "GET /users/10794022/ HTTP/1.1" 200 None
[20.09.2026 09:20:45] DEBUG · urllib3.connectionpool https://funpay.com:443 "POST /runner/ HTTP/1.1" 200 None
[20.09.2026 09:20:45] WARNING · universal.funpay     FunPay отклонил сообщение в чат 287190642: Слишком много строк.
[20.09.2026 09:20:45] ERROR · universal.funpay     Не удалось отправить сообщение «📋 АКТУАЛЬНЫЙ ПРАЙС 📋  🔥 ТАРИФЫ GO:  1️⃣ 1 месяц — 90 ₽ 2️⃣ 3 месяца — 250 ₽ 3️⃣ 6 месяцев — 450 ₽ 4️⃣ 12 месяцев — 950 ₽  🔥 ТАРИФЫ GO+:  5️⃣ 1 месяц — 130 ₽ 6️⃣ 3 месяца — 400 ₽ 7️⃣ 6 месяцев — 750 ₽ 8️⃣ 12 месяцев — 1450 ₽  💬 Напишите номер нужного тарифа (например: 1)  ⚠️ ВНИМАНИЕ! Это итоговая стоимость на FunPay. Заплатите ровно столько, сколько указано выше.  📋 !МЕНЮ — вернуться в главное меню.  ©️ 𝗙𝘂𝗻𝗣𝗮𝘆 𝗨𝗻𝗶𝘃𝗲𝗿𝘀𝗮𝗹» в чат 287190642 после 3 попыток
[20.09.2026 09:20:45] DEBUG · urllib3.connectionpool https://funpay.com:443 "POST /runner/ HTTP/1.1" 200 None
[20.09.2026 09:20:47] DEBUG · urllib3.connectionpool https://funpay.com:443 "GET /users/10794022/ HTTP/1.1" 200 None
[20.09.2026 09:20:49] DEBUG · urllib3.connectionpool https://funpay.com:443 "POST /runner/ HTTP/1.1" 200 None
[20.09.2026 09:20:51] DEBUG · urllib3.connectionpool https://funpay.com:443 "GET /users/10794022/ HTTP/1.1" 200 None
[20.09.2026 09:20:53] DEBUG · urllib3.connectionpool https://funpay.com:443 "POST /runner/ HTTP/1.1" 200 None
[20.09.2026 09:20:54] DEBUG · urllib3.connectionpool https://funpay.com:443 "GET /users/10794022/ HTTP/1.1" 200 None
[20.09.2026 09:20:57] DEBUG · urllib3.connectionpool https://funpay.com:443 "GET /users/10794022/ HTTP/1.1" 200 None
[20.09.2026 09:20:57] DEBUG · urllib3.connectionpool https://funpay.com:443 "POST /runner/ HTTP/1.1" 200 None
[20.09.2026 09:21:01] DEBUG · urllib3.connectionpool https://funpay.com:443 "GET /users/10794022/ HTTP/1.1" 200 None
[20.09.2026 09:21:01] DEBUG · urllib3.connectionpool https://funpay.com:443 "POST /runner/ HTTP/1.1" 200 None
[20.09.2026 09:21:04] DEBUG · urllib3.connectionpool https://funpay.com:443 "GET /users/10794022/ HTTP/1.1" 200 None
[20.09.2026 09:21:05] DEBUG · urllib3.connectionpool https://funpay.com:443 "POST /runner/ HTTP/1.1" 200 None
[20.09.2026 09:21:07] DEBUG · urllib3.connectionpool https://funpay.com:443 "GET /users/10794022/ HTTP/1.1" 200 None
[20.09.2026 09:21:09] DEBUG · urllib3.connectionpool https://funpay.com:443 "POST /runner/ HTTP/1.1" 200 None
[20.09.2026 09:21:11] DEBUG · urllib3.connectionpool https://funpay.com:443 "GET /users/10794022/ HTTP/1.1" 200 None
[20.09.2026 09:21:13] DEBUG · urllib3.connectionpool https://funpay.com:443 "POST /runner/ HTTP/1.1" 200 None
[20.09.2026 09:21:14] DEBUG · urllib3.connectionpool https://funpay.com:443 "GET /users/10794022/ HTTP/1.1" 200 None
[20.09.2026 09:21:17] DEBUG · urllib3.connectionpool https://funpay.com:443 "POST /runner/ HTTP/1.1" 200 None
[20.09.2026 09:21:17] DEBUG · urllib3.connectionpool https://funpay.com:443 "GET /users/10794022/ HTTP/1.1" 200 None
[20.09.2026 09:21:21] DEBUG · urllib3.connectionpool https://funpay.com:443 "GET /users/10794022/ HTTP/1.1" 200 None
[20.09.2026 09:21:21] DEBUG · urllib3.connectionpool https://funpay.com:443 "POST /runner/ HTTP/1.1" 200 None
[20.09.2026 09:21:24] DEBUG · urllib3.connectionpool https://funpay.com:443 "GET /users/10794022/ HTTP/1.1" 200 None
[20.09.2026 09:21:25] DEBUG · urllib3.connectionpool https://funpay.com:443 "POST /runner/ HTTP/1.1" 200 None
[20.09.2026 09:21:27] DEBUG · urllib3.connectionpool https://funpay.com:443 "GET /users/10794022/ HTTP/1.1" 200 None
[20.09.2026 09:21:29] DEBUG · urllib3.connectionpool https://funpay.com:443 "POST /runner/ HTTP/1.1" 200 None
[20.09.2026 09:21:30] DEBUG · urllib3.connectionpool https://funpay.com:443 "GET /users/10794022/ HTTP/1.1" 200 None
[20.09.2026 09:21:33] DEBUG · urllib3.connectionpool https://funpay.com:443 "POST /runner/ HTTP/1.1" 200 None
[20.09.2026 09:21:34] DEBUG · urllib3.connectionpool https://funpay.com:443 "GET /users/10794022/ HTTP/1.1" 200 None
[20.09.2026 09:21:37] DEBUG · urllib3.connectionpool https://funpay.com:443 "GET /users/10794022/ HTTP/1.1" 200 None
[20.09.2026 09:21:37] DEBUG · urllib3.connectionpool https://funpay.com:443 "POST /runner/ HTTP/1.1" 200 None
[20.09.2026 09:21:41] DEBUG · urllib3.connectionpool https://funpay.com:443 "POST /runner/ HTTP/1.1" 200 None
[20.09.2026 09:21:41] DEBUG · urllib3.connectionpool https://funpay.com:443 "GET /users/10794022/ HTTP/1.1" 200 None
[20.09.2026 09:21:45] DEBUG · urllib3.connectionpool https://funpay.com:443 "GET /users/10794022/ HTTP/1.1" 200 None
[20.09.2026 09:21:45] DEBUG · urllib3.connectionpool https://funpay.com:443 "POST /runner/ HTTP/1.1" 200 None
[20.09.2026 09:21:48] DEBUG · urllib3.connectionpool https://funpay.com:443 "GET /users/10794022/ HTTP/1.1" 200 None
[20.09.2026 09:21:49] DEBUG · urllib3.connectionpool https://funpay.com:443 "POST /runner/ HTTP/1.1" 200 None
[20.09.2026 09:25:31] DEBUG · urllib3.connectionpool Starting new HTTPS connection (1): api.github.com:443
[20.09.2026 09:25:31] DEBUG · urllib3.connectionpool https://api.github.com:443 "GET /repos/alleexxeeyy/funpay-universal/releases HTTP/1.1" 200 5955
[20.09.2026 09:25:31] INFO · universal.updater    У вас установлена последняя версия: 1.18.2
[20.09.2026 09:25:31] INFO · universal            
[20.09.2026 09:25:31] DEBUG · urllib3.connectionpool Starting new HTTPS connection (1): funpay.com:443
[20.09.2026 09:25:32] DEBUG · urllib3.connectionpool https://funpay.com:443 "GET / HTTP/1.1" 200 None
[20.09.2026 09:25:33] INFO · universal            FunPay аккаунт успешно авторизован.
[20.09.2026 09:25:33] DEBUG · urllib3.connectionpool Starting new HTTPS connection (1): funpay.com:443
[20.09.2026 09:25:33] DEBUG · urllib3.connectionpool https://funpay.com:443 "GET / HTTP/1.1" 200 None
[20.09.2026 09:25:34] DEBUG · urllib3.connectionpool https://funpay.com:443 "GET /users/10794022/ HTTP/1.1" 200 None
[20.09.2026 09:25:34] DEBUG · urllib3.connectionpool Starting new HTTPS connection (1): api.telegram.org:443
[20.09.2026 09:25:35] DEBUG · urllib3.connectionpool https://api.telegram.org:443 "GET /bot8756373718:AAF7UShfdcPoSa4xL_OhGoEeELgqwJzepak/getMe HTTP/1.1" 200 416
[20.09.2026 09:25:35] INFO · universal            Telegram бот успешно работает.
[20.09.2026 09:25:35] INFO · universal            
[20.09.2026 09:25:35] DEBUG · asyncio              Using proactor: IocpProactor
[20.09.2026 09:25:35] INFO · universal.modules    Подключен 1 модуль: Apple TopUp 1.0.0
[20.09.2026 09:25:35] DEBUG · asyncio              Using proactor: IocpProactor
[20.09.2026 09:25:35] DEBUG · urllib3.connectionpool Starting new HTTPS connection (1): funpay.com:443
[20.09.2026 09:25:36] DEBUG · urllib3.connectionpool https://funpay.com:443 "GET / HTTP/1.1" 200 None
[20.09.2026 09:25:36] INFO · universal.telegram   
[20.09.2026 09:25:36] INFO · universal.telegram   Telegram бот @panel_funpay_bot запущен и активен
[20.09.2026 09:25:37] INFO · universal.funpay     
[20.09.2026 09:25:37] INFO · universal.funpay     FunPay бот запущен и активен
[20.09.2026 09:25:37] INFO · universal.funpay     
[20.09.2026 09:25:37] INFO · universal.funpay     ───────────────────────────────────────
[20.09.2026 09:25:37] INFO · universal.funpay     Информация об аккаунте:
[20.09.2026 09:25:37] INFO · universal.funpay      · ID: 10794022
[20.09.2026 09:25:37] INFO · universal.funpay      · Никнейм: Slavikbebryan
[20.09.2026 09:25:37] INFO · universal.funpay      · Баланс: 10713 RUB
[20.09.2026 09:25:37] INFO · universal.funpay      · Активные продажи: 5
[20.09.2026 09:25:37] INFO · universal.funpay      · Активные покупки: 0
[20.09.2026 09:25:37] INFO · universal.funpay     ───────────────────────────────────────
[20.09.2026 09:25:37] DEBUG · asyncio              Using proactor: IocpProactor
[20.09.2026 09:25:37] DEBUG · urllib3.connectionpool Starting new HTTPS connection (2): funpay.com:443
[20.09.2026 09:25:37] DEBUG · urllib3.connectionpool Starting new HTTPS connection (3): funpay.com:443
[20.09.2026 09:25:37] DEBUG · urllib3.connectionpool Starting new HTTPS connection (4): funpay.com:443
[20.09.2026 09:25:37] DEBUG · urllib3.connectionpool https://funpay.com:443 "GET / HTTP/1.1" 200 None
[20.09.2026 09:25:37] DEBUG · urllib3.connectionpool https://funpay.com:443 "POST /runner/ HTTP/1.1" 200 None
[20.09.2026 09:25:37] DEBUG · urllib3.connectionpool https://funpay.com:443 "GET /users/10794022/ HTTP/1.1" 200 None
[20.09.2026 09:25:38] DEBUG · urllib3.connectionpool https://funpay.com:443 "GET /users/10794022/ HTTP/1.1" 200 None
[20.09.2026 09:25:38] DEBUG · urllib3.connectionpool https://funpay.com:443 "GET /orders/trade HTTP/1.1" 200 None
[20.09.2026 09:25:38] INFO · modules.apple_topup  🍎 Apple TopUp: незавершённых заказов для восстановления нет
[20.09.2026 09:25:38] DEBUG · asyncio              Using proactor: IocpProactor
[20.09.2026 09:25:41] DEBUG · urllib3.connectionpool https://funpay.com:443 "GET /users/10794022/ HTTP/1.1" 200 None
[20.09.2026 09:25:41] DEBUG · urllib3.connectionpool https://funpay.com:443 "POST /runner/ HTTP/1.1" 200 None
[20.09.2026 09:25:44] DEBUG · urllib3.connectionpool https://funpay.com:443 "GET /users/10794022/ HTTP/1.1" 200 None
[20.09.2026 09:25:45] DEBUG · urllib3.connectionpool https://funpay.com:443 "POST /runner/ HTTP/1.1" 200 None
[20.09.2026 09:25:45] DEBUG · urllib3.connectionpool https://funpay.com:443 "POST /runner/ HTTP/1.1" 200 None
[20.09.2026 09:25:45] INFO · universal.funpay     Новое сообщение в чате с barabanjj22:
[20.09.2026 09:25:45] INFO · universal.funpay     │ barabanjj22:
[20.09.2026 09:25:45] INFO · universal.funpay     │ Дарова
[20.09.2026 09:25:45] INFO · universal.funpay     └────────────────────────────────────
[20.09.2026 09:25:45] DEBUG · urllib3.connectionpool https://funpay.com:443 "POST /runner/ HTTP/1.1" 200 None
[20.09.2026 09:25:47] DEBUG · urllib3.connectionpool https://funpay.com:443 "GET /users/10794022/ HTTP/1.1" 200 None
[20.09.2026 09:25:49] DEBUG · urllib3.connectionpool https://funpay.com:443 "POST /runner/ HTTP/1.1" 200 None
[20.09.2026 09:25:49] DEBUG · urllib3.connectionpool https://funpay.com:443 "POST /runner/ HTTP/1.1" 200 None
[20.09.2026 09:25:49] INFO · universal.funpay     Новое сообщение в чате с barabanjj22:
[20.09.2026 09:25:49] INFO · universal.funpay     │ Slavikbebryan:
[20.09.2026 09:25:49] INFO · universal.funpay     │ 👋 Добро пожаловать, barabanjj22, в SlavikStore⚡️
[20.09.2026 09:25:49] INFO · universal.funpay     │
[20.09.2026 09:25:49] INFO · universal.funpay     │ Если вы готовы приобрести подписку и хотите увидеть актуальные цены:
[20.09.2026 09:25:49] INFO · universal.funpay     │ 👉 !ПРАЙС
[20.09.2026 09:25:49] INFO · universal.funpay     │
[20.09.2026 09:25:49] INFO · universal.funpay     │ 📖 Если у вас есть вопросы по оформлению подписки:
[20.09.2026 09:25:49] INFO · universal.funpay     │ 👉 !ИНСТРУКЦИЯ
[20.09.2026 09:25:49] INFO · universal.funpay     │
[20.09.2026 09:25:49] INFO · universal.funpay     │ 💬 Если у вас другой вопрос:
[20.09.2026 09:25:49] INFO · universal.funpay     │ 👉 !ПРОДАВЕЦ
[20.09.2026 09:25:49] INFO · universal.funpay     │
[20.09.2026 09:25:49] INFO · universal.funpay     │ ©️ 𝗙𝘂𝗻𝗣𝗮𝘆 𝗨𝗻𝗶𝘃𝗲𝗿𝘀𝗮𝗹
[20.09.2026 09:25:49] INFO · universal.funpay     └──────────────────────────────────────────────────────────────────────
[20.09.2026 09:25:49] DEBUG · modules.apple_topup  🍎 Apple TopUp DEBUG: сообщение собственного аккаунта пропущено: author='Slavikbebryan'
[20.09.2026 09:25:49] INFO · universal.funpay     Новое сообщение в чате с barabanjj22:
[20.09.2026 09:25:49] INFO · universal.funpay     │ barabanjj22:
[20.09.2026 09:25:49] INFO · universal.funpay     │ !Прайс
[20.09.2026 09:25:49] INFO · universal.funpay     └────────────────────────────────────
[20.09.2026 09:25:49] DEBUG · urllib3.connectionpool https://funpay.com:443 "POST /runner/ HTTP/1.1" 200 None
[20.09.2026 09:25:49] WARNING · universal.funpay     FunPay отклонил сообщение в чат 287190642: Слишком много строк.
[20.09.2026 09:25:50] DEBUG · urllib3.connectionpool https://funpay.com:443 "GET /users/10794022/ HTTP/1.1" 200 None
[20.09.2026 09:25:53] DEBUG · urllib3.connectionpool https://funpay.com:443 "POST /runner/ HTTP/1.1" 200 None
[20.09.2026 09:25:53] WARNING · universal.funpay     FunPay отклонил сообщение в чат 287190642: Слишком много строк.
[20.09.2026 09:25:54] DEBUG · urllib3.connectionpool https://funpay.com:443 "GET /users/10794022/ HTTP/1.1" 200 None
[20.09.2026 09:25:56] DEBUG · urllib3.connectionpool https://funpay.com:443 "POST /runner/ HTTP/1.1" 200 None
[20.09.2026 09:25:56] WARNING · universal.funpay     FunPay отклонил сообщение в чат 287190642: Слишком много строк.
[20.09.2026 09:25:56] ERROR · universal.funpay     Не удалось отправить сообщение «📋 АКТУАЛЬНЫЙ ПРАЙС 📋  🔥 ТАРИФЫ GO:  1️⃣ 1 месяц — 90 ₽ 2️⃣ 3 месяца — 250 ₽ 3️⃣ 6 месяцев — 450 ₽ 4️⃣ 12 месяцев — 950 ₽  🔥 ТАРИФЫ GO+:  5️⃣ 1 месяц — 130 ₽ 6️⃣ 3 месяца — 400 ₽ 7️⃣ 6 месяцев — 750 ₽ 8️⃣ 12 месяцев — 1450 ₽  💬 Напишите номер нужного тарифа (например: 1)  ⚠️ ВНИМАНИЕ! Это итоговая стоимость на FunPay. Заплатите ровно столько, сколько указано выше.  📋 !МЕНЮ — вернуться в главное меню.  ©️ 𝗙𝘂𝗻𝗣𝗮𝘆 𝗨𝗻𝗶𝘃𝗲𝗿𝘀𝗮𝗹» в чат 287190642 после 3 попыток
[20.09.2026 09:25:57] DEBUG · urllib3.connectionpool https://funpay.com:443 "POST /runner/ HTTP/1.1" 200 None
[20.09.2026 09:25:57] DEBUG · urllib3.connectionpool https://funpay.com:443 "GET /users/10794022/ HTTP/1.1" 200 None
[20.09.2026 09:26:00] DEBUG · urllib3.connectionpool https://funpay.com:443 "GET /users/10794022/ HTTP/1.1" 200 None
[20.09.2026 09:26:01] DEBUG · urllib3.connectionpool https://funpay.com:443 "POST /runner/ HTTP/1.1" 200 None
[20.09.2026 09:26:03] DEBUG · urllib3.connectionpool https://funpay.com:443 "GET /users/10794022/ HTTP/1.1" 200 None
[20.09.2026 09:26:05] DEBUG · urllib3.connectionpool https://funpay.com:443 "POST /runner/ HTTP/1.1" 200 None
[20.09.2026 09:26:07] DEBUG · urllib3.connectionpool https://funpay.com:443 "GET /users/10794022/ HTTP/1.1" 200 None
[20.09.2026 09:26:09] DEBUG · urllib3.connectionpool https://funpay.com:443 "POST /runner/ HTTP/1.1" 200 None
[20.09.2026 09:26:10] DEBUG · urllib3.connectionpool https://funpay.com:443 "GET /users/10794022/ HTTP/1.1" 200 None
[20.09.2026 09:26:13] DEBUG · urllib3.connectionpool https://funpay.com:443 "POST /runner/ HTTP/1.1" 200 None
[20.09.2026 09:26:13] DEBUG · urllib3.connectionpool https://funpay.com:443 "GET /users/10794022/ HTTP/1.1" 200 None
[20.09.2026 09:26:17] DEBUG · urllib3.connectionpool https://funpay.com:443 "GET /users/10794022/ HTTP/1.1" 200 None
[20.09.2026 09:26:17] DEBUG · urllib3.connectionpool https://funpay.com:443 "POST /runner/ HTTP/1.1" 200 None
[20.09.2026 09:26:20] DEBUG · urllib3.connectionpool https://funpay.com:443 "GET /users/10794022/ HTTP/1.1" 200 None
[20.09.2026 09:26:21] DEBUG · urllib3.connectionpool https://funpay.com:443 "POST /runner/ HTTP/1.1" 200 None
[20.09.2026 09:26:23] DEBUG · urllib3.connectionpool https://funpay.com:443 "GET /users/10794022/ HTTP/1.1" 200 None
[20.09.2026 09:26:25] DEBUG · urllib3.connectionpool https://funpay.com:443 "POST /runner/ HTTP/1.1" 200 None
[20.09.2026 09:26:26] DEBUG · urllib3.connectionpool https://funpay.com:443 "GET /users/10794022/ HTTP/1.1" 200 None
[20.09.2026 09:26:29] DEBUG · urllib3.connectionpool https://funpay.com:443 "POST /runner/ HTTP/1.1" 200 None
[20.09.2026 09:26:30] DEBUG · urllib3.connectionpool https://funpay.com:443 "GET /users/10794022/ HTTP/1.1" 200 None
[20.09.2026 09:26:33] DEBUG · urllib3.connectionpool https://funpay.com:443 "POST /runner/ HTTP/1.1" 200 None
[20.09.2026 09:26:33] DEBUG · urllib3.connectionpool https://funpay.com:443 "GET /users/10794022/ HTTP/1.1" 200 None
[20.09.2026 09:26:36] DEBUG · urllib3.connectionpool https://funpay.com:443 "GET /users/10794022/ HTTP/1.1" 200 None
[20.09.2026 09:26:37] DEBUG · urllib3.connectionpool https://funpay.com:443 "POST /runner/ HTTP/1.1" 200 None
[20.09.2026 09:26:40] DEBUG · urllib3.connectionpool https://funpay.com:443 "GET /users/10794022/ HTTP/1.1" 200 None
[20.09.2026 09:26:41] DEBUG · urllib3.connectionpool https://funpay.com:443 "POST /runner/ HTTP/1.1" 200 None
[20.09.2026 09:26:43] DEBUG · urllib3.connectionpool https://funpay.com:443 "GET /users/10794022/ HTTP/1.1" 200 None
[20.09.2026 09:26:45] DEBUG · urllib3.connectionpool https://funpay.com:443 "POST /runner/ HTTP/1.1" 200 None
[20.09.2026 09:26:46] DEBUG · urllib3.connectionpool https://funpay.com:443 "GET /users/10794022/ HTTP/1.1" 200 None
[20.09.2026 09:26:49] DEBUG · urllib3.connectionpool https://funpay.com:443 "POST /runner/ HTTP/1.1" 200 None
[20.09.2026 09:26:50] DEBUG · urllib3.connectionpool https://funpay.com:443 "GET /users/10794022/ HTTP/1.1" 200 None
[20.09.2026 09:26:53] DEBUG · urllib3.connectionpool https://funpay.com:443 "POST /runner/ HTTP/1.1" 200 None
[20.09.2026 09:26:53] DEBUG · urllib3.connectionpool https://funpay.com:443 "GET /users/10794022/ HTTP/1.1" 200 None
[20.09.2026 09:26:56] DEBUG · urllib3.connectionpool https://funpay.com:443 "GET /users/10794022/ HTTP/1.1" 200 None
[20.09.2026 09:26:57] DEBUG · urllib3.connectionpool https://funpay.com:443 "POST /runner/ HTTP/1.1" 200 None
[20.09.2026 09:27:00] DEBUG · urllib3.connectionpool https://funpay.com:443 "GET /users/10794022/ HTTP/1.1" 200 None
[20.09.2026 09:27:01] DEBUG · urllib3.connectionpool https://funpay.com:443 "POST /runner/ HTTP/1.1" 200 None
[20.09.2026 09:27:03] DEBUG · urllib3.connectionpool https://funpay.com:443 "GET /users/10794022/ HTTP/1.1" 200 None
[20.09.2026 09:27:05] DEBUG · urllib3.connectionpool https://funpay.com:443 "POST /runner/ HTTP/1.1" 200 None
[20.09.2026 09:27:07] DEBUG · urllib3.connectionpool https://funpay.com:443 "GET /users/10794022/ HTTP/1.1" 200 None
[20.09.2026 09:27:09] DEBUG · urllib3.connectionpool https://funpay.com:443 "POST /runner/ HTTP/1.1" 200 None
[20.09.2026 09:27:10] DEBUG · urllib3.connectionpool https://funpay.com:443 "GET /users/10794022/ HTTP/1.1" 200 None
[20.09.2026 09:27:13] DEBUG · urllib3.connectionpool https://funpay.com:443 "POST /runner/ HTTP/1.1" 200 None
[20.09.2026 09:27:14] DEBUG · urllib3.connectionpool https://funpay.com:443 "GET /users/10794022/ HTTP/1.1" 200 None
[20.09.2026 09:27:17] DEBUG · urllib3.connectionpool https://funpay.com:443 "POST /runner/ HTTP/1.1" 200 None
[20.09.2026 09:27:17] DEBUG · urllib3.connectionpool https://funpay.com:443 "GET /users/10794022/ HTTP/1.1" 200 None
[20.09.2026 09:27:20] DEBUG · urllib3.connectionpool https://funpay.com:443 "GET /users/10794022/ HTTP/1.1" 200 None
[20.09.2026 09:27:21] DEBUG · urllib3.connectionpool https://funpay.com:443 "POST /runner/ HTTP/1.1" 200 None
[20.09.2026 09:27:24] DEBUG · urllib3.connectionpool https://funpay.com:443 "GET /users/10794022/ HTTP/1.1" 200 None
[20.09.2026 09:27:25] DEBUG · urllib3.connectionpool https://funpay.com:443 "POST /runner/ HTTP/1.1" 200 None
[20.09.2026 09:27:27] DEBUG · urllib3.connectionpool https://funpay.com:443 "GET /users/10794022/ HTTP/1.1" 200 None
[20.09.2026 09:27:29] DEBUG · urllib3.connectionpool https://funpay.com:443 "POST /runner/ HTTP/1.1" 200 None
[20.09.2026 09:27:30] DEBUG · urllib3.connectionpool https://funpay.com:443 "GET /users/10794022/ HTTP/1.1" 200 None
[20.09.2026 09:27:33] DEBUG · urllib3.connectionpool https://funpay.com:443 "POST /runner/ HTTP/1.1" 200 None
[20.09.2026 09:27:34] DEBUG · urllib3.connectionpool https://funpay.com:443 "GET /users/10794022/ HTTP/1.1" 200 None
[20.09.2026 09:27:37] DEBUG · urllib3.connectionpool https://funpay.com:443 "POST /runner/ HTTP/1.1" 200 None
[20.09.2026 09:27:37] DEBUG · urllib3.connectionpool https://funpay.com:443 "GET /users/10794022/ HTTP/1.1" 200 None
[20.09.2026 09:27:40] DEBUG · urllib3.connectionpool https://funpay.com:443 "GET /users/10794022/ HTTP/1.1" 200 None
[20.09.2026 09:27:41] DEBUG · urllib3.connectionpool https://funpay.com:443 "POST /runner/ HTTP/1.1" 200 None
[20.09.2026 09:27:44] DEBUG · urllib3.connectionpool https://funpay.com:443 "GET /users/10794022/ HTTP/1.1" 200 None
[20.09.2026 09:27:45] DEBUG · urllib3.connectionpool https://funpay.com:443 "POST /runner/ HTTP/1.1" 200 None
[20.09.2026 09:27:47] DEBUG · urllib3.connectionpool https://funpay.com:443 "GET /users/10794022/ HTTP/1.1" 200 None
[20.09.2026 09:27:49] DEBUG · urllib3.connectionpool https://funpay.com:443 "POST /runner/ HTTP/1.1" 200 None
[20.09.2026 09:27:51] DEBUG · urllib3.connectionpool https://funpay.com:443 "GET /users/10794022/ HTTP/1.1" 200 None
[20.09.2026 09:30:57] DEBUG · urllib3.connectionpool Starting new HTTPS connection (1): api.github.com:443
[20.09.2026 09:30:57] DEBUG · urllib3.connectionpool https://api.github.com:443 "GET /repos/alleexxeeyy/funpay-universal/releases HTTP/1.1" 200 5955
[20.09.2026 09:30:57] INFO · universal.updater    У вас установлена последняя версия: 1.18.2
[20.09.2026 09:30:57] INFO · universal            
[20.09.2026 09:30:57] DEBUG · urllib3.connectionpool Starting new HTTPS connection (1): funpay.com:443
[20.09.2026 09:30:58] DEBUG · urllib3.connectionpool https://funpay.com:443 "GET / HTTP/1.1" 200 None
[20.09.2026 09:30:59] INFO · universal            FunPay аккаунт успешно авторизован.
[20.09.2026 09:30:59] DEBUG · urllib3.connectionpool Starting new HTTPS connection (1): funpay.com:443
[20.09.2026 09:30:59] DEBUG · urllib3.connectionpool https://funpay.com:443 "GET / HTTP/1.1" 200 None
[20.09.2026 09:31:01] DEBUG · urllib3.connectionpool https://funpay.com:443 "GET /users/10794022/ HTTP/1.1" 200 None
[20.09.2026 09:31:01] DEBUG · urllib3.connectionpool Starting new HTTPS connection (1): api.telegram.org:443
[20.09.2026 09:31:01] DEBUG · urllib3.connectionpool https://api.telegram.org:443 "GET /bot8756373718:AAF7UShfdcPoSa4xL_OhGoEeELgqwJzepak/getMe HTTP/1.1" 200 416
[20.09.2026 09:31:01] INFO · universal            Telegram бот успешно работает.
[20.09.2026 09:31:01] INFO · universal            
[20.09.2026 09:31:01] DEBUG · asyncio              Using proactor: IocpProactor
[20.09.2026 09:31:01] INFO · universal.modules    Подключен 1 модуль: Apple TopUp 1.0.0
[20.09.2026 09:31:01] DEBUG · asyncio              Using proactor: IocpProactor
[20.09.2026 09:31:01] DEBUG · urllib3.connectionpool Starting new HTTPS connection (1): funpay.com:443
[20.09.2026 09:31:02] DEBUG · urllib3.connectionpool https://funpay.com:443 "GET / HTTP/1.1" 200 None
[20.09.2026 09:31:02] INFO · universal.telegram   
[20.09.2026 09:31:02] INFO · universal.telegram   Telegram бот @panel_funpay_bot запущен и активен
[20.09.2026 09:31:03] INFO · universal.funpay     
[20.09.2026 09:31:03] INFO · universal.funpay     FunPay бот запущен и активен
[20.09.2026 09:31:03] INFO · universal.funpay     
[20.09.2026 09:31:03] INFO · universal.funpay     ───────────────────────────────────────
[20.09.2026 09:31:03] INFO · universal.funpay     Информация об аккаунте:
[20.09.2026 09:31:03] INFO · universal.funpay      · ID: 10794022
[20.09.2026 09:31:03] INFO · universal.funpay      · Никнейм: Slavikbebryan
[20.09.2026 09:31:03] INFO · universal.funpay      · Баланс: 10713 RUB
[20.09.2026 09:31:03] INFO · universal.funpay      · Активные продажи: 5
[20.09.2026 09:31:03] INFO · universal.funpay      · Активные покупки: 0
[20.09.2026 09:31:03] INFO · universal.funpay     ───────────────────────────────────────
[20.09.2026 09:31:03] DEBUG · asyncio              Using proactor: IocpProactor
[20.09.2026 09:31:03] DEBUG · urllib3.connectionpool Starting new HTTPS connection (2): funpay.com:443
[20.09.2026 09:31:03] DEBUG · urllib3.connectionpool Starting new HTTPS connection (3): funpay.com:443
[20.09.2026 09:31:03] DEBUG · urllib3.connectionpool Starting new HTTPS connection (4): funpay.com:443
[20.09.2026 09:31:03] DEBUG · urllib3.connectionpool https://funpay.com:443 "GET / HTTP/1.1" 200 None
[20.09.2026 09:31:03] DEBUG · urllib3.connectionpool https://funpay.com:443 "GET /users/10794022/ HTTP/1.1" 200 None
[20.09.2026 09:31:03] DEBUG · urllib3.connectionpool https://funpay.com:443 "POST /runner/ HTTP/1.1" 200 None
[20.09.2026 09:31:04] DEBUG · urllib3.connectionpool https://funpay.com:443 "GET /users/10794022/ HTTP/1.1" 200 None
[20.09.2026 09:31:04] DEBUG · urllib3.connectionpool https://funpay.com:443 "GET /orders/trade HTTP/1.1" 200 None
[20.09.2026 09:31:04] DEBUG · urllib3.connectionpool https://funpay.com:443 "POST /lots/raise HTTP/1.1" 200 None
[20.09.2026 09:31:04] DEBUG · FunPayAPI.account    Ответ FunPay (поднятие категорий): {'error': True, 'msg': 'Подождите 3 часа.', 'wait': 10008, 'unlock_at': '2026-09-20T09:17:53Z'}.
[20.09.2026 09:31:04] WARNING · universal.funpay     Категорию «Гайды» можно будет поднять через 10008 сек.
[20.09.2026 09:31:04] INFO · modules.apple_topup  🍎 Apple TopUp: незавершённых заказов для восстановления нет
[20.09.2026 09:31:04] DEBUG · asyncio              Using proactor: IocpProactor
[20.09.2026 09:31:04] DEBUG · urllib3.connectionpool https://funpay.com:443 "POST /lots/raise HTTP/1.1" 200 None
[20.09.2026 09:31:04] DEBUG · FunPayAPI.account    Ответ FunPay (поднятие категорий): {'error': True, 'msg': 'Подождите 3 часа.', 'wait': 10007, 'unlock_at': '2026-09-20T09:17:53Z'}.
[20.09.2026 09:31:04] WARNING · universal.funpay     Категорию «Конфиги» можно будет поднять через 10007 сек.
[20.09.2026 09:31:04] DEBUG · urllib3.connectionpool https://funpay.com:443 "POST /lots/raise HTTP/1.1" 200 None
[20.09.2026 09:31:04] DEBUG · FunPayAPI.account    Ответ FunPay (поднятие категорий): {'error': True, 'msg': 'Подождите 3 часа.', 'wait': 10007, 'unlock_at': '2026-09-20T09:17:53Z'}.
[20.09.2026 09:31:04] WARNING · universal.funpay     Категорию «Ресурс-паки» можно будет поднять через 10007 сек.
[20.09.2026 09:31:07] DEBUG · urllib3.connectionpool https://funpay.com:443 "POST /runner/ HTTP/1.1" 200 None
[20.09.2026 09:31:07] DEBUG · urllib3.connectionpool https://funpay.com:443 "GET /users/10794022/ HTTP/1.1" 200 None
[20.09.2026 09:31:11] DEBUG · urllib3.connectionpool https://funpay.com:443 "GET /users/10794022/ HTTP/1.1" 200 None
[20.09.2026 09:31:11] DEBUG · urllib3.connectionpool https://funpay.com:443 "POST /runner/ HTTP/1.1" 200 None
[20.09.2026 09:31:14] DEBUG · urllib3.connectionpool https://funpay.com:443 "GET /users/10794022/ HTTP/1.1" 200 None
[20.09.2026 09:31:15] DEBUG · urllib3.connectionpool https://funpay.com:443 "POST /runner/ HTTP/1.1" 200 None
[20.09.2026 09:31:17] DEBUG · urllib3.connectionpool https://funpay.com:443 "GET /users/10794022/ HTTP/1.1" 200 None
[20.09.2026 09:31:19] DEBUG · urllib3.connectionpool https://funpay.com:443 "POST /runner/ HTTP/1.1" 200 None
[20.09.2026 09:31:21] DEBUG · urllib3.connectionpool https://funpay.com:443 "GET /users/10794022/ HTTP/1.1" 200 None
[20.09.2026 09:31:23] DEBUG · urllib3.connectionpool https://funpay.com:443 "POST /runner/ HTTP/1.1" 200 None
[20.09.2026 09:31:23] DEBUG · urllib3.connectionpool https://funpay.com:443 "POST /runner/ HTTP/1.1" 200 None
[20.09.2026 09:31:23] INFO · universal.funpay     Новое сообщение в чате с barabanjj22:
[20.09.2026 09:31:23] INFO · universal.funpay     │ barabanjj22:
[20.09.2026 09:31:23] INFO · universal.funpay     │ Lfhjdf
[20.09.2026 09:31:23] INFO · universal.funpay     └────────────────────────────────────
[20.09.2026 09:31:24] DEBUG · urllib3.connectionpool https://funpay.com:443 "POST /runner/ HTTP/1.1" 200 None
[20.09.2026 09:31:24] DEBUG · urllib3.connectionpool https://funpay.com:443 "GET /users/10794022/ HTTP/1.1" 200 None
[20.09.2026 09:31:27] DEBUG · urllib3.connectionpool https://funpay.com:443 "POST /runner/ HTTP/1.1" 200 None
[20.09.2026 09:31:27] INFO · universal.funpay     Новое сообщение в чате с barabanjj22:
[20.09.2026 09:31:27] INFO · universal.funpay     │ Slavikbebryan:
[20.09.2026 09:31:27] INFO · universal.funpay     │ 👋 Добро пожаловать, barabanjj22, в SlavikStore⚡️
[20.09.2026 09:31:27] INFO · universal.funpay     │
[20.09.2026 09:31:27] INFO · universal.funpay     │ Если вы готовы приобрести подписку и хотите увидеть актуальные цены:
[20.09.2026 09:31:27] INFO · universal.funpay     │ 👉 !ПРАЙС
[20.09.2026 09:31:27] INFO · universal.funpay     │
[20.09.2026 09:31:27] INFO · universal.funpay     │ 📖 Если у вас есть вопросы по оформлению подписки:
[20.09.2026 09:31:27] INFO · universal.funpay     │ 👉 !ИНСТРУКЦИЯ
[20.09.2026 09:31:27] INFO · universal.funpay     │
[20.09.2026 09:31:27] INFO · universal.funpay     │ 💬 Если у вас другой вопрос:
[20.09.2026 09:31:27] INFO · universal.funpay     │ 👉 !ПРОДАВЕЦ
[20.09.2026 09:31:27] INFO · universal.funpay     │
[20.09.2026 09:31:27] INFO · universal.funpay     │ ©️ 𝗙𝘂𝗻𝗣𝗮𝘆 𝗨𝗻𝗶𝘃𝗲𝗿𝘀𝗮𝗹
[20.09.2026 09:31:27] INFO · universal.funpay     └──────────────────────────────────────────────────────────────────────
[20.09.2026 09:31:27] DEBUG · modules.apple_topup  🍎 Apple TopUp DEBUG: сообщение собственного аккаунта пропущено: author='Slavikbebryan'
[20.09.2026 09:31:27] DEBUG · urllib3.connectionpool https://funpay.com:443 "GET /users/10794022/ HTTP/1.1" 200 None
[20.09.2026 09:31:31] DEBUG · urllib3.connectionpool https://funpay.com:443 "GET /users/10794022/ HTTP/1.1" 200 None
[20.09.2026 09:31:31] DEBUG · urllib3.connectionpool https://funpay.com:443 "POST /runner/ HTTP/1.1" 200 None
[20.09.2026 09:31:31] DEBUG · urllib3.connectionpool https://funpay.com:443 "POST /runner/ HTTP/1.1" 200 None
[20.09.2026 09:31:31] INFO · universal.funpay     Новое сообщение в чате с barabanjj22:
[20.09.2026 09:31:31] INFO · universal.funpay     │ barabanjj22:
[20.09.2026 09:31:31] INFO · universal.funpay     │ !ПРАЙС
[20.09.2026 09:31:31] INFO · universal.funpay     └────────────────────────────────────
[20.09.2026 09:31:32] DEBUG · urllib3.connectionpool https://funpay.com:443 "POST /runner/ HTTP/1.1" 200 None
[20.09.2026 09:31:32] WARNING · universal.funpay     FunPay отклонил сообщение в чат 287190642: Слишком много строк.
[20.09.2026 09:31:43] DEBUG · urllib3.connectionpool https://funpay.com:443 "GET /users/10794022/ HTTP/1.1" 200 None
[20.09.2026 09:31:45] DEBUG · urllib3.connectionpool https://funpay.com:443 "POST /runner/ HTTP/1.1" 200 None
[20.09.2026 09:31:45] WARNING · universal.funpay     FunPay отклонил сообщение в чат 287190642: Слишком много строк.
[20.09.2026 09:31:47] DEBUG · urllib3.connectionpool https://funpay.com:443 "GET /users/10794022/ HTTP/1.1" 200 None
[20.09.2026 09:31:48] DEBUG · urllib3.connectionpool https://funpay.com:443 "POST /runner/ HTTP/1.1" 200 None
[20.09.2026 09:31:48] WARNING · universal.funpay     FunPay отклонил сообщение в чат 287190642: Слишком много строк.
[20.09.2026 09:31:48] ERROR · universal.funpay     Не удалось отправить сообщение «📋 АКТУАЛЬНЫЙ ПРАЙС 📋  🔥 ТАРИФЫ GO:  1️⃣ 1 месяц — 90 ₽ 2️⃣ 3 месяца — 250 ₽ 3️⃣ 6 месяцев — 450 ₽ 4️⃣ 12 месяцев — 950 ₽  🔥 ТАРИФЫ GO+:  5️⃣ 1 месяц — 130 ₽ 6️⃣ 3 месяца — 400 ₽ 7️⃣ 6 месяцев — 750 ₽ 8️⃣ 12 месяцев — 1450 ₽  💬 Напишите номер нужного тарифа (например: 1)  ⚠️ ВНИМАНИЕ! Это итоговая стоимость на FunPay. Заплатите ровно столько, сколько указано выше.  📋 !МЕНЮ — вернуться в главное меню.  ©️ 𝗙𝘂𝗻𝗣𝗮𝘆 𝗨𝗻𝗶𝘃𝗲𝗿𝘀𝗮𝗹» в чат 287190642 после 3 попыток
[20.09.2026 09:31:48] DEBUG · urllib3.connectionpool https://funpay.com:443 "POST /runner/ HTTP/1.1" 200 None
[20.09.2026 09:31:50] DEBUG · urllib3.connectionpool https://funpay.com:443 "GET /users/10794022/ HTTP/1.1" 200 None
[20.09.2026 09:31:52] DEBUG · urllib3.connectionpool https://funpay.com:443 "POST /runner/ HTTP/1.1" 200 None
[20.09.2026 09:31:53] DEBUG · urllib3.connectionpool https://funpay.com:443 "GET /users/10794022/ HTTP/1.1" 200 None
[20.09.2026 09:31:56] DEBUG · urllib3.connectionpool https://funpay.com:443 "POST /runner/ HTTP/1.1" 200 None
[20.09.2026 09:31:56] DEBUG · urllib3.connectionpool https://funpay.com:443 "GET /users/10794022/ HTTP/1.1" 200 None
[20.09.2026 09:32:00] DEBUG · urllib3.connectionpool https://funpay.com:443 "GET /users/10794022/ HTTP/1.1" 200 None
[20.09.2026 09:32:00] DEBUG · urllib3.connectionpool https://funpay.com:443 "POST /runner/ HTTP/1.1" 200 None
[20.09.2026 09:32:03] DEBUG · urllib3.connectionpool https://funpay.com:443 "GET /users/10794022/ HTTP/1.1" 200 None
[20.09.2026 09:32:04] DEBUG · urllib3.connectionpool https://funpay.com:443 "POST /runner/ HTTP/1.1" 200 None
[20.09.2026 09:32:06] DEBUG · urllib3.connectionpool https://funpay.com:443 "GET /users/10794022/ HTTP/1.1" 200 None
[20.09.2026 09:32:08] DEBUG · urllib3.connectionpool https://funpay.com:443 "POST /runner/ HTTP/1.1" 200 None
[20.09.2026 09:32:09] DEBUG · urllib3.connectionpool https://funpay.com:443 "GET /users/10794022/ HTTP/1.1" 200 None
[20.09.2026 09:32:12] DEBUG · urllib3.connectionpool https://funpay.com:443 "POST /runner/ HTTP/1.1" 200 None
[20.09.2026 09:32:13] DEBUG · urllib3.connectionpool https://funpay.com:443 "GET /users/10794022/ HTTP/1.1" 200 None
[20.09.2026 09:32:16] DEBUG · urllib3.connectionpool https://funpay.com:443 "GET /users/10794022/ HTTP/1.1" 200 None
[20.09.2026 09:32:16] DEBUG · urllib3.connectionpool https://funpay.com:443 "POST /runner/ HTTP/1.1" 200 None
[20.09.2026 09:32:19] DEBUG · urllib3.connectionpool https://funpay.com:443 "GET /users/10794022/ HTTP/1.1" 200 None
[20.09.2026 09:32:20] DEBUG · urllib3.connectionpool https://funpay.com:443 "POST /runner/ HTTP/1.1" 200 None
[20.09.2026 09:32:22] DEBUG · urllib3.connectionpool https://funpay.com:443 "GET /users/10794022/ HTTP/1.1" 200 None
[20.09.2026 09:32:24] DEBUG · urllib3.connectionpool https://funpay.com:443 "POST /runner/ HTTP/1.1" 200 None
[20.09.2026 09:32:26] DEBUG · urllib3.connectionpool https://funpay.com:443 "GET /users/10794022/ HTTP/1.1" 200 None
[20.09.2026 09:32:28] DEBUG · urllib3.connectionpool https://funpay.com:443 "POST /runner/ HTTP/1.1" 200 None
[20.09.2026 09:32:29] DEBUG · urllib3.connectionpool https://funpay.com:443 "GET /users/10794022/ HTTP/1.1" 200 None
[20.09.2026 09:32:32] DEBUG · urllib3.connectionpool https://funpay.com:443 "GET /users/10794022/ HTTP/1.1" 200 None
[20.09.2026 09:32:32] DEBUG · urllib3.connectionpool https://funpay.com:443 "POST /runner/ HTTP/1.1" 200 None
[20.09.2026 09:32:35] DEBUG · urllib3.connectionpool https://funpay.com:443 "GET /users/10794022/ HTTP/1.1" 200 None
[20.09.2026 09:32:36] DEBUG · urllib3.connectionpool https://funpay.com:443 "POST /runner/ HTTP/1.1" 200 None
[20.09.2026 09:32:39] DEBUG · urllib3.connectionpool https://funpay.com:443 "GET /users/10794022/ HTTP/1.1" 200 None
[20.09.2026 09:32:40] DEBUG · urllib3.connectionpool https://funpay.com:443 "POST /runner/ HTTP/1.1" 200 None
[20.09.2026 09:32:42] DEBUG · urllib3.connectionpool https://funpay.com:443 "GET /users/10794022/ HTTP/1.1" 200 None
[20.09.2026 09:32:44] DEBUG · urllib3.connectionpool https://funpay.com:443 "POST /runner/ HTTP/1.1" 200 None
[20.09.2026 09:32:46] DEBUG · urllib3.connectionpool https://funpay.com:443 "GET /users/10794022/ HTTP/1.1" 200 None
[20.09.2026 09:32:48] DEBUG · urllib3.connectionpool https://funpay.com:443 "POST /runner/ HTTP/1.1" 200 None
[20.09.2026 09:32:49] DEBUG · urllib3.connectionpool https://funpay.com:443 "GET /users/10794022/ HTTP/1.1" 200 None
[20.09.2026 09:32:52] DEBUG · urllib3.connectionpool https://funpay.com:443 "POST /runner/ HTTP/1.1" 200 None
[20.09.2026 09:32:52] DEBUG · urllib3.connectionpool https://funpay.com:443 "GET /users/10794022/ HTTP/1.1" 200 None
[20.09.2026 09:32:55] DEBUG · urllib3.connectionpool https://funpay.com:443 "GET /users/10794022/ HTTP/1.1" 200 None
[20.09.2026 09:32:56] DEBUG · urllib3.connectionpool https://funpay.com:443 "POST /runner/ HTTP/1.1" 200 None
[20.09.2026 09:32:59] DEBUG · urllib3.connectionpool https://funpay.com:443 "GET /users/10794022/ HTTP/1.1" 200 None
[20.09.2026 09:33:00] DEBUG · urllib3.connectionpool https://funpay.com:443 "POST /runner/ HTTP/1.1" 200 None
[20.09.2026 09:33:02] DEBUG · urllib3.connectionpool https://funpay.com:443 "GET /users/10794022/ HTTP/1.1" 200 None
[20.09.2026 09:33:04] DEBUG · urllib3.connectionpool https://funpay.com:443 "POST /runner/ HTTP/1.1" 200 None
[20.09.2026 09:33:05] DEBUG · urllib3.connectionpool https://funpay.com:443 "GET /users/10794022/ HTTP/1.1" 200 None
[20.09.2026 09:33:08] DEBUG · urllib3.connectionpool https://funpay.com:443 "POST /runner/ HTTP/1.1" 200 None
[20.09.2026 09:33:08] DEBUG · urllib3.connectionpool https://funpay.com:443 "GET /users/10794022/ HTTP/1.1" 200 None
[20.09.2026 09:33:12] DEBUG · urllib3.connectionpool https://funpay.com:443 "GET /users/10794022/ HTTP/1.1" 200 None
[20.09.2026 09:33:12] DEBUG · urllib3.connectionpool https://funpay.com:443 "POST /runner/ HTTP/1.1" 200 None
[20.09.2026 09:33:16] DEBUG · urllib3.connectionpool https://funpay.com:443 "GET /users/10794022/ HTTP/1.1" 200 None
[20.09.2026 09:33:16] DEBUG · urllib3.connectionpool https://funpay.com:443 "POST /runner/ HTTP/1.1" 200 None
[20.09.2026 09:33:19] DEBUG · urllib3.connectionpool https://funpay.com:443 "GET /users/10794022/ HTTP/1.1" 200 None
[20.09.2026 09:33:20] DEBUG · urllib3.connectionpool https://funpay.com:443 "POST /runner/ HTTP/1.1" 200 None
[20.09.2026 09:33:23] DEBUG · urllib3.connectionpool https://funpay.com:443 "GET /users/10794022/ HTTP/1.1" 200 None
[20.09.2026 09:33:24] DEBUG · urllib3.connectionpool https://funpay.com:443 "POST /runner/ HTTP/1.1" 200 None
[20.09.2026 09:33:26] DEBUG · urllib3.connectionpool https://funpay.com:443 "GET /users/10794022/ HTTP/1.1" 200 None
[20.09.2026 09:33:28] DEBUG · urllib3.connectionpool https://funpay.com:443 "POST /runner/ HTTP/1.1" 200 None
[20.09.2026 09:33:30] DEBUG · urllib3.connectionpool https://funpay.com:443 "GET /users/10794022/ HTTP/1.1" 200 None
[20.09.2026 09:33:32] DEBUG · urllib3.connectionpool https://funpay.com:443 "POST /runner/ HTTP/1.1" 200 None
[20.09.2026 09:33:33] DEBUG · urllib3.connectionpool https://funpay.com:443 "GET /users/10794022/ HTTP/1.1" 200 None
[20.09.2026 09:33:36] DEBUG · urllib3.connectionpool https://funpay.com:443 "POST /runner/ HTTP/1.1" 200 None
[20.09.2026 09:33:36] DEBUG · urllib3.connectionpool https://funpay.com:443 "GET /users/10794022/ HTTP/1.1" 200 None
[20.09.2026 09:33:40] DEBUG · urllib3.connectionpool https://funpay.com:443 "GET /users/10794022/ HTTP/1.1" 200 None
[20.09.2026 09:33:40] DEBUG · urllib3.connectionpool https://funpay.com:443 "POST /runner/ HTTP/1.1" 200 None
[20.09.2026 09:33:43] DEBUG · urllib3.connectionpool https://funpay.com:443 "GET /users/10794022/ HTTP/1.1" 200 None
[20.09.2026 09:33:44] DEBUG · urllib3.connectionpool https://funpay.com:443 "POST /runner/ HTTP/1.1" 200 None
[20.09.2026 09:33:46] DEBUG · urllib3.connectionpool https://funpay.com:443 "GET /users/10794022/ HTTP/1.1" 200 None
[20.09.2026 09:33:48] DEBUG · urllib3.connectionpool https://funpay.com:443 "POST /runner/ HTTP/1.1" 200 None
[20.09.2026 09:33:50] DEBUG · urllib3.connectionpool https://funpay.com:443 "GET /users/10794022/ HTTP/1.1" 200 None
[20.09.2026 09:33:52] DEBUG · urllib3.connectionpool https://funpay.com:443 "POST /runner/ HTTP/1.1" 200 None
[20.09.2026 09:33:53] DEBUG · urllib3.connectionpool https://funpay.com:443 "GET /users/10794022/ HTTP/1.1" 200 None
[20.09.2026 09:33:56] DEBUG · urllib3.connectionpool https://funpay.com:443 "POST /runner/ HTTP/1.1" 200 None
[20.09.2026 09:33:56] DEBUG · urllib3.connectionpool https://funpay.com:443 "GET /users/10794022/ HTTP/1.1" 200 None
[20.09.2026 09:34:00] DEBUG · urllib3.connectionpool https://funpay.com:443 "GET /users/10794022/ HTTP/1.1" 200 None
[20.09.2026 09:34:00] DEBUG · urllib3.connectionpool https://funpay.com:443 "POST /runner/ HTTP/1.1" 200 None
[20.09.2026 09:34:03] DEBUG · urllib3.connectionpool https://funpay.com:443 "GET /users/10794022/ HTTP/1.1" 200 None
[20.09.2026 09:34:04] DEBUG · urllib3.connectionpool Starting new HTTPS connection (1): api.github.com:443
[20.09.2026 09:34:04] DEBUG · urllib3.connectionpool https://funpay.com:443 "POST /runner/ HTTP/1.1" 200 None
[20.09.2026 09:34:04] DEBUG · urllib3.connectionpool https://api.github.com:443 "GET /repos/alleexxeeyy/funpay-universal/releases HTTP/1.1" 200 5955
[20.09.2026 09:34:06] DEBUG · urllib3.connectionpool https://funpay.com:443 "GET /users/10794022/ HTTP/1.1" 200 None
[20.09.2026 09:34:08] DEBUG · urllib3.connectionpool https://funpay.com:443 "POST /runner/ HTTP/1.1" 200 None
[20.09.2026 09:34:10] DEBUG · urllib3.connectionpool https://funpay.com:443 "GET /users/10794022/ HTTP/1.1" 200 None
[20.09.2026 09:34:12] DEBUG · urllib3.connectionpool https://funpay.com:443 "POST /runner/ HTTP/1.1" 200 None
[20.09.2026 09:34:13] DEBUG · urllib3.connectionpool https://funpay.com:443 "GET /users/10794022/ HTTP/1.1" 200 None
[20.09.2026 09:34:16] DEBUG · urllib3.connectionpool https://funpay.com:443 "POST /runner/ HTTP/1.1" 200 None
[20.09.2026 09:34:16] DEBUG · urllib3.connectionpool https://funpay.com:443 "GET /users/10794022/ HTTP/1.1" 200 None
[20.09.2026 09:34:20] DEBUG · urllib3.connectionpool https://funpay.com:443 "GET /users/10794022/ HTTP/1.1" 200 None
[20.09.2026 09:34:20] DEBUG · urllib3.connectionpool https://funpay.com:443 "POST /runner/ HTTP/1.1" 200 None
[20.09.2026 09:34:23] DEBUG · urllib3.connectionpool https://funpay.com:443 "GET /users/10794022/ HTTP/1.1" 200 None
[20.09.2026 09:34:24] DEBUG · urllib3.connectionpool https://funpay.com:443 "POST /runner/ HTTP/1.1" 200 None
[20.09.2026 09:34:26] DEBUG · urllib3.connectionpool https://funpay.com:443 "GET /users/10794022/ HTTP/1.1" 200 None
[20.09.2026 09:34:28] DEBUG · urllib3.connectionpool https://funpay.com:443 "POST /runner/ HTTP/1.1" 200 None
[20.09.2026 09:34:30] DEBUG · urllib3.connectionpool https://funpay.com:443 "GET /users/10794022/ HTTP/1.1" 200 None
[20.09.2026 09:34:32] DEBUG · urllib3.connectionpool https://funpay.com:443 "POST /runner/ HTTP/1.1" 200 None
[20.09.2026 09:34:33] DEBUG · urllib3.connectionpool https://funpay.com:443 "GET /users/10794022/ HTTP/1.1" 200 None
[20.09.2026 09:34:36] DEBUG · urllib3.connectionpool https://funpay.com:443 "GET /users/10794022/ HTTP/1.1" 200 None
[20.09.2026 09:34:36] DEBUG · urllib3.connectionpool https://funpay.com:443 "POST /runner/ HTTP/1.1" 200 None
[20.09.2026 09:34:39] DEBUG · urllib3.connectionpool https://funpay.com:443 "GET /users/10794022/ HTTP/1.1" 200 None
[20.09.2026 09:34:40] DEBUG · urllib3.connectionpool https://funpay.com:443 "POST /runner/ HTTP/1.1" 200 None
[20.09.2026 09:34:43] DEBUG · urllib3.connectionpool https://funpay.com:443 "GET /users/10794022/ HTTP/1.1" 200 None
[20.09.2026 09:34:44] DEBUG · urllib3.connectionpool https://funpay.com:443 "POST /runner/ HTTP/1.1" 200 None
[20.09.2026 09:34:46] DEBUG · urllib3.connectionpool https://funpay.com:443 "GET /users/10794022/ HTTP/1.1" 200 None
[20.09.2026 09:34:48] DEBUG · urllib3.connectionpool https://funpay.com:443 "POST /runner/ HTTP/1.1" 200 None
[20.09.2026 09:34:49] DEBUG · urllib3.connectionpool https://funpay.com:443 "GET /users/10794022/ HTTP/1.1" 200 None
[20.09.2026 09:34:52] DEBUG · urllib3.connectionpool https://funpay.com:443 "POST /runner/ HTTP/1.1" 200 None
[20.09.2026 09:34:53] DEBUG · urllib3.connectionpool https://funpay.com:443 "GET /users/10794022/ HTTP/1.1" 200 None
[20.09.2026 09:34:56] DEBUG · urllib3.connectionpool https://funpay.com:443 "GET /users/10794022/ HTTP/1.1" 200 None
[20.09.2026 09:34:56] DEBUG · urllib3.connectionpool https://funpay.com:443 "POST /runner/ HTTP/1.1" 200 None
[20.09.2026 09:34:59] DEBUG · urllib3.connectionpool https://funpay.com:443 "GET /users/10794022/ HTTP/1.1" 200 None
[20.09.2026 09:35:00] DEBUG · urllib3.connectionpool https://funpay.com:443 "POST /runner/ HTTP/1.1" 200 None
[20.09.2026 09:35:03] DEBUG · urllib3.connectionpool https://funpay.com:443 "GET /users/10794022/ HTTP/1.1" 200 None
[20.09.2026 09:35:04] DEBUG · urllib3.connectionpool https://funpay.com:443 "POST /runner/ HTTP/1.1" 200 None
[20.09.2026 09:35:06] DEBUG · urllib3.connectionpool https://funpay.com:443 "GET /users/10794022/ HTTP/1.1" 200 None
[20.09.2026 09:35:08] DEBUG · urllib3.connectionpool https://funpay.com:443 "POST /runner/ HTTP/1.1" 200 None
[20.09.2026 09:35:09] DEBUG · urllib3.connectionpool https://funpay.com:443 "GET /users/10794022/ HTTP/1.1" 200 None
[20.09.2026 09:35:12] DEBUG · urllib3.connectionpool https://funpay.com:443 "POST /runner/ HTTP/1.1" 200 None
[20.09.2026 09:35:12] DEBUG · urllib3.connectionpool https://funpay.com:443 "GET /users/10794022/ HTTP/1.1" 200 None
[20.09.2026 09:35:16] DEBUG · urllib3.connectionpool https://funpay.com:443 "GET /users/10794022/ HTTP/1.1" 200 None
[20.09.2026 09:35:16] DEBUG · urllib3.connectionpool https://funpay.com:443 "POST /runner/ HTTP/1.1" 200 None
[20.09.2026 09:35:19] DEBUG · urllib3.connectionpool https://funpay.com:443 "GET /users/10794022/ HTTP/1.1" 200 None
[20.09.2026 09:35:20] DEBUG · urllib3.connectionpool https://funpay.com:443 "POST /runner/ HTTP/1.1" 200 None
[20.09.2026 09:35:22] DEBUG · urllib3.connectionpool https://funpay.com:443 "GET /users/10794022/ HTTP/1.1" 200 None
[20.09.2026 09:35:24] DEBUG · urllib3.connectionpool https://funpay.com:443 "POST /runner/ HTTP/1.1" 200 None
[20.09.2026 09:35:26] DEBUG · urllib3.connectionpool https://funpay.com:443 "GET /users/10794022/ HTTP/1.1" 200 None
[20.09.2026 09:35:28] DEBUG · urllib3.connectionpool https://funpay.com:443 "POST /runner/ HTTP/1.1" 200 None
[20.09.2026 09:35:29] DEBUG · urllib3.connectionpool https://funpay.com:443 "GET /users/10794022/ HTTP/1.1" 200 None
[20.09.2026 09:35:32] DEBUG · urllib3.connectionpool https://funpay.com:443 "POST /runner/ HTTP/1.1" 200 None
[20.09.2026 09:35:32] DEBUG · urllib3.connectionpool https://funpay.com:443 "GET /users/10794022/ HTTP/1.1" 200 None
[20.09.2026 09:35:36] DEBUG · urllib3.connectionpool https://funpay.com:443 "GET /users/10794022/ HTTP/1.1" 200 None
[20.09.2026 09:35:36] DEBUG · urllib3.connectionpool https://funpay.com:443 "POST /runner/ HTTP/1.1" 200 None
[20.09.2026 09:35:39] DEBUG · urllib3.connectionpool https://funpay.com:443 "GET /users/10794022/ HTTP/1.1" 200 None
[20.09.2026 09:35:40] DEBUG · urllib3.connectionpool https://funpay.com:443 "POST /runner/ HTTP/1.1" 200 None
[20.09.2026 09:35:42] DEBUG · urllib3.connectionpool https://funpay.com:443 "GET /users/10794022/ HTTP/1.1" 200 None
[20.09.2026 09:35:44] DEBUG · urllib3.connectionpool https://funpay.com:443 "POST /runner/ HTTP/1.1" 200 None
[20.09.2026 09:35:46] DEBUG · urllib3.connectionpool https://funpay.com:443 "GET /users/10794022/ HTTP/1.1" 200 None
[20.09.2026 09:35:48] DEBUG · urllib3.connectionpool https://funpay.com:443 "POST /runner/ HTTP/1.1" 200 None
[20.09.2026 09:35:49] DEBUG · urllib3.connectionpool https://funpay.com:443 "GET /users/10794022/ HTTP/1.1" 200 None
[20.09.2026 09:35:52] DEBUG · urllib3.connectionpool https://funpay.com:443 "POST /runner/ HTTP/1.1" 200 None
[20.09.2026 09:36:01] DEBUG · urllib3.connectionpool https://funpay.com:443 "POST /runner/ HTTP/1.1" 200 None
[20.09.2026 09:36:01] DEBUG · urllib3.connectionpool https://funpay.com:443 "POST /runner/ HTTP/1.1" 200 None
[20.09.2026 09:36:02] DEBUG · urllib3.connectionpool https://funpay.com:443 "GET /users/10794022/ HTTP/1.1" 200 None
[20.09.2026 09:36:05] DEBUG · urllib3.connectionpool https://funpay.com:443 "POST /runner/ HTTP/1.1" 200 None
[20.09.2026 09:36:05] DEBUG · urllib3.connectionpool https://funpay.com:443 "GET /users/10794022/ HTTP/1.1" 200 None
[20.09.2026 09:36:09] DEBUG · urllib3.connectionpool https://funpay.com:443 "GET /users/10794022/ HTTP/1.1" 200 None
[20.09.2026 09:36:09] DEBUG · urllib3.connectionpool https://funpay.com:443 "POST /runner/ HTTP/1.1" 200 None
[20.09.2026 09:36:12] DEBUG · urllib3.connectionpool https://funpay.com:443 "GET /users/10794022/ HTTP/1.1" 200 None
[20.09.2026 09:36:13] DEBUG · urllib3.connectionpool https://funpay.com:443 "POST /runner/ HTTP/1.1" 200 None
[20.09.2026 09:36:15] DEBUG · urllib3.connectionpool https://funpay.com:443 "GET /users/10794022/ HTTP/1.1" 200 None
[20.09.2026 09:36:17] DEBUG · urllib3.connectionpool https://funpay.com:443 "POST /runner/ HTTP/1.1" 200 None
[20.09.2026 09:36:19] DEBUG · urllib3.connectionpool https://funpay.com:443 "GET /users/10794022/ HTTP/1.1" 200 None
[20.09.2026 09:36:21] DEBUG · urllib3.connectionpool https://funpay.com:443 "POST /runner/ HTTP/1.1" 200 None
[20.09.2026 09:36:22] DEBUG · urllib3.connectionpool https://funpay.com:443 "GET /users/10794022/ HTTP/1.1" 200 None
[20.09.2026 09:36:25] DEBUG · urllib3.connectionpool https://funpay.com:443 "GET /users/10794022/ HTTP/1.1" 200 None
[20.09.2026 09:36:25] DEBUG · urllib3.connectionpool https://funpay.com:443 "POST /runner/ HTTP/1.1" 200 None
[20.09.2026 09:36:29] DEBUG · urllib3.connectionpool https://funpay.com:443 "GET /users/10794022/ HTTP/1.1" 200 None
[20.09.2026 09:36:29] DEBUG · urllib3.connectionpool https://funpay.com:443 "POST /runner/ HTTP/1.1" 200 None
[20.09.2026 09:36:32] DEBUG · urllib3.connectionpool https://funpay.com:443 "GET /users/10794022/ HTTP/1.1" 200 None
[20.09.2026 09:36:33] DEBUG · urllib3.connectionpool https://funpay.com:443 "POST /runner/ HTTP/1.1" 200 None
[20.09.2026 09:36:35] DEBUG · urllib3.connectionpool https://funpay.com:443 "GET /users/10794022/ HTTP/1.1" 200 None
[20.09.2026 09:36:37] DEBUG · urllib3.connectionpool https://funpay.com:443 "POST /runner/ HTTP/1.1" 200 None
[20.09.2026 09:36:39] DEBUG · urllib3.connectionpool https://funpay.com:443 "GET /users/10794022/ HTTP/1.1" 200 None
[20.09.2026 09:36:41] DEBUG · urllib3.connectionpool https://funpay.com:443 "POST /runner/ HTTP/1.1" 200 None
[20.09.2026 09:36:42] DEBUG · urllib3.connectionpool https://funpay.com:443 "GET /users/10794022/ HTTP/1.1" 200 None
[20.09.2026 09:36:45] DEBUG · urllib3.connectionpool https://funpay.com:443 "POST /runner/ HTTP/1.1" 200 None
[20.09.2026 09:36:45] DEBUG · urllib3.connectionpool https://funpay.com:443 "GET /users/10794022/ HTTP/1.1" 200 None
[20.09.2026 09:36:49] DEBUG · urllib3.connectionpool https://funpay.com:443 "GET /users/10794022/ HTTP/1.1" 200 None
[20.09.2026 09:36:49] DEBUG · urllib3.connectionpool https://funpay.com:443 "POST /runner/ HTTP/1.1" 200 None
[20.09.2026 09:36:52] DEBUG · urllib3.connectionpool https://funpay.com:443 "GET /users/10794022/ HTTP/1.1" 200 None
[20.09.2026 09:36:53] DEBUG · urllib3.connectionpool https://funpay.com:443 "POST /runner/ HTTP/1.1" 200 None
[20.09.2026 09:36:55] DEBUG · urllib3.connectionpool https://funpay.com:443 "GET /users/10794022/ HTTP/1.1" 200 None
[20.09.2026 09:36:57] DEBUG · urllib3.connectionpool https://funpay.com:443 "POST /runner/ HTTP/1.1" 200 None
[20.09.2026 09:36:59] DEBUG · urllib3.connectionpool https://funpay.com:443 "GET /users/10794022/ HTTP/1.1" 200 None
[20.09.2026 09:37:01] DEBUG · urllib3.connectionpool https://funpay.com:443 "POST /runner/ HTTP/1.1" 200 None
[20.09.2026 09:37:02] DEBUG · urllib3.connectionpool https://funpay.com:443 "GET /users/10794022/ HTTP/1.1" 200 None
[20.09.2026 09:37:04] DEBUG · urllib3.connectionpool Starting new HTTPS connection (1): api.github.com:443
[20.09.2026 09:37:05] DEBUG · urllib3.connectionpool https://api.github.com:443 "GET /repos/alleexxeeyy/funpay-universal/releases HTTP/1.1" 200 5955
[20.09.2026 09:37:05] DEBUG · urllib3.connectionpool https://funpay.com:443 "POST /runner/ HTTP/1.1" 200 None
[20.09.2026 09:37:05] DEBUG · urllib3.connectionpool https://funpay.com:443 "GET /users/10794022/ HTTP/1.1" 200 None
[20.09.2026 09:37:08] DEBUG · urllib3.connectionpool https://funpay.com:443 "GET /users/10794022/ HTTP/1.1" 200 None
[20.09.2026 09:37:09] DEBUG · urllib3.connectionpool https://funpay.com:443 "POST /runner/ HTTP/1.1" 200 None
[20.09.2026 09:37:12] DEBUG · urllib3.connectionpool https://funpay.com:443 "GET /users/10794022/ HTTP/1.1" 200 None
[20.09.2026 09:37:13] DEBUG · urllib3.connectionpool https://funpay.com:443 "POST /runner/ HTTP/1.1" 200 None
[20.09.2026 09:37:15] DEBUG · urllib3.connectionpool https://funpay.com:443 "GET /users/10794022/ HTTP/1.1" 200 None
[20.09.2026 09:37:17] DEBUG · urllib3.connectionpool https://funpay.com:443 "POST /runner/ HTTP/1.1" 200 None
[20.09.2026 09:37:18] DEBUG · urllib3.connectionpool https://funpay.com:443 "GET /users/10794022/ HTTP/1.1" 200 None
[20.09.2026 09:37:21] DEBUG · urllib3.connectionpool https://funpay.com:443 "POST /runner/ HTTP/1.1" 200 None
[20.09.2026 09:37:22] DEBUG · urllib3.connectionpool https://funpay.com:443 "GET /users/10794022/ HTTP/1.1" 200 None
[20.09.2026 09:37:25] DEBUG · urllib3.connectionpool https://funpay.com:443 "GET /users/10794022/ HTTP/1.1" 200 None
[20.09.2026 09:37:25] DEBUG · urllib3.connectionpool https://funpay.com:443 "POST /runner/ HTTP/1.1" 200 None
[20.09.2026 09:37:28] DEBUG · urllib3.connectionpool https://funpay.com:443 "GET /users/10794022/ HTTP/1.1" 200 None
[20.09.2026 09:37:29] DEBUG · urllib3.connectionpool https://funpay.com:443 "POST /runner/ HTTP/1.1" 200 None
[20.09.2026 09:37:31] DEBUG · urllib3.connectionpool https://funpay.com:443 "GET /users/10794022/ HTTP/1.1" 200 None
[20.09.2026 09:37:33] DEBUG · urllib3.connectionpool https://funpay.com:443 "POST /runner/ HTTP/1.1" 200 None
[20.09.2026 09:37:35] DEBUG · urllib3.connectionpool https://funpay.com:443 "GET /users/10794022/ HTTP/1.1" 200 None
[20.09.2026 09:37:37] DEBUG · urllib3.connectionpool https://funpay.com:443 "POST /runner/ HTTP/1.1" 200 None
[20.09.2026 09:37:38] DEBUG · urllib3.connectionpool https://funpay.com:443 "GET /users/10794022/ HTTP/1.1" 200 None
[20.09.2026 09:37:41] DEBUG · urllib3.connectionpool https://funpay.com:443 "POST /runner/ HTTP/1.1" 200 None
[20.09.2026 09:37:41] DEBUG · urllib3.connectionpool https://funpay.com:443 "GET /users/10794022/ HTTP/1.1" 200 None
[20.09.2026 09:37:45] DEBUG · urllib3.connectionpool https://funpay.com:443 "GET /users/10794022/ HTTP/1.1" 200 None
[20.09.2026 09:37:45] DEBUG · urllib3.connectionpool https://funpay.com:443 "POST /runner/ HTTP/1.1" 200 None
[20.09.2026 09:37:48] DEBUG · urllib3.connectionpool https://funpay.com:443 "GET /users/10794022/ HTTP/1.1" 200 None
[20.09.2026 09:37:49] DEBUG · urllib3.connectionpool https://funpay.com:443 "POST /runner/ HTTP/1.1" 200 None
[20.09.2026 09:37:51] DEBUG · urllib3.connectionpool https://funpay.com:443 "GET /users/10794022/ HTTP/1.1" 200 None
[20.09.2026 09:37:53] DEBUG · urllib3.connectionpool https://funpay.com:443 "POST /runner/ HTTP/1.1" 200 None
[20.09.2026 09:37:55] DEBUG · urllib3.connectionpool https://funpay.com:443 "GET /users/10794022/ HTTP/1.1" 200 None
[20.09.2026 09:37:57] DEBUG · urllib3.connectionpool https://funpay.com:443 "POST /runner/ HTTP/1.1" 200 None
[20.09.2026 09:37:58] DEBUG · urllib3.connectionpool https://funpay.com:443 "GET /users/10794022/ HTTP/1.1" 200 None
[20.09.2026 09:38:01] DEBUG · urllib3.connectionpool https://funpay.com:443 "POST /runner/ HTTP/1.1" 200 None
[20.09.2026 09:38:01] DEBUG · urllib3.connectionpool https://funpay.com:443 "GET /users/10794022/ HTTP/1.1" 200 None
[20.09.2026 09:38:05] DEBUG · urllib3.connectionpool https://funpay.com:443 "GET /users/10794022/ HTTP/1.1" 200 None
[20.09.2026 09:38:05] DEBUG · urllib3.connectionpool https://funpay.com:443 "POST /runner/ HTTP/1.1" 200 None
[20.09.2026 09:38:08] DEBUG · urllib3.connectionpool https://funpay.com:443 "GET /users/10794022/ HTTP/1.1" 200 None
[20.09.2026 09:38:09] DEBUG · urllib3.connectionpool https://funpay.com:443 "POST /runner/ HTTP/1.1" 200 None
[20.09.2026 09:38:11] DEBUG · urllib3.connectionpool https://funpay.com:443 "GET /users/10794022/ HTTP/1.1" 200 None
[20.09.2026 09:38:13] DEBUG · urllib3.connectionpool https://funpay.com:443 "POST /runner/ HTTP/1.1" 200 None
[20.09.2026 09:38:14] DEBUG · urllib3.connectionpool https://funpay.com:443 "GET /users/10794022/ HTTP/1.1" 200 None
[20.09.2026 09:38:17] DEBUG · urllib3.connectionpool https://funpay.com:443 "POST /runner/ HTTP/1.1" 200 None
[20.09.2026 09:38:18] DEBUG · urllib3.connectionpool https://funpay.com:443 "GET /users/10794022/ HTTP/1.1" 200 None
[20.09.2026 09:38:21] DEBUG · urllib3.connectionpool https://funpay.com:443 "GET /users/10794022/ HTTP/1.1" 200 None
[20.09.2026 09:38:21] DEBUG · urllib3.connectionpool https://funpay.com:443 "POST /runner/ HTTP/1.1" 200 None
[20.09.2026 09:38:24] DEBUG · urllib3.connectionpool https://funpay.com:443 "GET /users/10794022/ HTTP/1.1" 200 None
[20.09.2026 09:38:25] DEBUG · urllib3.connectionpool https://funpay.com:443 "POST /runner/ HTTP/1.1" 200 None
[20.09.2026 09:38:27] DEBUG · urllib3.connectionpool https://funpay.com:443 "GET /users/10794022/ HTTP/1.1" 200 None
[20.09.2026 09:38:29] DEBUG · urllib3.connectionpool https://funpay.com:443 "POST /runner/ HTTP/1.1" 200 None
[20.09.2026 09:38:31] DEBUG · urllib3.connectionpool https://funpay.com:443 "GET /users/10794022/ HTTP/1.1" 200 None
[20.09.2026 09:38:33] DEBUG · urllib3.connectionpool https://funpay.com:443 "POST /runner/ HTTP/1.1" 200 None
[20.09.2026 09:38:34] DEBUG · urllib3.connectionpool https://funpay.com:443 "GET /users/10794022/ HTTP/1.1" 200 None
[20.09.2026 09:38:37] DEBUG · urllib3.connectionpool https://funpay.com:443 "POST /runner/ HTTP/1.1" 200 None
[20.09.2026 09:38:38] DEBUG · urllib3.connectionpool https://funpay.com:443 "GET /users/10794022/ HTTP/1.1" 200 None
[20.09.2026 09:38:41] DEBUG · urllib3.connectionpool https://funpay.com:443 "GET /users/10794022/ HTTP/1.1" 200 None
[20.09.2026 09:38:41] DEBUG · urllib3.connectionpool https://funpay.com:443 "POST /runner/ HTTP/1.1" 200 None
[20.09.2026 09:38:44] DEBUG · urllib3.connectionpool https://funpay.com:443 "GET /users/10794022/ HTTP/1.1" 200 None
[20.09.2026 09:38:45] DEBUG · urllib3.connectionpool https://funpay.com:443 "POST /runner/ HTTP/1.1" 200 None
[20.09.2026 09:38:48] DEBUG · urllib3.connectionpool https://funpay.com:443 "GET /users/10794022/ HTTP/1.1" 200 None
[20.09.2026 09:38:49] DEBUG · urllib3.connectionpool https://funpay.com:443 "POST /runner/ HTTP/1.1" 200 None
[20.09.2026 09:38:51] DEBUG · urllib3.connectionpool https://funpay.com:443 "GET /users/10794022/ HTTP/1.1" 200 None
[20.09.2026 09:38:53] DEBUG · urllib3.connectionpool https://funpay.com:443 "POST /runner/ HTTP/1.1" 200 None
[20.09.2026 09:38:54] DEBUG · urllib3.connectionpool https://funpay.com:443 "GET /users/10794022/ HTTP/1.1" 200 None
[20.09.2026 09:38:57] DEBUG · urllib3.connectionpool https://funpay.com:443 "POST /runner/ HTTP/1.1" 200 None
[20.09.2026 09:38:58] DEBUG · urllib3.connectionpool https://funpay.com:443 "GET /users/10794022/ HTTP/1.1" 200 None
[20.09.2026 09:39:01] DEBUG · urllib3.connectionpool https://funpay.com:443 "GET /users/10794022/ HTTP/1.1" 200 None
[20.09.2026 09:39:01] DEBUG · urllib3.connectionpool https://funpay.com:443 "POST /runner/ HTTP/1.1" 200 None
[20.09.2026 09:39:05] DEBUG · urllib3.connectionpool https://funpay.com:443 "GET /users/10794022/ HTTP/1.1" 200 None
[20.09.2026 09:39:05] DEBUG · urllib3.connectionpool https://funpay.com:443 "POST /runner/ HTTP/1.1" 200 None
[20.09.2026 09:39:08] DEBUG · urllib3.connectionpool https://funpay.com:443 "GET /users/10794022/ HTTP/1.1" 200 None
[20.09.2026 09:39:09] DEBUG · urllib3.connectionpool https://funpay.com:443 "POST /runner/ HTTP/1.1" 200 None
[20.09.2026 09:39:11] DEBUG · urllib3.connectionpool https://funpay.com:443 "GET /users/10794022/ HTTP/1.1" 200 None
[20.09.2026 09:39:13] DEBUG · urllib3.connectionpool https://funpay.com:443 "POST /runner/ HTTP/1.1" 200 None
[20.09.2026 09:39:15] DEBUG · urllib3.connectionpool https://funpay.com:443 "GET /users/10794022/ HTTP/1.1" 200 None
[20.09.2026 09:39:17] DEBUG · urllib3.connectionpool https://funpay.com:443 "POST /runner/ HTTP/1.1" 200 None
[20.09.2026 09:39:18] DEBUG · urllib3.connectionpool https://funpay.com:443 "GET /users/10794022/ HTTP/1.1" 200 None
[20.09.2026 09:39:21] DEBUG · urllib3.connectionpool https://funpay.com:443 "POST /runner/ HTTP/1.1" 200 None
[20.09.2026 09:39:21] DEBUG · urllib3.connectionpool https://funpay.com:443 "GET /users/10794022/ HTTP/1.1" 200 None
[20.09.2026 09:39:25] DEBUG · urllib3.connectionpool https://funpay.com:443 "GET /users/10794022/ HTTP/1.1" 200 None
[20.09.2026 09:39:25] DEBUG · urllib3.connectionpool https://funpay.com:443 "POST /runner/ HTTP/1.1" 200 None
[20.09.2026 09:39:28] DEBUG · urllib3.connectionpool https://funpay.com:443 "GET /users/10794022/ HTTP/1.1" 200 None
[20.09.2026 09:39:29] DEBUG · urllib3.connectionpool https://funpay.com:443 "POST /runner/ HTTP/1.1" 200 None
[20.09.2026 09:39:31] DEBUG · urllib3.connectionpool https://funpay.com:443 "GET /users/10794022/ HTTP/1.1" 200 None
[20.09.2026 09:39:33] DEBUG · urllib3.connectionpool https://funpay.com:443 "POST /runner/ HTTP/1.1" 200 None
[20.09.2026 09:39:35] DEBUG · urllib3.connectionpool https://funpay.com:443 "GET /users/10794022/ HTTP/1.1" 200 None
[20.09.2026 09:39:37] DEBUG · urllib3.connectionpool https://funpay.com:443 "POST /runner/ HTTP/1.1" 200 None
[20.09.2026 09:39:38] DEBUG · urllib3.connectionpool https://funpay.com:443 "GET /users/10794022/ HTTP/1.1" 200 None
[20.09.2026 09:39:41] DEBUG · urllib3.connectionpool https://funpay.com:443 "POST /runner/ HTTP/1.1" 200 None
[20.09.2026 09:39:41] DEBUG · urllib3.connectionpool https://funpay.com:443 "GET /users/10794022/ HTTP/1.1" 200 None
[20.09.2026 09:39:45] DEBUG · urllib3.connectionpool https://funpay.com:443 "GET /users/10794022/ HTTP/1.1" 200 None
[20.09.2026 09:39:45] DEBUG · urllib3.connectionpool https://funpay.com:443 "POST /runner/ HTTP/1.1" 200 None
[20.09.2026 09:39:48] DEBUG · urllib3.connectionpool https://funpay.com:443 "GET /users/10794022/ HTTP/1.1" 200 None
[20.09.2026 09:39:49] DEBUG · urllib3.connectionpool https://funpay.com:443 "POST /runner/ HTTP/1.1" 200 None
[20.09.2026 09:39:51] DEBUG · urllib3.connectionpool https://funpay.com:443 "GET /users/10794022/ HTTP/1.1" 200 None
[20.09.2026 09:39:53] DEBUG · urllib3.connectionpool https://funpay.com:443 "POST /runner/ HTTP/1.1" 200 None
[20.09.2026 09:39:54] DEBUG · urllib3.connectionpool https://funpay.com:443 "GET /users/10794022/ HTTP/1.1" 200 None
[20.09.2026 09:39:57] DEBUG · urllib3.connectionpool https://funpay.com:443 "POST /runner/ HTTP/1.1" 200 None
[20.09.2026 09:39:58] DEBUG · urllib3.connectionpool https://funpay.com:443 "GET /users/10794022/ HTTP/1.1" 200 None
[20.09.2026 09:40:01] DEBUG · urllib3.connectionpool https://funpay.com:443 "GET /users/10794022/ HTTP/1.1" 200 None
[20.09.2026 09:40:01] DEBUG · urllib3.connectionpool https://funpay.com:443 "POST /runner/ HTTP/1.1" 200 None
[20.09.2026 09:40:04] DEBUG · urllib3.connectionpool https://funpay.com:443 "GET /users/10794022/ HTTP/1.1" 200 None
[20.09.2026 09:40:05] DEBUG · urllib3.connectionpool Starting new HTTPS connection (1): api.github.com:443
[20.09.2026 09:40:05] DEBUG · urllib3.connectionpool https://funpay.com:443 "POST /runner/ HTTP/1.1" 200 None
[20.09.2026 09:40:06] DEBUG · urllib3.connectionpool https://api.github.com:443 "GET /repos/alleexxeeyy/funpay-universal/releases HTTP/1.1" 200 5955
[20.09.2026 09:40:08] DEBUG · urllib3.connectionpool https://funpay.com:443 "GET /users/10794022/ HTTP/1.1" 200 None
[20.09.2026 09:40:09] DEBUG · urllib3.connectionpool https://funpay.com:443 "POST /runner/ HTTP/1.1" 200 None
[20.09.2026 09:40:11] DEBUG · urllib3.connectionpool https://funpay.com:443 "GET /users/10794022/ HTTP/1.1" 200 None
[20.09.2026 09:40:13] DEBUG · urllib3.connectionpool https://funpay.com:443 "POST /runner/ HTTP/1.1" 200 None
[20.09.2026 09:40:14] DEBUG · urllib3.connectionpool https://funpay.com:443 "GET /users/10794022/ HTTP/1.1" 200 None
[20.09.2026 09:40:17] DEBUG · urllib3.connectionpool https://funpay.com:443 "POST /runner/ HTTP/1.1" 200 None
[20.09.2026 09:40:17] DEBUG · urllib3.connectionpool https://funpay.com:443 "GET /users/10794022/ HTTP/1.1" 200 None
[20.09.2026 09:40:21] DEBUG · urllib3.connectionpool https://funpay.com:443 "GET /users/10794022/ HTTP/1.1" 200 None
[20.09.2026 09:40:21] DEBUG · urllib3.connectionpool https://funpay.com:443 "POST /runner/ HTTP/1.1" 200 None
[20.09.2026 09:40:24] DEBUG · urllib3.connectionpool https://funpay.com:443 "GET /users/10794022/ HTTP/1.1" 200 None
[20.09.2026 09:40:25] DEBUG · urllib3.connectionpool https://funpay.com:443 "POST /runner/ HTTP/1.1" 200 None
[20.09.2026 09:40:27] DEBUG · urllib3.connectionpool https://funpay.com:443 "GET /users/10794022/ HTTP/1.1" 200 None
[20.09.2026 09:40:29] DEBUG · urllib3.connectionpool https://funpay.com:443 "POST /runner/ HTTP/1.1" 200 None
[20.09.2026 09:40:31] DEBUG · urllib3.connectionpool https://funpay.com:443 "GET /users/10794022/ HTTP/1.1" 200 None
[20.09.2026 09:40:33] DEBUG · urllib3.connectionpool https://funpay.com:443 "POST /runner/ HTTP/1.1" 200 None
[20.09.2026 09:40:34] DEBUG · urllib3.connectionpool https://funpay.com:443 "GET /users/10794022/ HTTP/1.1" 200 None
[20.09.2026 09:40:37] DEBUG · urllib3.connectionpool Resetting dropped connection: funpay.com
[20.09.2026 09:40:37] DEBUG · urllib3.connectionpool https://funpay.com:443 "POST /runner/ HTTP/1.1" 200 None
[20.09.2026 09:40:38] DEBUG · urllib3.connectionpool https://funpay.com:443 "GET /users/10794022/ HTTP/1.1" 200 None
[20.09.2026 09:40:41] DEBUG · urllib3.connectionpool https://funpay.com:443 "GET /users/10794022/ HTTP/1.1" 200 None
[20.09.2026 09:40:41] DEBUG · urllib3.connectionpool https://funpay.com:443 "POST /runner/ HTTP/1.1" 200 None
[20.09.2026 09:40:44] DEBUG · urllib3.connectionpool https://funpay.com:443 "GET /users/10794022/ HTTP/1.1" 200 None
[20.09.2026 09:40:45] DEBUG · urllib3.connectionpool https://funpay.com:443 "POST /runner/ HTTP/1.1" 200 None
[20.09.2026 09:40:48] DEBUG · urllib3.connectionpool https://funpay.com:443 "GET /users/10794022/ HTTP/1.1" 200 None
[20.09.2026 09:40:49] DEBUG · urllib3.connectionpool https://funpay.com:443 "POST /runner/ HTTP/1.1" 200 None
[20.09.2026 09:40:51] DEBUG · urllib3.connectionpool https://funpay.com:443 "GET /users/10794022/ HTTP/1.1" 200 None
[20.09.2026 09:40:53] DEBUG · urllib3.connectionpool https://funpay.com:443 "POST /runner/ HTTP/1.1" 200 None
[20.09.2026 09:40:54] DEBUG · urllib3.connectionpool https://funpay.com:443 "GET /users/10794022/ HTTP/1.1" 200 None
[20.09.2026 09:40:57] DEBUG · urllib3.connectionpool https://funpay.com:443 "POST /runner/ HTTP/1.1" 200 None
[20.09.2026 09:40:57] DEBUG · urllib3.connectionpool https://funpay.com:443 "GET /users/10794022/ HTTP/1.1" 200 None
[20.09.2026 09:41:01] DEBUG · urllib3.connectionpool https://funpay.com:443 "GET /users/10794022/ HTTP/1.1" 200 None
[20.09.2026 09:41:01] DEBUG · urllib3.connectionpool https://funpay.com:443 "POST /runner/ HTTP/1.1" 200 None
[20.09.2026 09:41:04] DEBUG · urllib3.connectionpool https://funpay.com:443 "GET /users/10794022/ HTTP/1.1" 200 None
[20.09.2026 09:41:05] DEBUG · urllib3.connectionpool https://funpay.com:443 "POST /runner/ HTTP/1.1" 200 None
[20.09.2026 09:41:15] DEBUG · urllib3.connectionpool Starting new HTTPS connection (1): api.github.com:443
[20.09.2026 09:41:16] DEBUG · urllib3.connectionpool https://api.github.com:443 "GET /repos/alleexxeeyy/funpay-universal/releases HTTP/1.1" 200 5955
[20.09.2026 09:41:16] INFO · universal.updater    У вас установлена последняя версия: 1.18.2
[20.09.2026 09:41:16] INFO · universal            
[20.09.2026 09:41:16] DEBUG · urllib3.connectionpool Starting new HTTPS connection (1): funpay.com:443
[20.09.2026 09:41:17] DEBUG · urllib3.connectionpool https://funpay.com:443 "GET / HTTP/1.1" 200 None
[20.09.2026 09:41:17] INFO · universal            FunPay аккаунт успешно авторизован.
[20.09.2026 09:41:17] DEBUG · urllib3.connectionpool Starting new HTTPS connection (1): funpay.com:443
[20.09.2026 09:41:18] DEBUG · urllib3.connectionpool https://funpay.com:443 "GET / HTTP/1.1" 200 None
[20.09.2026 09:41:19] DEBUG · urllib3.connectionpool https://funpay.com:443 "GET /users/10794022/ HTTP/1.1" 200 None
[20.09.2026 09:41:19] DEBUG · urllib3.connectionpool Starting new HTTPS connection (1): api.telegram.org:443
[20.09.2026 09:41:20] DEBUG · urllib3.connectionpool https://api.telegram.org:443 "GET /bot8756373718:AAF7UShfdcPoSa4xL_OhGoEeELgqwJzepak/getMe HTTP/1.1" 200 416
[20.09.2026 09:41:20] INFO · universal            Telegram бот успешно работает.
[20.09.2026 09:41:20] INFO · universal            
[20.09.2026 09:41:20] ERROR · universal.modules    Ошибка при загрузке модуля apple_topup: Traceback (most recent call last):
  File "D:\FunPay\funpay-universal-1.18\core\modules.py", line 216, in load_modules
    module = importlib.import_module(f"{MODULES_DIR}.{name}")
             ^^^^^^^^^^^^^^^^^^^^^^^^^^^^^^^^^^^^^^^^^^^^^^^^
  File "C:\Users\stand\AppData\Local\Programs\Python\Python312\Lib\importlib\__init__.py", line 90, in import_module
    return _bootstrap._gcd_import(name[level:], package, level)
           ^^^^^^^^^^^^^^^^^^^^^^^^^^^^^^^^^^^^^^^^^^^^^^^^^^^^
  File "<frozen importlib._bootstrap>", line 1387, in _gcd_import
  File "<frozen importlib._bootstrap>", line 1360, in _find_and_load
  File "<frozen importlib._bootstrap>", line 1331, in _find_and_load_unlocked
  File "<frozen importlib._bootstrap>", line 935, in _load_unlocked
  File "<frozen importlib._bootstrap_external>", line 999, in exec_module
  File "<frozen importlib._bootstrap>", line 488, in _call_with_frames_removed
  File "D:\FunPay\funpay-universal-1.18\modules\apple_topup\__init__.py", line 12, in <module>
    from .handlers import (
  File "D:\FunPay\funpay-universal-1.18\modules\apple_topup\handlers.py", line 19, in <module>
    from . import prepayment
  File "D:\FunPay\funpay-universal-1.18\modules\apple_topup\prepayment.py", line 15, in <module>
    logger.info("🔥 PREPAYMENT VERSION: SPLIT PRICE v4")
    ^^^^^^
NameError: name 'logger' is not defined

[20.09.2026 09:41:20] DEBUG · asyncio              Using proactor: IocpProactor
[20.09.2026 09:41:20] DEBUG · asyncio              Using proactor: IocpProactor
[20.09.2026 09:41:20] DEBUG · urllib3.connectionpool Starting new HTTPS connection (1): funpay.com:443
[20.09.2026 09:41:21] DEBUG · urllib3.connectionpool https://funpay.com:443 "GET / HTTP/1.1" 200 None
[20.09.2026 09:41:21] INFO · universal.telegram   
[20.09.2026 09:41:21] INFO · universal.telegram   Telegram бот @panel_funpay_bot запущен и активен
[20.09.2026 09:41:21] INFO · universal.funpay     
[20.09.2026 09:41:21] INFO · universal.funpay     FunPay бот запущен и активен
[20.09.2026 09:41:21] INFO · universal.funpay     
[20.09.2026 09:41:21] INFO · universal.funpay     ───────────────────────────────────────
[20.09.2026 09:41:21] INFO · universal.funpay     Информация об аккаунте:
[20.09.2026 09:41:21] INFO · universal.funpay      · ID: 10794022
[20.09.2026 09:41:21] INFO · universal.funpay      · Никнейм: Slavikbebryan
[20.09.2026 09:41:21] INFO · universal.funpay      · Баланс: 10713 RUB
[20.09.2026 09:41:21] INFO · universal.funpay      · Активные продажи: 5
[20.09.2026 09:41:21] INFO · universal.funpay      · Активные покупки: 0
[20.09.2026 09:41:21] INFO · universal.funpay     ───────────────────────────────────────
[20.09.2026 09:41:21] DEBUG · asyncio              Using proactor: IocpProactor
[20.09.2026 09:41:21] DEBUG · urllib3.connectionpool Starting new HTTPS connection (2): funpay.com:443
[20.09.2026 09:41:21] DEBUG · urllib3.connectionpool Starting new HTTPS connection (3): funpay.com:443
[20.09.2026 09:41:21] DEBUG · asyncio              Using proactor: IocpProactor
[20.09.2026 09:41:21] DEBUG · urllib3.connectionpool Starting new HTTPS connection (4): funpay.com:443
[20.09.2026 09:41:21] DEBUG · urllib3.connectionpool https://funpay.com:443 "GET /users/10794022/ HTTP/1.1" 200 None
[20.09.2026 09:41:22] DEBUG · urllib3.connectionpool https://funpay.com:443 "GET / HTTP/1.1" 200 None
[20.09.2026 09:41:22] DEBUG · urllib3.connectionpool https://funpay.com:443 "GET /users/10794022/ HTTP/1.1" 200 None
[20.09.2026 09:41:22] DEBUG · urllib3.connectionpool https://funpay.com:443 "POST /runner/ HTTP/1.1" 200 None
[20.09.2026 09:41:22] DEBUG · urllib3.connectionpool https://funpay.com:443 "GET /orders/trade HTTP/1.1" 200 None
[20.09.2026 09:41:25] DEBUG · urllib3.connectionpool https://funpay.com:443 "GET /users/10794022/ HTTP/1.1" 200 None
[20.09.2026 09:41:25] DEBUG · urllib3.connectionpool https://funpay.com:443 "POST /runner/ HTTP/1.1" 200 None
[20.09.2026 09:41:28] DEBUG · urllib3.connectionpool https://funpay.com:443 "GET /users/10794022/ HTTP/1.1" 200 None
[20.09.2026 09:41:29] DEBUG · urllib3.connectionpool https://funpay.com:443 "POST /runner/ HTTP/1.1" 200 None
[20.09.2026 09:41:32] DEBUG · urllib3.connectionpool https://funpay.com:443 "GET /users/10794022/ HTTP/1.1" 200 None
[20.09.2026 09:41:33] DEBUG · urllib3.connectionpool https://funpay.com:443 "POST /runner/ HTTP/1.1" 200 None
[20.09.2026 09:41:34] DEBUG · urllib3.connectionpool https://funpay.com:443 "POST /runner/ HTTP/1.1" 200 None
[20.09.2026 09:41:34] INFO · universal.funpay     Новое сообщение в чате с barabanjj22:
[20.09.2026 09:41:34] INFO · universal.funpay     │ barabanjj22:
[20.09.2026 09:41:34] INFO · universal.funpay     │ дарова
[20.09.2026 09:41:34] INFO · universal.funpay     └────────────────────────────────────
[20.09.2026 09:41:35] DEBUG · urllib3.connectionpool https://funpay.com:443 "GET /users/10794022/ HTTP/1.1" 200 None
[20.09.2026 09:41:37] DEBUG · urllib3.connectionpool https://funpay.com:443 "POST /runner/ HTTP/1.1" 200 None
[20.09.2026 09:41:38] DEBUG · urllib3.connectionpool https://funpay.com:443 "GET /users/10794022/ HTTP/1.1" 200 None
[20.09.2026 09:41:41] DEBUG · urllib3.connectionpool https://funpay.com:443 "POST /runner/ HTTP/1.1" 200 None
[20.09.2026 09:41:41] DEBUG · urllib3.connectionpool https://funpay.com:443 "GET /users/10794022/ HTTP/1.1" 200 None
[20.09.2026 09:41:45] DEBUG · urllib3.connectionpool https://funpay.com:443 "GET /users/10794022/ HTTP/1.1" 200 None
[20.09.2026 09:41:45] DEBUG · urllib3.connectionpool https://funpay.com:443 "POST /runner/ HTTP/1.1" 200 None
[20.09.2026 09:41:46] DEBUG · urllib3.connectionpool https://funpay.com:443 "POST /runner/ HTTP/1.1" 200 None
[20.09.2026 09:41:46] INFO · universal.funpay     Новое сообщение в чате с barabanjj22:
[20.09.2026 09:41:46] INFO · universal.funpay     │ barabanjj22:
[20.09.2026 09:41:46] INFO · universal.funpay     │ Алк
[20.09.2026 09:41:46] INFO · universal.funpay     └────────────────────────────────────
[20.09.2026 09:41:48] DEBUG · urllib3.connectionpool https://funpay.com:443 "GET /users/10794022/ HTTP/1.1" 200 None
[20.09.2026 09:41:49] DEBUG · urllib3.connectionpool https://funpay.com:443 "POST /runner/ HTTP/1.1" 200 None
[20.09.2026 09:41:51] DEBUG · urllib3.connectionpool https://funpay.com:443 "GET /users/10794022/ HTTP/1.1" 200 None
[20.09.2026 09:41:53] DEBUG · urllib3.connectionpool https://funpay.com:443 "POST /runner/ HTTP/1.1" 200 None
[20.09.2026 09:41:54] DEBUG · urllib3.connectionpool https://funpay.com:443 "GET /users/10794022/ HTTP/1.1" 200 None
[20.09.2026 09:41:57] DEBUG · urllib3.connectionpool https://funpay.com:443 "POST /runner/ HTTP/1.1" 200 None
[20.09.2026 09:41:58] DEBUG · urllib3.connectionpool https://funpay.com:443 "GET /users/10794022/ HTTP/1.1" 200 None
[20.09.2026 09:42:01] DEBUG · urllib3.connectionpool https://funpay.com:443 "GET /users/10794022/ HTTP/1.1" 200 None
[20.09.2026 09:42:01] DEBUG · urllib3.connectionpool https://funpay.com:443 "POST /runner/ HTTP/1.1" 200 None
[20.09.2026 09:42:04] DEBUG · urllib3.connectionpool https://funpay.com:443 "GET /users/10794022/ HTTP/1.1" 200 None
[20.09.2026 09:42:05] DEBUG · urllib3.connectionpool https://funpay.com:443 "POST /runner/ HTTP/1.1" 200 None
[20.09.2026 09:42:07] DEBUG · urllib3.connectionpool https://funpay.com:443 "GET /users/10794022/ HTTP/1.1" 200 None
[20.09.2026 09:42:09] DEBUG · urllib3.connectionpool https://funpay.com:443 "POST /runner/ HTTP/1.1" 200 None
[20.09.2026 09:42:10] DEBUG · urllib3.connectionpool https://funpay.com:443 "GET /users/10794022/ HTTP/1.1" 200 None
[20.09.2026 09:42:13] DEBUG · urllib3.connectionpool https://funpay.com:443 "POST /runner/ HTTP/1.1" 200 None
[20.09.2026 09:42:14] DEBUG · urllib3.connectionpool https://funpay.com:443 "GET /users/10794022/ HTTP/1.1" 200 None
[20.09.2026 09:42:17] DEBUG · urllib3.connectionpool https://funpay.com:443 "GET /users/10794022/ HTTP/1.1" 200 None
[20.09.2026 09:42:17] DEBUG · urllib3.connectionpool https://funpay.com:443 "POST /runner/ HTTP/1.1" 200 None
[20.09.2026 09:42:20] DEBUG · urllib3.connectionpool https://funpay.com:443 "GET /users/10794022/ HTTP/1.1" 200 None
[20.09.2026 09:42:21] DEBUG · urllib3.connectionpool https://funpay.com:443 "POST /runner/ HTTP/1.1" 200 None
[20.09.2026 09:42:24] DEBUG · urllib3.connectionpool https://funpay.com:443 "GET /users/10794022/ HTTP/1.1" 200 None
[20.09.2026 09:42:25] DEBUG · urllib3.connectionpool https://funpay.com:443 "POST /runner/ HTTP/1.1" 200 None
[20.09.2026 09:42:27] DEBUG · urllib3.connectionpool https://funpay.com:443 "GET /users/10794022/ HTTP/1.1" 200 None
[20.09.2026 09:42:29] DEBUG · urllib3.connectionpool https://funpay.com:443 "POST /runner/ HTTP/1.1" 200 None
[20.09.2026 09:42:30] DEBUG · urllib3.connectionpool https://funpay.com:443 "GET /users/10794022/ HTTP/1.1" 200 None
[20.09.2026 09:42:33] DEBUG · urllib3.connectionpool https://funpay.com:443 "GET /users/10794022/ HTTP/1.1" 200 None
[20.09.2026 09:42:33] DEBUG · urllib3.connectionpool https://funpay.com:443 "POST /runner/ HTTP/1.1" 200 None
[20.09.2026 09:42:36] DEBUG · urllib3.connectionpool https://funpay.com:443 "GET /users/10794022/ HTTP/1.1" 200 None
[20.09.2026 09:42:37] DEBUG · urllib3.connectionpool https://funpay.com:443 "POST /runner/ HTTP/1.1" 200 None
[20.09.2026 09:42:41] DEBUG · urllib3.connectionpool https://funpay.com:443 "POST /runner/ HTTP/1.1" 200 None
[20.09.2026 09:42:42] DEBUG · urllib3.connectionpool https://funpay.com:443 "GET /users/10794022/ HTTP/1.1" 200 None
[20.09.2026 09:42:45] DEBUG · urllib3.connectionpool https://funpay.com:443 "GET /users/10794022/ HTTP/1.1" 200 None
[20.09.2026 09:42:45] DEBUG · urllib3.connectionpool https://funpay.com:443 "POST /runner/ HTTP/1.1" 200 None
[20.09.2026 09:42:48] DEBUG · urllib3.connectionpool https://funpay.com:443 "GET /users/10794022/ HTTP/1.1" 200 None
[20.09.2026 09:42:49] DEBUG · urllib3.connectionpool https://funpay.com:443 "POST /runner/ HTTP/1.1" 200 None
[20.09.2026 09:42:52] DEBUG · urllib3.connectionpool https://funpay.com:443 "GET /users/10794022/ HTTP/1.1" 200 None
[20.09.2026 09:42:53] DEBUG · urllib3.connectionpool https://funpay.com:443 "POST /runner/ HTTP/1.1" 200 None
[20.09.2026 09:42:55] DEBUG · urllib3.connectionpool https://funpay.com:443 "GET /users/10794022/ HTTP/1.1" 200 None
[20.09.2026 09:42:57] DEBUG · urllib3.connectionpool https://funpay.com:443 "POST /runner/ HTTP/1.1" 200 None
[20.09.2026 09:42:58] DEBUG · urllib3.connectionpool https://funpay.com:443 "GET /users/10794022/ HTTP/1.1" 200 None
[20.09.2026 09:43:01] DEBUG · urllib3.connectionpool https://funpay.com:443 "POST /runner/ HTTP/1.1" 200 None
[20.09.2026 09:43:02] DEBUG · urllib3.connectionpool https://funpay.com:443 "GET /users/10794022/ HTTP/1.1" 200 None
[20.09.2026 09:43:05] DEBUG · urllib3.connectionpool https://funpay.com:443 "GET /users/10794022/ HTTP/1.1" 200 None
[20.09.2026 09:43:05] DEBUG · urllib3.connectionpool https://funpay.com:443 "POST /runner/ HTTP/1.1" 200 None
[20.09.2026 09:43:08] DEBUG · urllib3.connectionpool https://funpay.com:443 "GET /users/10794022/ HTTP/1.1" 200 None
[20.09.2026 09:43:09] DEBUG · urllib3.connectionpool https://funpay.com:443 "POST /runner/ HTTP/1.1" 200 None
[20.09.2026 09:43:11] DEBUG · urllib3.connectionpool https://funpay.com:443 "GET /users/10794022/ HTTP/1.1" 200 None
[20.09.2026 09:43:13] DEBUG · urllib3.connectionpool https://funpay.com:443 "POST /runner/ HTTP/1.1" 200 None
[20.09.2026 09:43:15] DEBUG · urllib3.connectionpool https://funpay.com:443 "GET /users/10794022/ HTTP/1.1" 200 None
[20.09.2026 09:43:17] DEBUG · urllib3.connectionpool https://funpay.com:443 "POST /runner/ HTTP/1.1" 200 None
[20.09.2026 09:43:18] DEBUG · urllib3.connectionpool https://funpay.com:443 "GET /users/10794022/ HTTP/1.1" 200 None
[20.09.2026 09:43:21] DEBUG · urllib3.connectionpool https://funpay.com:443 "GET /users/10794022/ HTTP/1.1" 200 None
[20.09.2026 09:43:22] DEBUG · urllib3.connectionpool https://funpay.com:443 "POST /runner/ HTTP/1.1" 200 None
[20.09.2026 09:43:25] DEBUG · urllib3.connectionpool https://funpay.com:443 "GET /users/10794022/ HTTP/1.1" 200 None
[20.09.2026 09:43:25] DEBUG · urllib3.connectionpool https://funpay.com:443 "POST /runner/ HTTP/1.1" 200 None
[20.09.2026 09:43:28] DEBUG · urllib3.connectionpool https://funpay.com:443 "GET /users/10794022/ HTTP/1.1" 200 None
[20.09.2026 09:43:29] DEBUG · urllib3.connectionpool https://funpay.com:443 "POST /runner/ HTTP/1.1" 200 None
[20.09.2026 09:43:31] DEBUG · urllib3.connectionpool https://funpay.com:443 "GET /users/10794022/ HTTP/1.1" 200 None
[20.09.2026 09:43:33] DEBUG · urllib3.connectionpool https://funpay.com:443 "POST /runner/ HTTP/1.1" 200 None
[20.09.2026 09:43:35] DEBUG · urllib3.connectionpool https://funpay.com:443 "GET /users/10794022/ HTTP/1.1" 200 None
[20.09.2026 09:43:37] DEBUG · urllib3.connectionpool https://funpay.com:443 "POST /runner/ HTTP/1.1" 200 None
[20.09.2026 09:43:38] DEBUG · urllib3.connectionpool https://funpay.com:443 "GET /users/10794022/ HTTP/1.1" 200 None
[20.09.2026 09:43:41] DEBUG · urllib3.connectionpool https://funpay.com:443 "GET /users/10794022/ HTTP/1.1" 200 None
[20.09.2026 09:43:41] DEBUG · urllib3.connectionpool https://funpay.com:443 "POST /runner/ HTTP/1.1" 200 None
[20.09.2026 09:43:45] DEBUG · urllib3.connectionpool https://funpay.com:443 "GET /users/10794022/ HTTP/1.1" 200 None
[20.09.2026 09:43:45] DEBUG · urllib3.connectionpool https://funpay.com:443 "POST /runner/ HTTP/1.1" 200 None
[20.09.2026 09:43:48] DEBUG · urllib3.connectionpool https://funpay.com:443 "GET /users/10794022/ HTTP/1.1" 200 None
[20.09.2026 09:43:49] DEBUG · urllib3.connectionpool https://funpay.com:443 "POST /runner/ HTTP/1.1" 200 None
[20.09.2026 09:43:51] DEBUG · urllib3.connectionpool https://funpay.com:443 "GET /users/10794022/ HTTP/1.1" 200 None
[20.09.2026 09:43:53] DEBUG · urllib3.connectionpool https://funpay.com:443 "POST /runner/ HTTP/1.1" 200 None
[20.09.2026 09:43:55] DEBUG · urllib3.connectionpool https://funpay.com:443 "GET /users/10794022/ HTTP/1.1" 200 None
[20.09.2026 09:43:57] DEBUG · urllib3.connectionpool https://funpay.com:443 "POST /runner/ HTTP/1.1" 200 None
[20.09.2026 09:43:58] DEBUG · urllib3.connectionpool https://funpay.com:443 "GET /users/10794022/ HTTP/1.1" 200 None
[20.09.2026 09:44:01] DEBUG · urllib3.connectionpool https://funpay.com:443 "GET /users/10794022/ HTTP/1.1" 200 None
[20.09.2026 09:44:01] DEBUG · urllib3.connectionpool https://funpay.com:443 "POST /runner/ HTTP/1.1" 200 None
[20.09.2026 09:44:05] DEBUG · urllib3.connectionpool https://funpay.com:443 "GET /users/10794022/ HTTP/1.1" 200 None
[20.09.2026 09:44:05] DEBUG · urllib3.connectionpool https://funpay.com:443 "POST /runner/ HTTP/1.1" 200 None
[20.09.2026 09:44:08] DEBUG · urllib3.connectionpool https://funpay.com:443 "GET /users/10794022/ HTTP/1.1" 200 None
[20.09.2026 09:44:09] DEBUG · urllib3.connectionpool https://funpay.com:443 "POST /runner/ HTTP/1.1" 200 None
[20.09.2026 09:44:11] DEBUG · urllib3.connectionpool https://funpay.com:443 "GET /users/10794022/ HTTP/1.1" 200 None
[20.09.2026 09:44:13] DEBUG · urllib3.connectionpool https://funpay.com:443 "POST /runner/ HTTP/1.1" 200 None
[20.09.2026 09:44:14] DEBUG · urllib3.connectionpool https://funpay.com:443 "GET /users/10794022/ HTTP/1.1" 200 None
[20.09.2026 09:44:17] DEBUG · urllib3.connectionpool https://funpay.com:443 "POST /runner/ HTTP/1.1" 200 None
[20.09.2026 09:44:18] DEBUG · urllib3.connectionpool https://funpay.com:443 "GET /users/10794022/ HTTP/1.1" 200 None
[20.09.2026 09:44:21] DEBUG · urllib3.connectionpool https://funpay.com:443 "GET /users/10794022/ HTTP/1.1" 200 None
[20.09.2026 09:44:21] DEBUG · urllib3.connectionpool Starting new HTTPS connection (1): api.github.com:443
[20.09.2026 09:44:21] DEBUG · urllib3.connectionpool https://funpay.com:443 "POST /runner/ HTTP/1.1" 200 None
[20.09.2026 09:44:22] DEBUG · urllib3.connectionpool https://api.github.com:443 "GET /repos/alleexxeeyy/funpay-universal/releases HTTP/1.1" 200 5955
[20.09.2026 09:44:24] DEBUG · urllib3.connectionpool https://funpay.com:443 "GET /users/10794022/ HTTP/1.1" 200 None
[20.09.2026 09:44:25] DEBUG · urllib3.connectionpool https://funpay.com:443 "POST /runner/ HTTP/1.1" 200 None
[20.09.2026 09:44:28] DEBUG · urllib3.connectionpool https://funpay.com:443 "GET /users/10794022/ HTTP/1.1" 200 None
[20.09.2026 09:44:29] DEBUG · urllib3.connectionpool https://funpay.com:443 "POST /runner/ HTTP/1.1" 200 None
[20.09.2026 09:44:31] DEBUG · urllib3.connectionpool https://funpay.com:443 "GET /users/10794022/ HTTP/1.1" 200 None
[20.09.2026 09:44:33] DEBUG · urllib3.connectionpool https://funpay.com:443 "POST /runner/ HTTP/1.1" 200 None
[20.09.2026 09:44:34] DEBUG · urllib3.connectionpool https://funpay.com:443 "GET /users/10794022/ HTTP/1.1" 200 None
[20.09.2026 09:44:37] DEBUG · urllib3.connectionpool https://funpay.com:443 "POST /runner/ HTTP/1.1" 200 None
[20.09.2026 09:44:38] DEBUG · urllib3.connectionpool https://funpay.com:443 "GET /users/10794022/ HTTP/1.1" 200 None
[20.09.2026 09:44:41] DEBUG · urllib3.connectionpool https://funpay.com:443 "GET /users/10794022/ HTTP/1.1" 200 None
[20.09.2026 09:44:41] DEBUG · urllib3.connectionpool https://funpay.com:443 "POST /runner/ HTTP/1.1" 200 None
[20.09.2026 09:44:44] DEBUG · urllib3.connectionpool https://funpay.com:443 "GET /users/10794022/ HTTP/1.1" 200 None
[20.09.2026 09:44:45] DEBUG · urllib3.connectionpool https://funpay.com:443 "POST /runner/ HTTP/1.1" 200 None
[20.09.2026 09:44:48] DEBUG · urllib3.connectionpool https://funpay.com:443 "GET /users/10794022/ HTTP/1.1" 200 None
[20.09.2026 09:44:49] DEBUG · urllib3.connectionpool https://funpay.com:443 "POST /runner/ HTTP/1.1" 200 None
[20.09.2026 09:44:51] DEBUG · urllib3.connectionpool https://funpay.com:443 "GET /users/10794022/ HTTP/1.1" 200 None
[20.09.2026 09:44:53] DEBUG · urllib3.connectionpool https://funpay.com:443 "POST /runner/ HTTP/1.1" 200 None
[20.09.2026 09:44:54] DEBUG · urllib3.connectionpool https://funpay.com:443 "GET /users/10794022/ HTTP/1.1" 200 None
[20.09.2026 09:44:57] DEBUG · urllib3.connectionpool https://funpay.com:443 "POST /runner/ HTTP/1.1" 200 None
[20.09.2026 09:44:58] DEBUG · urllib3.connectionpool https://funpay.com:443 "GET /users/10794022/ HTTP/1.1" 200 None
[20.09.2026 09:45:01] DEBUG · urllib3.connectionpool https://funpay.com:443 "GET /users/10794022/ HTTP/1.1" 200 None
[20.09.2026 09:45:01] DEBUG · urllib3.connectionpool https://funpay.com:443 "POST /runner/ HTTP/1.1" 200 None
[20.09.2026 11:01:13] DEBUG · urllib3.connectionpool Starting new HTTPS connection (1): api.github.com:443
[20.09.2026 11:01:14] DEBUG · urllib3.connectionpool https://api.github.com:443 "GET /repos/alleexxeeyy/funpay-universal/releases HTTP/1.1" 200 None
[20.09.2026 11:01:14] INFO · universal.updater    У вас установлена последняя версия: 1.18.2
[20.09.2026 11:01:14] INFO · universal            
[20.09.2026 11:01:14] DEBUG · urllib3.connectionpool Starting new HTTPS connection (1): funpay.com:443
[20.09.2026 11:01:15] DEBUG · urllib3.connectionpool https://funpay.com:443 "GET / HTTP/1.1" 200 None
[20.09.2026 11:01:16] INFO · universal            FunPay аккаунт успешно авторизован.
[20.09.2026 11:01:16] DEBUG · urllib3.connectionpool Starting new HTTPS connection (1): funpay.com:443
[20.09.2026 11:01:17] DEBUG · urllib3.connectionpool https://funpay.com:443 "GET / HTTP/1.1" 200 None
[20.09.2026 11:01:19] DEBUG · urllib3.connectionpool https://funpay.com:443 "GET /users/10794022/ HTTP/1.1" 200 None
[20.09.2026 11:01:19] DEBUG · urllib3.connectionpool Starting new HTTPS connection (1): api.telegram.org:443
[20.09.2026 11:01:19] DEBUG · urllib3.connectionpool https://api.telegram.org:443 "GET /bot8756373718:AAF7UShfdcPoSa4xL_OhGoEeELgqwJzepak/getMe HTTP/1.1" 200 416
[20.09.2026 11:01:19] INFO · universal            Telegram бот успешно работает.
[20.09.2026 11:01:19] INFO · universal            
[20.09.2026 11:01:19] INFO · modules.apple_topup.prepayment 🔥 PREPAYMENT VERSION: SPLIT PRICE v4
[20.09.2026 11:01:19] DEBUG · asyncio              Using proactor: IocpProactor
[20.09.2026 11:01:19] INFO · universal.modules    Подключен 1 модуль: Apple TopUp 1.0.0
[20.09.2026 11:01:20] DEBUG · asyncio              Using proactor: IocpProactor
[20.09.2026 11:01:20] DEBUG · urllib3.connectionpool Starting new HTTPS connection (1): funpay.com:443
[20.09.2026 11:01:20] INFO · universal.telegram   
[20.09.2026 11:01:20] INFO · universal.telegram   Telegram бот @panel_funpay_bot запущен и активен
[20.09.2026 11:01:20] DEBUG · urllib3.connectionpool https://funpay.com:443 "GET / HTTP/1.1" 200 None
[20.09.2026 11:01:21] INFO · universal.funpay     
[20.09.2026 11:01:21] INFO · universal.funpay     FunPay бот запущен и активен
[20.09.2026 11:01:21] INFO · universal.funpay     
[20.09.2026 11:01:21] INFO · universal.funpay     ───────────────────────────────────────
[20.09.2026 11:01:21] INFO · universal.funpay     Информация об аккаунте:
[20.09.2026 11:01:21] INFO · universal.funpay      · ID: 10794022
[20.09.2026 11:01:21] INFO · universal.funpay      · Никнейм: Slavikbebryan
[20.09.2026 11:01:21] INFO · universal.funpay      · Баланс: 10796 RUB
[20.09.2026 11:01:21] INFO · universal.funpay      · Активные продажи: 5
[20.09.2026 11:01:21] INFO · universal.funpay      · Активные покупки: 0
[20.09.2026 11:01:21] INFO · universal.funpay     ───────────────────────────────────────
[20.09.2026 11:01:21] DEBUG · asyncio              Using proactor: IocpProactor
[20.09.2026 11:01:21] DEBUG · urllib3.connectionpool Starting new HTTPS connection (2): funpay.com:443
[20.09.2026 11:01:21] DEBUG · urllib3.connectionpool Starting new HTTPS connection (3): funpay.com:443
[20.09.2026 11:01:21] DEBUG · urllib3.connectionpool Starting new HTTPS connection (4): funpay.com:443
[20.09.2026 11:01:21] DEBUG · urllib3.connectionpool https://funpay.com:443 "GET / HTTP/1.1" 200 None
[20.09.2026 11:01:22] DEBUG · urllib3.connectionpool https://funpay.com:443 "POST /runner/ HTTP/1.1" 200 None
[20.09.2026 11:01:22] DEBUG · urllib3.connectionpool https://funpay.com:443 "GET /users/10794022/ HTTP/1.1" 200 None
[20.09.2026 11:01:22] DEBUG · urllib3.connectionpool https://funpay.com:443 "GET /users/10794022/ HTTP/1.1" 200 None
[20.09.2026 11:01:22] DEBUG · urllib3.connectionpool https://funpay.com:443 "GET /orders/trade HTTP/1.1" 200 None
[20.09.2026 11:01:22] DEBUG · urllib3.connectionpool https://funpay.com:443 "POST /lots/raise HTTP/1.1" 200 None
[20.09.2026 11:01:22] DEBUG · FunPayAPI.account    Ответ FunPay (поднятие категорий): {'error': True, 'msg': 'Подождите 3 часа.', 'wait': 9095, 'unlock_at': '2026-09-20T10:32:59Z'}.
[20.09.2026 11:01:22] WARNING · universal.funpay     Категорию «Аккаунты» можно будет поднять через 9095 сек.
[20.09.2026 11:01:22] INFO · modules.apple_topup  🍎 Apple TopUp: незавершённых заказов для восстановления нет
[20.09.2026 11:01:22] DEBUG · asyncio              Using proactor: IocpProactor
[20.09.2026 11:01:23] DEBUG · urllib3.connectionpool https://funpay.com:443 "POST /lots/raise HTTP/1.1" 200 None
[20.09.2026 11:01:23] DEBUG · FunPayAPI.account    Ответ FunPay (поднятие категорий): {'error': True, 'msg': 'Подождите 2 часа.', 'wait': 6827, 'unlock_at': '2026-09-20T09:55:11Z'}.
[20.09.2026 11:01:23] WARNING · universal.funpay     Категорию «Прочее» можно будет поднять через 6827 сек.
[20.09.2026 11:01:23] DEBUG · urllib3.connectionpool https://funpay.com:443 "POST /lots/raise HTTP/1.1" 200 None
[20.09.2026 11:01:23] DEBUG · FunPayAPI.account    Ответ FunPay (поднятие категорий): {'error': True, 'msg': 'Подождите час.', 'wait': 5351, 'unlock_at': '2026-09-20T09:30:36Z'}.
[20.09.2026 11:01:23] WARNING · universal.funpay     Категорию «Подписка» можно будет поднять через 5351 сек.
[20.09.2026 11:01:26] DEBUG · urllib3.connectionpool https://funpay.com:443 "POST /runner/ HTTP/1.1" 200 None
[20.09.2026 11:01:26] DEBUG · urllib3.connectionpool https://funpay.com:443 "GET /users/10794022/ HTTP/1.1" 200 None
[20.09.2026 11:01:29] DEBUG · urllib3.connectionpool https://funpay.com:443 "GET /users/10794022/ HTTP/1.1" 200 None
[20.09.2026 11:01:29] DEBUG · urllib3.connectionpool https://funpay.com:443 "POST /runner/ HTTP/1.1" 200 None
[20.09.2026 11:01:30] DEBUG · urllib3.connectionpool https://funpay.com:443 "POST /runner/ HTTP/1.1" 200 None
[20.09.2026 11:01:30] INFO · modules.apple_topup.prepayment 🍎 Apple TopUp: фоновый таймер предоплаты запущен/перезапущен
[20.09.2026 11:01:30] INFO · modules.apple_topup.prepayment PREPAYMENT DEBUG: получено сообщение от barabanjj22: 'Дарова'
[20.09.2026 11:01:30] INFO · modules.apple_topup.prepayment ⏰ Предоплата: истёк таймер для barabanjj22, лот 72854958 (expires_at=1789891166.8358061, now=1789891290.401863)
[20.09.2026 11:01:30] INFO · modules.apple_topup.prepayment 🍎 Предоплатный таймер: worker активен
[20.09.2026 11:01:30] INFO · modules.apple_topup.prepayment ⏰ Предоплата: истёк таймер для barabanjj22, лот 72854958 (expires_at=1789891166.8358061, now=1789891290.4065707)
[20.09.2026 11:01:30] DEBUG · urllib3.connectionpool https://funpay.com:443 "GET /orders/trade HTTP/1.1" 200 None
[20.09.2026 11:01:30] DEBUG · urllib3.connectionpool https://funpay.com:443 "GET /orders/trade HTTP/1.1" 200 None
[20.09.2026 11:01:30] INFO · modules.apple_topup.prepayment Предоплата: восстанавливаю цену лота 72854958 -> 9.255 (попытка 1/3, причина=истечение времени)
[20.09.2026 11:01:30] DEBUG · urllib3.connectionpool https://funpay.com:443 "GET /lots/offerEdit?offer=72854958 HTTP/1.1" 200 None
[20.09.2026 11:01:31] DEBUG · urllib3.connectionpool https://funpay.com:443 "POST /lots/offerSave HTTP/1.1" 200 None
[20.09.2026 11:01:31] DEBUG · urllib3.connectionpool https://funpay.com:443 "GET /lots/offerEdit?offer=72854958 HTTP/1.1" 200 None
[20.09.2026 11:01:31] DEBUG · urllib3.connectionpool https://funpay.com:443 "POST /runner/ HTTP/1.1" 200 None
[20.09.2026 11:01:31] DEBUG · urllib3.connectionpool https://funpay.com:443 "POST /runner/ HTTP/1.1" 200 None
[20.09.2026 11:01:33] DEBUG · urllib3.connectionpool https://funpay.com:443 "GET /users/10794022/ HTTP/1.1" 200 None
[20.09.2026 11:01:33] DEBUG · urllib3.connectionpool https://funpay.com:443 "POST /runner/ HTTP/1.1" 200 None
[20.09.2026 11:01:34] DEBUG · modules.apple_topup  🍎 Apple TopUp DEBUG: сообщение собственного аккаунта пропущено: author='Slavikbebryan'
[20.09.2026 11:01:34] DEBUG · modules.apple_topup  🍎 Apple TopUp DEBUG: сообщение собственного аккаунта пропущено: author='Slavikbebryan'
[20.09.2026 11:01:36] DEBUG · urllib3.connectionpool https://funpay.com:443 "GET /users/10794022/ HTTP/1.1" 200 None
[20.09.2026 11:01:38] DEBUG · urllib3.connectionpool https://funpay.com:443 "POST /runner/ HTTP/1.1" 200 None
[20.09.2026 11:01:38] DEBUG · urllib3.connectionpool https://funpay.com:443 "POST /runner/ HTTP/1.1" 200 None
[20.09.2026 11:01:38] INFO · modules.apple_topup.prepayment PREPAYMENT DEBUG: получено сообщение от barabanjj22: '!прайс'
[20.09.2026 11:01:38] INFO · modules.apple_topup.prepayment PREPAYMENT DEBUG: команда !ПРАЙС от barabanjj22
[20.09.2026 11:01:38] INFO · modules.apple_topup.prepayment PREPAYMENT DEBUG: отправляю PRICE пользователю barabanjj22
[20.09.2026 11:01:38] DEBUG · urllib3.connectionpool https://funpay.com:443 "POST /runner/ HTTP/1.1" 200 None
[20.09.2026 11:01:38] DEBUG · urllib3.connectionpool https://funpay.com:443 "POST /runner/ HTTP/1.1" 200 None
[20.09.2026 11:01:39] DEBUG · urllib3.connectionpool https://funpay.com:443 "GET /users/10794022/ HTTP/1.1" 200 None
[20.09.2026 11:01:42] DEBUG · urllib3.connectionpool https://funpay.com:443 "POST /runner/ HTTP/1.1" 200 None
[20.09.2026 11:01:42] DEBUG · modules.apple_topup  🍎 Apple TopUp DEBUG: сообщение собственного аккаунта пропущено: author='Slavikbebryan'
[20.09.2026 11:01:42] DEBUG · modules.apple_topup  🍎 Apple TopUp DEBUG: сообщение собственного аккаунта пропущено: author='Slavikbebryan'
[20.09.2026 11:01:43] DEBUG · urllib3.connectionpool https://funpay.com:443 "GET /users/10794022/ HTTP/1.1" 200 None
[20.09.2026 11:01:46] DEBUG · urllib3.connectionpool https://funpay.com:443 "POST /runner/ HTTP/1.1" 200 None
[20.09.2026 11:01:46] DEBUG · urllib3.connectionpool https://funpay.com:443 "GET /users/10794022/ HTTP/1.1" 200 None
[20.09.2026 11:01:49] DEBUG · urllib3.connectionpool https://funpay.com:443 "GET /users/10794022/ HTTP/1.1" 200 None
[20.09.2026 11:01:50] DEBUG · urllib3.connectionpool https://funpay.com:443 "POST /runner/ HTTP/1.1" 200 None
[20.09.2026 11:01:50] DEBUG · urllib3.connectionpool https://funpay.com:443 "POST /runner/ HTTP/1.1" 200 None
[20.09.2026 11:01:50] INFO · modules.apple_topup.prepayment PREPAYMENT DEBUG: получено сообщение от barabanjj22: '1'
[20.09.2026 11:01:50] WARNING · modules.apple_topup.prepayment Предоплата: лот 72854958 уже не имеет активной заявки
[20.09.2026 11:01:50] DEBUG · urllib3.connectionpool https://funpay.com:443 "POST /runner/ HTTP/1.1" 200 None
[20.09.2026 11:01:50] DEBUG · urllib3.connectionpool https://funpay.com:443 "GET /lots/offerEdit?offer=72854958 HTTP/1.1" 200 None
[20.09.2026 11:01:50] DEBUG · urllib3.connectionpool https://funpay.com:443 "GET /lots/offerEdit?offer=72854958 HTTP/1.1" 200 None
[20.09.2026 11:01:50] DEBUG · urllib3.connectionpool https://funpay.com:443 "POST /lots/offerSave HTTP/1.1" 200 None
[20.09.2026 11:01:51] DEBUG · urllib3.connectionpool https://funpay.com:443 "GET /lots/offerEdit?offer=72854958 HTTP/1.1" 200 None
[20.09.2026 11:01:51] DEBUG · urllib3.connectionpool https://funpay.com:443 "POST /runner/ HTTP/1.1" 200 None
[20.09.2026 11:01:53] DEBUG · urllib3.connectionpool https://funpay.com:443 "GET /users/10794022/ HTTP/1.1" 200 None
[20.09.2026 11:01:54] DEBUG · urllib3.connectionpool https://funpay.com:443 "POST /runner/ HTTP/1.1" 200 None
[20.09.2026 11:01:54] DEBUG · modules.apple_topup  🍎 Apple TopUp DEBUG: сообщение собственного аккаунта пропущено: author='Slavikbebryan'
[20.09.2026 11:01:54] DEBUG · modules.apple_topup  🍎 Apple TopUp DEBUG: сообщение собственного аккаунта пропущено: author='Slavikbebryan'
[20.09.2026 11:01:56] DEBUG · urllib3.connectionpool https://funpay.com:443 "GET /users/10794022/ HTTP/1.1" 200 None
[20.09.2026 11:01:57] DEBUG · urllib3.connectionpool https://funpay.com:443 "POST /runner/ HTTP/1.1" 200 None
[20.09.2026 11:01:59] DEBUG · urllib3.connectionpool https://funpay.com:443 "GET /users/10794022/ HTTP/1.1" 200 None
[20.09.2026 11:02:02] DEBUG · urllib3.connectionpool https://funpay.com:443 "POST /runner/ HTTP/1.1" 200 None
[20.09.2026 11:02:02] DEBUG · urllib3.connectionpool https://funpay.com:443 "GET /users/10794022/ HTTP/1.1" 200 None
[20.09.2026 11:02:05] DEBUG · urllib3.connectionpool https://funpay.com:443 "POST /runner/ HTTP/1.1" 200 None
[20.09.2026 11:02:06] DEBUG · urllib3.connectionpool https://funpay.com:443 "GET /users/10794022/ HTTP/1.1" 200 None
[20.09.2026 11:02:09] DEBUG · urllib3.connectionpool https://funpay.com:443 "GET /users/10794022/ HTTP/1.1" 200 None
[20.09.2026 11:02:10] DEBUG · urllib3.connectionpool https://funpay.com:443 "POST /runner/ HTTP/1.1" 200 None
[20.09.2026 11:02:12] DEBUG · urllib3.connectionpool https://funpay.com:443 "GET /users/10794022/ HTTP/1.1" 200 None
[20.09.2026 11:02:13] DEBUG · urllib3.connectionpool https://funpay.com:443 "POST /runner/ HTTP/1.1" 200 None
[20.09.2026 11:02:15] DEBUG · urllib3.connectionpool https://funpay.com:443 "GET /users/10794022/ HTTP/1.1" 200 None
[20.09.2026 11:02:18] DEBUG · urllib3.connectionpool https://funpay.com:443 "POST /runner/ HTTP/1.1" 200 None
[20.09.2026 11:02:19] DEBUG · urllib3.connectionpool https://funpay.com:443 "GET /users/10794022/ HTTP/1.1" 200 None
[20.09.2026 11:02:21] DEBUG · urllib3.connectionpool https://funpay.com:443 "POST /runner/ HTTP/1.1" 200 None
[20.09.2026 11:02:22] DEBUG · urllib3.connectionpool https://funpay.com:443 "GET /users/10794022/ HTTP/1.1" 200 None
[20.09.2026 11:02:25] DEBUG · urllib3.connectionpool https://funpay.com:443 "GET /users/10794022/ HTTP/1.1" 200 None
[20.09.2026 11:02:26] DEBUG · urllib3.connectionpool https://funpay.com:443 "POST /runner/ HTTP/1.1" 200 None
[20.09.2026 11:02:29] DEBUG · urllib3.connectionpool https://funpay.com:443 "GET /users/10794022/ HTTP/1.1" 200 None
[20.09.2026 11:02:30] DEBUG · urllib3.connectionpool https://funpay.com:443 "POST /runner/ HTTP/1.1" 200 None
[20.09.2026 11:02:32] DEBUG · urllib3.connectionpool https://funpay.com:443 "GET /users/10794022/ HTTP/1.1" 200 None
[20.09.2026 11:02:33] DEBUG · urllib3.connectionpool https://funpay.com:443 "POST /runner/ HTTP/1.1" 200 None
[20.09.2026 11:02:35] DEBUG · urllib3.connectionpool https://funpay.com:443 "GET /users/10794022/ HTTP/1.1" 200 None
[20.09.2026 11:02:37] DEBUG · urllib3.connectionpool https://funpay.com:443 "POST /runner/ HTTP/1.1" 200 None
[20.09.2026 11:02:39] DEBUG · urllib3.connectionpool https://funpay.com:443 "GET /users/10794022/ HTTP/1.1" 200 None
[20.09.2026 11:02:41] DEBUG · urllib3.connectionpool https://funpay.com:443 "POST /runner/ HTTP/1.1" 200 None
[20.09.2026 11:02:42] DEBUG · urllib3.connectionpool https://funpay.com:443 "GET /orders/trade HTTP/1.1" 200 None
[20.09.2026 11:02:42] DEBUG · urllib3.connectionpool https://funpay.com:443 "GET /users/10794022/ HTTP/1.1" 200 None
[20.09.2026 11:02:42] DEBUG · urllib3.connectionpool https://funpay.com:443 "POST /runner/ HTTP/1.1" 200 None
[20.09.2026 11:02:42] INFO · universal.funpay     ───────────────────────────────────────
[20.09.2026 11:02:42] INFO · universal.funpay     Новый заказ #A3MGFQ4K:
[20.09.2026 11:02:42] INFO · universal.funpay      · Покупатель: barabanjj22
[20.09.2026 11:02:42] INFO · universal.funpay      · Товар: ⚡️💎【АВТО-ВЫДАЧА 24/7】⚡️💎【SoundCloud GO】 ⚡️💎【1 МЕСЯЦ】⚡️💎 【ЛЮБОЙ IOS】, GO, 1 месяц
[20.09.2026 11:02:42] INFO · universal.funpay      · Количество: 1
[20.09.2026 11:02:42] INFO · universal.funpay      · Сумма: 83.36 RUB
[20.09.2026 11:02:42] INFO · universal.funpay     ───────────────────────────────────────
[20.09.2026 11:02:42] DEBUG · urllib3.connectionpool https://funpay.com:443 "GET /users/21396664/ HTTP/1.1" 200 None
[20.09.2026 11:02:43] DEBUG · urllib3.connectionpool https://funpay.com:443 "GET /lots/3826/trade HTTP/1.1" 200 None
[20.09.2026 11:02:43] INFO · modules.apple_topup  🍎 Apple TopUp DEBUG: найден ID заказа A3MGFQ4K в системном сообщении
[20.09.2026 11:02:43] DEBUG · urllib3.connectionpool https://funpay.com:443 "POST /api/orders/get HTTP/1.1" 200 None
[20.09.2026 11:02:43] DEBUG · urllib3.connectionpool https://funpay.com:443 "GET /lots/3826/trade HTTP/1.1" 200 None
[20.09.2026 11:02:43] INFO · modules.apple_topup  🍎 Apple TopUp: offer_id не был передан FunPay; лот определён по частичному совпадению названия: 72854958
[20.09.2026 11:02:43] INFO · modules.apple_topup.prepayment Предоплата: восстанавливаю цену лота 72854958 -> 9.255 (попытка 1/3, причина=оплата)
[20.09.2026 11:02:43] DEBUG · urllib3.connectionpool https://funpay.com:443 "GET /lots/offerEdit?offer=72854958 HTTP/1.1" 200 None
[20.09.2026 11:02:43] DEBUG · urllib3.connectionpool https://funpay.com:443 "POST /lots/offerSave HTTP/1.1" 200 None
[20.09.2026 11:02:44] DEBUG · urllib3.connectionpool https://funpay.com:443 "GET /lots/offerEdit?offer=72854958 HTTP/1.1" 200 None
[20.09.2026 11:02:44] INFO · modules.apple_topup  💰 Apple TopUp: предоплатная заявка освобождена после оплаты заказа A3MGFQ4K; лот 72854958 возвращён к restore_price.
[20.09.2026 11:02:44] INFO · modules.apple_topup  🍎 Apple TopUp: выбран лот 72854958 -> Apple TopUp 10 TRY x2, 10_try (всего 2 кодов)
[20.09.2026 11:02:44] INFO · modules.apple_topup  🍎 Apple TopUp: сценарий запущен для заказа A3MGFQ4K (barabanjj22)
[20.09.2026 11:02:44] DEBUG · urllib3.connectionpool https://funpay.com:443 "POST /runner/ HTTP/1.1" 200 None
[20.09.2026 11:02:44] INFO · modules.apple_topup  🍎 Apple TopUp: приветственное сообщение отправлено для заказа A3MGFQ4K
[20.09.2026 11:02:44] DEBUG · modules.apple_topup  🍎 Apple TopUp DEBUG: сообщение собственного аккаунта пропущено: author='Slavikbebryan'
[20.09.2026 11:02:45] DEBUG · urllib3.connectionpool https://funpay.com:443 "GET /users/10794022/ HTTP/1.1" 200 None
[20.09.2026 11:02:46] DEBUG · urllib3.connectionpool https://funpay.com:443 "POST /runner/ HTTP/1.1" 200 None
[20.09.2026 11:02:46] DEBUG · modules.apple_topup  🍎 Apple TopUp DEBUG: сообщение собственного аккаунта пропущено: author='Slavikbebryan'
[20.09.2026 11:02:48] DEBUG · urllib3.connectionpool https://funpay.com:443 "GET /users/10794022/ HTTP/1.1" 200 None
[20.09.2026 11:02:50] DEBUG · urllib3.connectionpool https://funpay.com:443 "POST /runner/ HTTP/1.1" 200 None
[20.09.2026 11:02:52] DEBUG · urllib3.connectionpool https://funpay.com:443 "GET /users/10794022/ HTTP/1.1" 200 None
[20.09.2026 11:02:53] DEBUG · urllib3.connectionpool https://funpay.com:443 "POST /runner/ HTTP/1.1" 200 None
[20.09.2026 11:02:55] DEBUG · urllib3.connectionpool https://funpay.com:443 "GET /users/10794022/ HTTP/1.1" 200 None
[20.09.2026 11:02:57] DEBUG · urllib3.connectionpool https://funpay.com:443 "POST /runner/ HTTP/1.1" 200 None
[20.09.2026 11:02:58] DEBUG · urllib3.connectionpool https://funpay.com:443 "POST /runner/ HTTP/1.1" 200 None
[20.09.2026 11:02:58] INFO · modules.apple_topup.prepayment PREPAYMENT DEBUG: получено сообщение от barabanjj22: '!могу'
[20.09.2026 11:02:58] WARNING · modules.apple_topup  🍎 Apple TopUp DEBUG: заказ найден по username fallback: order=A3MGFQ4K buyer='barabanjj22' saved_chat_id='users-10794022-21396664' incoming_chat_id=287190642 state=WAITING_REGION
[20.09.2026 11:02:58] INFO · modules.apple_topup  🍎 Apple TopUp DEBUG: команда покупателя: author='barabanjj22' command='!могу' order=A3MGFQ4K state=WAITING_REGION incoming_chat_id=287190642 saved_chat_id='users-10794022-21396664'
[20.09.2026 11:02:58] DEBUG · urllib3.connectionpool https://funpay.com:443 "POST /runner/ HTTP/1.1" 200 None
[20.09.2026 11:02:58] DEBUG · urllib3.connectionpool https://funpay.com:443 "GET /users/10794022/ HTTP/1.1" 200 None
[20.09.2026 11:02:58] DEBUG · urllib3.connectionpool https://funpay.com:443 "POST /file/addChatImage HTTP/1.1" 200 None
[20.09.2026 11:02:58] INFO · modules.apple_topup  🍎 Apple TopUp: инструкция загружена в FunPay, image_id=254614733
[20.09.2026 11:02:59] DEBUG · urllib3.connectionpool https://funpay.com:443 "POST /runner/ HTTP/1.1" 200 None
[20.09.2026 11:02:59] INFO · modules.apple_topup  🍎 Apple TopUp: текст и инструкция отправлены для заказа A3MGFQ4K
[20.09.2026 11:03:01] DEBUG · urllib3.connectionpool https://funpay.com:443 "GET /users/10794022/ HTTP/1.1" 200 None
[20.09.2026 11:03:02] DEBUG · urllib3.connectionpool https://funpay.com:443 "POST /runner/ HTTP/1.1" 200 None
[20.09.2026 11:03:02] DEBUG · modules.apple_topup  🍎 Apple TopUp DEBUG: сообщение собственного аккаунта пропущено: author='Slavikbebryan'
[20.09.2026 11:03:02] DEBUG · modules.apple_topup  🍎 Apple TopUp DEBUG: сообщение собственного аккаунта пропущено: author='Slavikbebryan'
[20.09.2026 11:03:05] DEBUG · urllib3.connectionpool https://funpay.com:443 "GET /users/10794022/ HTTP/1.1" 200 None
[20.09.2026 11:03:05] DEBUG · urllib3.connectionpool https://funpay.com:443 "POST /runner/ HTTP/1.1" 200 None
[20.09.2026 11:03:08] DEBUG · urllib3.connectionpool https://funpay.com:443 "GET /users/10794022/ HTTP/1.1" 200 None
[20.09.2026 11:03:10] DEBUG · urllib3.connectionpool https://funpay.com:443 "POST /runner/ HTTP/1.1" 200 None
[20.09.2026 11:03:12] DEBUG · urllib3.connectionpool https://funpay.com:443 "GET /users/10794022/ HTTP/1.1" 200 None
[20.09.2026 11:03:13] DEBUG · urllib3.connectionpool https://funpay.com:443 "POST /runner/ HTTP/1.1" 200 None
[20.09.2026 11:03:15] DEBUG · urllib3.connectionpool https://funpay.com:443 "GET /users/10794022/ HTTP/1.1" 200 None
[20.09.2026 11:03:18] DEBUG · urllib3.connectionpool https://funpay.com:443 "POST /runner/ HTTP/1.1" 200 None
[20.09.2026 11:03:18] DEBUG · urllib3.connectionpool https://funpay.com:443 "GET /users/10794022/ HTTP/1.1" 200 None
